time,value,kalman_value
1865.0417,6855,6781.271362570704
1865.2083,6585,6719.830831379624
1865.375,6655,6703.333910648419
1865.5417,6715,6702.948293466687
1865.625,6705,6698.54544077385
1865.7083,6665,6691.991068338963
1865.7917,6695,6694.43371868373
1865.875,6705,6696.687608589742
1865.9583,6575,6696.170701359001
1866.0417,6855,6736.044027914594
1866.125,6895,6736.265363775051
1866.2917,6525,6683.575154227191
1866.375,6635,6683.743329421729
1866.4583,6645,6700.159281090177
1866.5417,6785,6734.9616597886825
1866.625,6805,6753.084591750084
1866.7083,6805,6753.90238762818
1866.7917,6565,6737.687646049002
1866.9583,6925,6779.035453152825
1867.0417,6685,6771.728411307588
1867.125,6905,6793.330839898215
1867.2917,6845,6777.71021512158
1867.375,6605,6739.6596620521395
1867.4583,6705,6746.495663000079
1867.5417,6825,6767.16355161471
1867.625,6685,6768.552624100912
1867.7083,6805,6797.792571287418
1867.7917,6865,6824.630042236395
1867.875,6965,6838.010860597503
1867.9583,6815,6809.061965824446
1868.0417,6655,6778.133726326205
1868.125,6955,6788.250062270032
1868.2083,6715,6742.783085637203
1868.2917,6645,6706.577137550108
1868.375,6605,6690.896901979716
1868.4583,6705,6703.848967069229
1868.5417,6705,6716.417354515152
1868.625,6765,6732.791526799458
1868.7083,6695,6738.42954135025
1868.7917,6875,6758.544069684458
1868.875,6805,6739.839954580152
1868.9583,6705,6699.415824335898
1869.0417,6575,6657.13030220361
1869.2917,6525,6642.221547472524
1869.375,6645,6666.386641898947
1869.4583,6725,6697.680616958353
1869.5417,6645,6719.868131003877
1869.625,6735,6767.011688717361
1869.7083,6865,6824.825809336631
1869.7917,6985,6869.248533068113
1869.875,7125,6875.087434488965
1869.9583,6775,6797.6221474061385
1870.0417,6635,6727.697576125358
1870.2083,6625,6688.672196886363
1870.2917,6605,6670.870883276157
1870.375,6655,6675.026530758003
1870.4583,6685,6685.857688492517
1870.5417,6645,6696.974742391203
1870.625,6775,6725.41671042029
1870.7083,6765,6737.3309152561405
1870.7917,6865,6740.022091844037
1870.875,6755,6701.05396571328
1870.9583,6585,6644.1038281536175
1871.0417,6485,6606.854966645161
1871.125,6565,6610.224427351757
1871.2083,6605,6628.668697175606
1871.2917,6675,6655.002532724657
1871.375,6665,6674.670545848594
1871.4583,6725,6697.562074255396
1871.5417,6755,6711.307627413995
1871.625,6725,6710.489056377259
1871.7083,6725,6704.833504132942
1871.7917,6645,6692.455786599607
1871.875,6685,6695.896664599473
1871.9583,6775,6702.969764132497
1872.0417,6645,6686.03278504302
1872.2083,6645,6682.7734009678825
1872.2917,6705,6692.105150548706
1872.375,6675,6697.1386169790985
1872.4583,6665,6709.551622402524
1872.5417,6745,6736.81516862679
1872.625,6745,6761.350437726654
1872.7083,6945,6791.335852735402
1872.7917,6745,6770.099885322617
1872.875,6825,6757.2305463507055
1872.9583,6685,6721.771389495695
1873.0417,6745,6698.569362472583
1873.125,6525,6659.890456273664
1873.2917,6585,6666.1750354993
1873.375,6695,6699.51795989137
1873.4583,6745,6734.366870913897
1873.5417,6755,6765.67140557439
1873.625,6825,6800.533075426345
1873.7083,6875,6827.239103753748
1873.7917,6865,6838.024833332401
1873.875,6865,6839.81884068852
1873.9583,6885,6833.219128274146
1874.0417,6925,6809.359125284488
1874.125,6585,6746.952164056325
1874.2083,6785,6738.5292575136045
1874.2917,6695,6714.616103475419
1874.375,6585,6697.241650595706
1874.4583,6725,6717.281081247896
1874.5417,6705,6734.747538982717
1874.625,6805,6762.129843045111
1874.7083,6805,6775.222094789207
1874.7917,6875,6778.388378129706
1874.875,6745,6749.350787513441
1874.9583,6735,6721.763459401656
1875.0417,6704,6689.763951090423
1875.2083,6565,6653.019093142664
1875.2917,6591,6645.613932909126
1875.375,6660,6656.41341697863
1875.4583,6668,6666.017373374344
1875.5417,6656,6674.960454228173
1875.625,6704,6690.223686491393
1875.7083,6733,6700.894814251744
1875.7917,6617,6700.864213429343
1875.875,6801,6728.788350416724
1875.9583,6770,6732.641937543013
1876.125,6685,6724.042837183641
1876.2083,6885,6728.4580158854815
1876.2917,6555,6680.692533215816
1876.375,6575,6674.82456161809
1876.4583,6685,6702.231443893061
1876.5417,6765,6735.382140799052
1876.625,6785,6758.660217971394
1876.7083,6855,6773.158367800867
1876.7917,6745,6760.375973563963
1876.875,6685,6752.718903848379
1876.9583,6625,6767.634802082256
1877.125,7065,6830.095634343552
1877.2083,6885,6814.255011386031
1877.2917,6675,6774.832725557187
1877.375,6705,6768.688014914072
1877.4583,6765,6783.772642575646
1877.5417,6825,6805.114817762437
1877.625,6845,6819.82859887004
1877.7083,6825,6826.151912934323
1877.7917,6905,6832.859197976713
1877.875,6865,6815.519549011342
1877.9583,6725,6781.686416383083
1878.0417,6805,6766.748755882519
1878.125,6635,6739.060680676128
1878.375,6715,6746.059499028447
1878.4583,6765,6763.411483723582
1878.5417,6845,6780.233962993244
1878.625,6765,6775.467763260654
1878.7083,6865,6774.190817948282
1878.7917,6745,6742.644145285336
1878.875,6705,6710.312187717502
1878.9583,6725,6679.750959388834
1879.0417,6525,6634.106717523112
1879.125,6615,6624.831381498427
1879.2083,6545,6618.833172639885
1879.2917,6615,6637.44602132797
1879.375,6605,6663.540877125378
1879.4583,6765,6709.149358631245
1879.5417,6815,6736.140959680861
1879.625,6745,6736.846213957429
1879.7083,6735,6734.833539553141
1879.7917,6775,6732.7653783332335
1879.875,6755,6716.619009891071
1879.9583,6675,6687.678978079266
1880.0417,6615,6662.965272293883
1880.125,6695,6654.239990606461
1880.2083,6525,6631.928039121193
1880.2917,6625,6645.25876734299
1880.375,6625,6665.342418012449
1880.4583,6735,6698.873541352725
1880.5417,6735,6720.362511810576
1880.625,6705,6736.972319538619
1880.7083,6745,6764.239567112868
1880.7917,6845,6797.920003724739
1880.875,6915,6815.907108244856
1880.9583,7085,6800.863248846594
1881.125,6493,6691.107139063862
1881.2083,6595,6647.386742302417
1881.2917,6523,6621.128592975111
1881.375,6531,6627.579974639509
1881.4583,6659,6666.224681183743
1881.5417,6729,6707.2776147892255
1881.625,6886,6741.08975332445
1881.7083,6638,6726.598476301157
1881.7917,6749,6741.640024711583
1881.875,6799,6754.22824802587
1881.9583,6765,6751.892554015447
1882.0417,6750,6745.187711343506
1882.125,6785,6736.878772452733
1882.2083,6750,6712.529424379538
1882.2917,6550,6675.689884432856
1882.375,6620,6680.74697263046
1882.4583,6740,6706.053051704883
1882.5417,6700,6720.0434813475995
1882.625,6915,6740.715071439516
1882.7083,6655,6703.291685344603
1882.7917,6625,6681.965527697892
1882.875,6805,6679.627879283811
1882.9583,6520,6635.499523964335
1883.0417,6600,6629.871009966303
1883.125,6560,6634.199499290372
1883.2083,6525,6663.261155044565
1883.875,6860,6738.409862480281
1883.9583,6945,6773.02852407609
1884.0417,6895,6750.32336036393
1884.2083,6505,6679.3926501064125
1884.375,6635,6666.592823217698
1884.4583,6655,6664.32393740155
1884.5417,6635,6665.163030719253
1884.625,6615,6676.056467610039
1884.7083,6685,6707.30206037084
1884.7917,6875,6745.9816732552545
1884.9583,6835,6741.655177224753
1885.125,6690,6706.213740269169
1885.2083,6665,6676.176883403307
1885.2917,6532,6649.865654338549
1885.375,6691,6662.842976719972
1885.4583,6653,6666.434624674721
1885.5417,6616,6674.504480854376
1885.625,6725,6702.075830652157
1885.7083,6758,6722.005790667322
1885.7917,6820,6729.937680904928
1885.875,6565,6707.848798110845
1885.9583,6879,6733.3761813537085
1886.0417,6704,6710.362291714476
1886.2917,6586,6689.469165980068
1886.4583,6716,6703.065762239017
1886.5417,6731,6712.350945910971
1886.625,6715,6715.419778219915
1886.7083,6715,6718.628536602165
1886.875,6731,6723.046807185136
1886.9583,6917,6724.814013496485
1887.125,6543,6662.519224306663
1887.2083,6593,6640.064176552394
1887.2917,6580,6633.297187648924
1887.375,6613,6644.295927961761
1887.4583,6636,6665.726644261851
1887.5417,6675,6697.066241982559
1887.625,6770,6735.761253697453
1887.7083,6784,6763.043349978165
1887.7917,6932,6783.339896251598
1887.875,6704,6754.083074608897
1887.9583,6882,6741.520611169161
1888.0417,6640,6682.131684785813
1888.2083,6523,6636.786653331071
1888.2917,6562,6629.370506320019
1888.375,6626,6644.411194748973
1888.4583,6586,6665.5889480942515
1888.5417,6818,6713.296350804281
1888.625,6791,6726.1025371157375
1888.7083,6650,6717.276235799107
1888.7917,6823,6730.875346415512
1888.875,6665,6713.76623917042
1888.9583,6735,6712.912544982134
1889.0417,6622,6704.696365787893
1889.125,6893,6724.0456418562835
1889.2083,6677,6687.076798543436
1889.2917,6564,6653.4668880784
1889.375,6573,6649.679273639497
1889.4583,6629,6671.451417080428
1889.5417,6724,6707.374032881501
1889.625,6826,6737.754659643075
1889.7083,6821,6738.720172952339
1889.7917,6616,6712.259077245717
1889.875,6749,6717.884340621001
1889.9583,6648,6713.137717536619
1890.0417,6838,6730.103666964443
1890.2083,6708,6711.104172047081
1890.2917,6649,6693.139401145413
1890.375,6651,6689.887763958884
1890.4583,6674,6699.598714758648
1890.5417,6763,6717.842570477963
1890.625,6728,6721.033949689932
1890.7083,6638,6721.903312131879
1890.7917,6945,6750.740445284452
1890.875,6686,6714.824393531843
1891.0417,6668,6688.516472956515
1891.125,6529,6669.047376700026
1891.2083,6815,6696.260739343545
1891.375,6626,6683.894348434912
1891.4583,6622,6690.82607367125
1891.5417,6748,6720.699823464672
1891.625,6803,6741.473514412984
1891.7083,6778,6741.738376832291
1891.7917,6689,6729.916031529028
1891.875,6664,6731.732363402109
1891.9583,6889,6756.1261497425585
1892.0417,6785,6736.228652663861
1892.125,6729,6700.074039806451
1892.2083,6518,6654.2774402178575
1892.2917,6617,6653.906654035217
1892.375,6646,6665.838085864316
1892.4583,6712,6684.38221298152
1892.5417,6681,6693.720411092564
1892.625,6723,6707.298746234464
1892.7083,6726,6715.643330121184
1892.7917,6756,6720.535690714965
1892.875,6653,6713.606614880402
1892.9583,6805,6726.879744005973
1893.0417,6641,6714.112787800202
1893.125,6786,6725.7167608611635
1893.2083,6799,6717.226320875846
1893.2917,6576,6681.477987849144
1893.375,6637,6680.888984105489
1893.4583,6664,6694.92964173033
1893.5417,6687,6719.280179931949
1893.625,6756,6754.390778110883
1893.7083,6828,6788.964968993444
1893.7917,6957,6810.52748287382
1893.875,6803,6783.265824378804
1893.9583,6748,6749.426107343388
1894.0417,6615,6716.061759422436
1894.125,6842,6716.384664642294
1894.2083,6659,6674.835791409585
1894.2917,6519,6638.565515313404
1894.375,6576,6642.150410988357
1894.4583,6674,6667.78544365943
1894.5417,6683,6691.348957550312
1894.625,6786,6717.695457291298
1894.7083,6718,6721.273776129384
1894.7917,6671,6725.943353677264
1894.875,6795,6748.927382450898
1894.9583,6956,6756.553872041499
1895.125,6553,6697.698318979265
1895.2083,6661,6687.075538910121
1895.2917,6672,6685.144605144351
1895.375,6643,6687.595206426698
1895.4583,6658,6704.910876517943
1895.5417,6812,6737.863505448502
1895.625,6770,6746.103969528563
1895.7083,6706,6746.379090118144
1895.7917,6887,6760.113907413772
1895.875,6624,6731.553360513992
1895.9583,6830,6738.843933785542
1896.0417,6728,6715.749151652272
1896.125,6548,6688.5707534030935
1896.2083,6779,6708.249272954946
1896.2917,6704,6704.344216825114
1896.375,6657,6700.553899636986
1896.4583,6716,6711.28154899452
1896.5417,6730,6720.436381350228
1896.625,6731,6726.403340822678
1896.7083,6818,6730.838080569354
1896.7917,6717,6706.218847172481
1896.875,6677,6678.005896166435
1896.9583,6602,6650.128243882536
1897.0417,6531,6638.293339559481
1897.125,6682,6662.222881756253
1897.2083,6732,6679.56005120511
1897.2917,6615,6679.417237722336
1897.375,6732,6700.746836813674
1897.4583,6672,6711.658714842904
1897.5417,6782,6735.790164486437
1897.625,6736,6744.518335625447
1897.7083,6851,6756.085951972941
1897.7917,6669,6736.0155523114145
1897.875,6703,6738.283670087026
1897.9583,6703,6752.31301122498
1898.0417,6843,6782.7800227712605
1898.125,6999,6793.173708574627
1898.2083,6635,6734.958630569537
1898.2917,6582,6710.063096087624
1898.375,6765,6727.855260301586
1898.4583,6704,6733.265844616077
1898.5417,6837,6748.431710469259
1898.625,6751,6734.0748131455275
1898.7083,6734,6714.076186870306
1898.7917,6586,6687.436289551853
1898.875,6643,6694.608488750685
1899.0417,6837,6718.983517533078
1899.125,6676,6704.019718826498
1899.2083,6701,6698.395826395417
1899.2917,6686,6691.903876096142
1899.375,6647,6687.379884495582
1899.4583,6666,6696.315854393548
1899.5417,6703,6715.357109089363
1899.625,6700,6738.5174001483
1899.7083,6901,6774.516824590003
1899.7917,6773,6768.355190561707
1899.875,6927,6760.645286720647
1899.9583,6571,6697.483811786469
1900.0417,6693,6676.483607447782
1900.125,6609,6649.977938925021
1900.2083,6599,6637.131583377266
1900.2917,6593,6636.995755621933
1900.375,6634,6651.525179740578
1900.4583,6637,6671.8963304394165
1900.5417,6714,6703.899591284727
1900.625,6707,6732.536049224946
1900.7083,6812,6769.68452357348
1900.7917,6960,6792.727839113174
1900.875,6650,6760.013767690592
1900.9583,6907,6763.970952164875
1901.0417,6716,6720.251787360781
1901.125,6658,6677.949885010283
1901.2083,6547,6642.297944329878
1901.2917,6651,6638.411985092766
1901.375,6546,6630.330020886577
1901.4583,6661,6650.358063642579
1901.5417,6609,6666.83879427944
1901.625,6738,6702.599123009448
1901.7083,6653,6726.559159409272
1901.7917,6793,6775.038915612186
1901.875,6932,6817.53164368583
1901.9583,6814,6821.868252988084
1902.0417,7043,6828.827613286367
1902.2083,6755,6764.396178013438
1902.2917,6513,6703.096802078321
1902.375,6725,6705.163026835979
1902.4583,6647,6700.616927205629
1902.5417,6770,6713.943136643822
1902.625,6728,6708.58372496329
1902.7083,6596,6696.752221603853
1902.7917,6666,6718.504792112368
1903.0417,6765,6757.758959991671
1903.125,6947,6794.599447868199
1903.2083,6726,6780.639751700793
1903.2917,6908,6784.893306100318
1903.375,6646,6748.111295866616
1903.4583,6645,6745.36638425512
1903.5417,6787,6776.076934061995
1903.625,6890,6803.146461889537
1903.7083,6730,6801.264810346925
1903.7917,6884,6823.13809558662
1903.875,6984,6824.724079355188
1904.0417,6680,6773.2180895754855
1904.125,6745,6752.784796320944
1904.2917,6754,6734.946435173384
1904.375,6658,6710.756885750285
1904.4583,6691,6704.152964910614
1904.5417,6642,6701.933365707814
1904.625,6722,6719.691555074286
1904.7917,6727,6736.680262798854
1904.875,6856,6756.895724789706
1904.9583,6800,6744.076428377126
1905.0417,6725,6712.615941423588
1905.125,6704,6677.02743494458
1905.2083,6504,6632.448073447097
1905.2917,6641,6630.684736431981
1905.375,6569,6625.482978227525
1905.4583,6602,6639.108879432243
1905.5417,6701,6665.104407114376
1905.625,6662,6679.1347371679685
1905.7083,6672,6698.87664627755
1905.7917,6812,6727.577437479648
1906.0417,6731,6728.1373745082965
1906.125,6676,6727.743103039711
1906.2083,6862,6744.596532584362
1906.4583,6641,6722.315472990466
1906.5417,6724,6727.139571060059
1906.625,6753,6733.0101928163385
1906.7083,6685,6732.2175455113975
1906.7917,6723,6747.16408004359
1906.875,6798,6770.165307923645
1906.9583,6887,6783.888305111582
1907.0417,6767,6763.240737336712
1907.125,6777,6741.340082007414
1907.2083,6685,6707.552787347253
1907.2917,6595,6681.28308846951
1907.375,6645,6683.774419081604
1907.4583,6715,6699.190556054233
1907.5417,6715,6709.336878378272
1907.625,6814,6717.595493495069
1907.7083,6647,6693.719273110221
1907.7917,6665,6685.416143762114
1907.875,6617,6683.918395668045
1907.9583,6677,6704.726779463325
1908.0417,6770,6734.777423079713
1908.125,6914,6753.087207722672
1908.2917,6666,6717.759394939855
1908.375,6660,6699.684713803656
1908.4583,6660,6694.838270602009
1908.5417,6697,6701.6045842676995
1908.625,6794,6709.905759355956
1908.7083,6672,6690.175520896198
1908.7917,6529,6676.503789401839
1908.875,6854,6711.999987708093
1908.9583,6641,6700.162848583711
1909.0417,6813,6708.046658987233
1909.125,6645,6680.946022386499
1909.2083,6601,6665.8273932479315
1909.2917,6666,6672.317895192008
1909.375,6601,6680.914362200087
1909.4583,6684,6716.14894994153
1909.5417,6840,6762.099854330148
1909.625,6809,6782.084043495483
1909.7083,6767,6793.09624715931
1909.7917,6838,6812.807199876242
1909.875,6877,6824.120552551921
1909.9583,6812,6817.807422744907
1910.0417,6923,6813.430100519528
1910.125,6785,6772.529478467327
1910.2083,6614,6727.472015904234
1910.2917,6694,6720.238558642552
1910.375,6673,6721.751287595053
1910.4583,6746,6739.5144457459055
1910.5417,6809,6755.115752478726
1910.625,6751,6752.7556433711225
1910.7083,6754,6750.98074872056
1910.7917,6610,6748.19943697685
1910.875,6921,6791.484604225424
1910.9583,6815,6791.597972882472
1911.0417,6727,6783.910665833679
1911.125,6969,6795.193580729445
1911.2083,6639,6748.541022535026
1911.2917,6738,6738.40213851895
1911.375,6671,6728.397300675856
1911.4583,6722,6737.524896391381
1911.5417,6726,6751.827457570699
1911.625,6800,6774.739171273584
1911.7083,6829,6789.230608734331
1911.7917,6784,6790.465582439855
1911.875,6869,6793.8557502919975
1911.9583,6775,6772.197834908139
1912.0417,6578,6749.605864493659
1912.125,6826,6784.2158489103995
1912.2083,6879,6804.897782963939
1912.2917,6803,6800.8789780054585
1912.375,6778,6796.153165715465
1912.4583,6774,6797.478408663959
1912.5417,6741,6806.629787833774
1912.625,6875,6837.657762948178
1912.7083,6859,6856.238325711976
1912.7917,6818,6873.898330379766
1912.875,7035,6910.191111840812
1912.9583,7077,6904.880930582127
1913.125,6773,6842.197726184152
1913.2083,6837,6802.580430514228
1913.2917,6669,6751.489945015714
1913.375,6593,6727.89610785577
1913.4583,6774,6749.267639981084
1913.5417,6796,6762.395052100093
1913.625,6771,6764.320814919134
1913.7083,6668,6764.020182711219
1913.7917,6764,6795.726278073709
1913.9583,7072,6838.007799460769
1914.0417,6740,6802.291920668086
1914.125,6783,6787.340015431432
1914.2083,6803,6773.834782005256
1914.2917,6698,6750.607809247498
1914.375,6706,6744.9167729055725
1914.4583,6719,6752.197994198838
1914.5417,6803,6770.545213558384
1914.625,6710,6778.074170770724
1914.7083,6924,6808.294518239973
1914.7917,6685,6799.946371789212
1914.875,6902,6829.913682601523
1914.9583,6928,6835.852220947674
1915.0417,6915,6811.074832943051
1915.125,6626,6751.655722586111
1915.2083,6751,6734.121853091207
1915.2917,6672,6710.961934626706
1915.375,6624,6700.789327704441
1915.4583,6675,6716.213163350323
1915.5417,6808,6745.374720112979
1915.625,6827,6753.661183579961
1915.7083,6731,6737.501374906931
1915.7917,6539,6723.508691202877
1915.875,6885,6771.018904566449
1915.9583,6850,6780.5354194521715
1916.125,6766,6766.897074155285
1916.2083,6723,6753.557753576825
1916.2917,6735,6750.404350857309
1916.375,6706,6752.385731756895
1916.4583,6808,6769.829023242114
1916.5417,6747,6774.548655808037
1916.625,6827,6788.451173643307
1916.7083,6802,6789.504082693013
1916.7917,6848,6786.391685973721
1916.875,6733,6762.743184579003
1916.9583,6872,6749.009078043953
1917.0417,6608,6694.277997523554
1917.125,6602,6668.306249511006
1917.2083,6602,6664.436584668793
1917.2917,6737,6681.379114716178
1917.375,6579,6679.781349668957
1917.4583,6682,6711.777367844721
1917.5417,6753,6753.699175302059
1917.625,6784,6795.854041193416
1917.7083,6892,6841.960254149245
1917.7917,6962,6871.386551821489
1917.875,6965,6870.608366767563
1917.9583,6827,6838.366303969491
1918.0417,6871,6809.91300916125
1918.125,6756,6761.097384073424
1918.2917,6613,6713.980887010074
1918.375,6558,6700.524685616749
1918.4583,6785,6734.576712762339
1918.5417,6750,6751.8209774953775
1918.625,6767,6769.672234726875
1918.7083,6921,6788.414236867331
1918.7917,6744,6762.96098463023
1918.875,6661,6743.828060603206
1918.9583,6929,6752.304490110584
1919.0417,6603,6701.88241632149
1919.125,6644,6684.421147972893
1919.2083,6686,6680.43359561526
1919.2917,6647,6674.590575129381
1919.375,6528,6677.944413019963
1919.4583,6836,6731.279721917199
1919.5417,6743,6749.708271453501
1919.625,6825,6770.372911474304
1919.7083,6820,6772.828521986541
1919.7917,6730,6759.560306494292
1919.875,6634,6756.14552650014
1919.9583,6834,6793.4459220060335
1920.0417,6935,6817.228291513939
1920.125,6871,6801.753424859826
1920.2083,6702,6763.1963664923205
1920.2917,6733,6745.038096955588
1920.375,6667,6730.892526404052
1920.4583,6712,6738.044464653866
1920.5417,6813,6753.877891121636
1920.625,6829,6750.003947963284
1920.7083,6768,6719.79798745936
1920.7917,6536,6673.52468944189
1920.875,6643,6673.092954571715
1920.9583,6654,6682.69220455878
1921.2083,6758,6701.855522732105
1921.2917,6661,6702.304015149464
1921.375,6655,6716.520512616645
1921.4583,6829,6751.243847622707
1921.5417,6743,6760.0484651696715
1921.625,6811,6774.53590443986
1921.7083,6751,6776.868645190002
1921.7917,6938,6787.824267670144
1921.875,6727,6748.721312707
1922.125,6611,6716.858795312856
1922.2083,6737,6720.282543022999
1922.2917,6661,6718.133805074141
1922.375,6729,6735.029668816663
1922.4583,6777,6753.935422164739
1922.5417,6805,6765.152982901062
1922.625,6765,6763.088204604406
1922.7083,6750,6760.386161175886
1922.7917,6609,6761.146171472659
1922.875,6960,6812.621572260319
1922.9583,6904,6814.970830468085
1923.0417,6925,6787.64369883188
1923.2083,6533,6714.531133472968
1923.2917,6561,6701.928945938378
1923.375,6709,6736.303073716582
1923.4583,6863,6779.778226066979
1923.5417,6765,6795.51278710637
1923.625,6866,6821.418277181217
1923.7083,6782,6832.463192983137
1923.7917,7005,6860.329173112768
1923.875,6917,6839.97154427999
1923.9583,6818,6793.937763540541
1924.0417,6609,6739.883237314605
1924.125,6725,6729.4564568602045
1924.2083,6717,6720.515162025873
1924.2917,6678,6712.7455878668325
1924.375,6666,6716.55787633007
1924.4583,6721,6737.222790236665
1924.5417,6790,6763.295300888815
1924.625,6784,6780.46624517057
1924.7083,6889,6796.459271175849
1924.7917,6747,6781.605387573077
1924.875,6722,6778.28663316133
1924.9583,6788,6793.730089803361
1925.0417,6930,6811.083576379844
1925.125,6813,6788.798255082942
1925.2083,6741,6758.445685480354
1925.2917,6654,6733.908344371218
1925.375,6640,6736.007118052487
1925.4583,6833,6770.10826441792
1925.5417,6717,6783.245498922658
1925.625,6818,6818.464566401616
1925.7083,6950,6853.83848934778
1925.7917,6881,6857.158575409869
1925.875,6846,6852.531519941914
1925.9583,6997,6850.08163778793
1926.0417,6715,6798.658968229924
1926.125,6679,6775.122621415225
1926.2083,6877,6783.6271484056015
1926.2917,6663,6761.00739153118
1926.375,6731,6771.056765167151
1926.4583,6781,6794.4583938588385
1926.5417,6850,6822.3461538368065
1926.625,6865,6841.01596509371
1926.7083,6853,6851.691098048517
1926.7917,6965,6861.9299303528305
1926.875,6775,6837.812072774753
1926.9583,6901,6834.63157278826
1927.0417,6839,6809.328263731188
1927.125,6643,6774.134375917844
1927.2083,6725,6782.651946743782
1927.2917,6931,6810.38683315098
1927.375,6761,6797.917330608505
1927.4583,6783,6797.753604935532
1927.5417,6769,6802.507747574403
1927.625,6845,6818.431139404742
1927.7083,6894,6825.498244369995
1927.7917,6907,6809.731430791912
1927.875,6709,6761.541760811134
1927.9583,6546,6730.866011100733
1928.0417,6861,6761.812265090577
1928.125,6809,6759.695940777279
1928.2917,6659,6741.144930056408
1928.375,6687,6749.975562687673
1928.4583,6825,6779.798049548162
1928.5417,6826,6794.553219591372
1928.625,6832,6798.826129498373
1928.7083,6793,6792.041082571498
1928.7917,6851,6784.936396501788
1928.9583,6783,6755.810509266009
1929.0417,6614,6717.621458452232
1929.2083,6684,6713.9728937892
1929.2917,6720,6720.315293722567
1929.375,6637,6726.762791563457
1929.4583,6817,6763.131219925498
1929.5417,6759,6781.543388262706
1929.625,6779,6807.4700193541485
1929.7083,6871,6842.886656896974
1929.7917,6988,6868.9321800721245
1929.875,6842,6855.288429937983
1929.9583,6952,6846.074156449836
1930.0417,6836,6801.551268444967
1930.2083,6664,6745.545469921754
1930.2917,6605,6716.721494705793
1930.375,6687,6725.138017725096
1930.4583,6675,6746.267213319431
1930.5417,6847,6791.15214668691
1930.625,6865,6817.4211289500245
1930.7083,6787,6827.830487529814
1930.7917,6986,6851.850008619541
1931.0417,6973,6831.152865915781
1931.125,6657,6763.173345183948
1931.2083,6631,6730.584939513431
1931.2917,6691,6731.191513680725
1931.375,6695,6745.195259074926
1931.4583,6741,6775.930757494103
1931.5417,6895,6818.309841744648
1931.625,6838,6835.125539910076
1931.7083,6866,6850.983084712197
1931.7917,6985,6861.834991085049
1931.875,6705,6831.631894486252
1931.9583,6979,6843.6394293828735
1932.0417,6875,6810.5267740737845
1932.125,6636,6755.923043455957
1932.2083,6637,6741.293660656781
1932.2917,6802,6761.428831409866
1932.375,6757,6768.040279299573
1932.4583,6747,6778.331820289138
1932.5417,6827,6799.067301375081
1932.625,6751,6810.491882919386
1932.7083,6923,6841.7470921034865
1932.7917,6975,6845.917998655416
1932.875,6809,6807.061571425818
1932.9583,6718,6767.55900133816
1933.0417,6669,6744.576098363221
1933.125,6794,6746.7852281760215
1933.2083,6671,6733.256100714163
1933.2917,6727,6740.4790068236925
1933.375,6733,6752.194915207786
1933.4583,6793,6770.309128661142
1933.5417,6797,6780.8597183348775
1933.625,6838,6786.03021412024
1933.7083,6734,6773.877447945683
1933.7917,6879,6775.017164419687
1933.875,6719,6741.4959357002535
1933.9583,6573,6715.473352214238
1934.0417,6799,6736.941886132968
1934.125,6833,6737.724382096021
1934.2083,6660,6706.748338757749
1934.2917,6574,6691.355075005392
1934.375,6717,6715.080169588166
1934.4583,6718,6738.165320700329
1934.5417,6790,6767.972245379268
1934.625,6781,6790.4365851846305
1934.7083,6780,6816.046453384869
1934.7917,7058,6853.67180604673
1934.875,6785,6823.187760724168
1934.9583,6699,6805.432968976329
1935.0417,6822,6823.155833553934
1935.125,7021,6841.263975982851
1935.2917,6787,6799.46011040605
1935.375,6600,6761.8096149646
1935.4583,6711,6778.095657844682
1935.5417,6901,6816.746920006325
1935.625,6720,6827.3138221700765
1935.7083,6977,6873.65199839052
1935.7917,7041,6885.540840741137
1935.875,6765,6845.609963338799
1935.9583,6817,6832.549073716062
1936.0417,6937,6824.671208665344
1936.125,6741,6779.350413169743
1936.2083,6619,6746.8130887307225
1936.2917,6838,6756.880127201943
1936.375,6634,6739.90720807381
1936.4583,6729,6758.2366916369465
1936.5417,6817,6786.311739079066
1936.625,6800,6804.157366214207
1936.7083,6752,6823.388782087418
1936.7917,7057,6866.416458656434
1936.875,6787,6845.916288110928
1936.9583,6977,6845.054880269064
1937.2083,6700,6800.211765850221
1937.2917,6763,6788.772573381452
1937.375,6713,6785.924238706501
1937.4583,6832,6807.383983600382
1937.5417,6866,6820.63838969439
1937.625,6793,6818.772259019862
1937.7083,6891,6825.496881351954
1937.7917,6740,6810.387130801364
1937.875,6870,6818.739757184561
1937.9583,6692,6810.005635962612
1938.0417,7002,6840.6067267282015
1938.125,6749,6817.410059736524
1938.2083,6841,6817.016745990354
1938.2917,6849,6808.629014240969
1938.375,6700,6786.784287238573
1938.4583,6823,6793.867655982367
1938.5417,6736,6791.240243386951
1938.625,6795,6807.026245253852
1938.7083,6753,6826.820995538704
1938.7917,7016,6871.222744336457
1938.875,6962,6867.365407913029
1939.0417,6804,6831.963207460612
1939.125,6800,6805.88207616173
1939.2083,6763,6781.761636916758
1939.2917,6790,6763.895076644039
1939.375,6646,6737.3268752526665
1939.4583,6733,6741.200965612182
1939.5417,6784,6747.808711175759
1939.625,6738,6742.352693797921
1939.7083,6774,6738.347574352725
1939.7917,6584,6722.458313025104
1939.875,6903,6752.72182270585
1939.9583,6749,6732.89260662188
1940.0417,6522,6707.69425941187
1940.2083,6856,6744.393998672484
1940.2917,6721,6743.891737490591
1940.375,6717,6751.02005547223
1940.4583,6723,6769.488391944612
1940.5417,6808,6803.452859065199
1940.625,6956,6835.901612540852
1940.7083,6964,6828.317570196788
1940.7917,6685,6775.506051251655
1940.9583,6782,6752.863216057072
1941.125,6698,6720.508119548181
1941.2083,6691,6695.65572955535
1941.2917,6562,6672.355249414304
1941.375,6638,6685.839852411358
1941.4583,6720,6715.271072878866
1941.5417,6736,6743.125984305996
1941.625,6894,6773.356223835124
1941.7083,6731,6763.371871309294
1941.7917,6951,6764.178142553228
1942.125,6535,6702.710461314906
1942.2917,6574,6697.1462671815525
1942.375,6729,6732.630828775383
1942.4583,6772,6769.325666627673
1942.5417,6843,6805.129060022521
1942.625,6781,6828.30880675821
1942.7083,6872,6867.2581557466365
1942.7917,7006,6904.626889983941
1942.875,6969,6908.204587549225
1942.9583,6951,6891.517147630918
1943.0417,6734,6855.00209025625
1943.125,6986,6858.821062966999
1943.2083,6684,6820.247056666748
1943.2917,6957,6827.08873592208
1943.375,6665,6790.6266604847715
1943.4583,6765,6796.0401385423875
1943.5417,6804,6811.800329447465
1943.625,6905,6830.160630168363
1943.7083,6802,6823.574474278716
1943.7917,6783,6824.179809815307
1943.875,6937,6838.511748623668
1943.9583,6755,6820.014270306583
1944.125,6827,6823.188215425026
1944.2083,6916,6825.091565685145
1944.2917,6718,6796.692104506979
1944.375,6777,6794.523344831139
1944.4583,6804,6798.195700099011
1944.5417,6787,6799.933288733221
1944.625,6767,6805.981973611838
1944.7083,6864,6825.024649694402
1944.7917,6754,6831.075542341766
1944.875,6983,6862.818282436386
1944.9583,6864,6854.5004500098
1945.0417,6794,6843.0161009198155
1945.125,6875,6847.870452136436
1945.2083,6865,6843.681620731868
1945.2917,6821,6832.38666290459
1945.375,6763,6824.887259378841
1945.4583,6852,6838.016942312706
1945.5417,6856,6846.485606017473
1945.625,6890,6851.782805061399
1945.7083,6800,6844.34093912579
1945.7917,6884,6851.679386232112
1945.875,6841,6848.244295415804
1945.9583,6904,6847.223969738098
1946.0417,6800,6827.2783006397585
1946.2917,6803,6816.425398421339
1946.375,6731,6810.047629010032
1946.4583,6889,6830.019069268736
1946.5417,6819,6830.330199283684
1946.625,6852,6834.418062393193
1946.7083,6937,6832.645279633766
1946.7917,6768,6796.0875900855945
1946.875,6769,6768.892430565954
1946.9583,6678,6741.661414568299
1947.2917,6831,6735.65087009341
1947.375,6528,6697.857282316324
1947.4583,6734,6716.68278864468
1947.5417,6739,6729.735891187928
1947.625,6685,6739.700957460486
1947.7083,6870,6767.899676219872
1947.7917,6647,6762.064953719216
1947.9583,6901,6794.5852157916315
1948.0417,6882,6791.6338831279245
1948.125,6687,6758.560511506859
1948.2083,6703,6749.340643721413
1948.2917,6745,6755.567657176437
1948.375,6689,6765.317223023607
1948.4583,6804,6800.505863211979
1948.5417,6853,6834.529791137677
1948.625,6876,6862.396982775935
1948.7083,6981,6885.729835339504
1948.7917,6902,6877.305966349573
1948.875,6828,6860.650752809501
1948.9583,6799,6854.879123539262
1949.0417,6971,6867.733868782111
1949.125,6906,6846.166570285664
1949.2083,6676,6804.6547952177725
1949.2917,6877,6806.027951889138
1949.375,6715,6783.743759190217
1949.4583,6765,6784.3741528880355
1949.5417,6777,6791.462597548531
1949.625,6820,6803.371908058538
1949.7083,6747,6809.738521254724
1949.7917,6870,6837.017974869151
1949.875,6841,6853.303420106628
1949.9583,7073,6873.690005379648
1950.0417,6675,6827.639925779217
1950.125,6911,6832.469821438525
1950.2083,6760,6811.122990910676
1950.2917,6880,6806.817157353051
1950.375,6687,6778.11704291311
1950.4583,6758,6779.789276110872
1950.5417,6758,6788.7246013455915
1950.625,6759,6807.901460362175
1950.7083,6982,6843.378806166152
1950.7917,6842,6832.649087358845
1950.875,6849,6818.802397671153
1950.9583,6781,6794.8898405405125
1951.0417,6821,6775.60723025671
1951.125,6657,6741.193696725143
1951.2083,6722,6734.844728768624
1951.2917,6759,6732.777337068313
1951.375,6639,6721.969057724105
1951.4583,6734,6738.8171309546
1951.5417,6751,6757.270914503294
1951.625,6794,6777.81500288642
1951.7083,6822,6792.964092231687
1951.7917,6642,6798.434545654181
1951.875,6914,6856.04984762807
1951.9583,7055,6894.3484321446485
1952.0417,6954,6879.096494042777
1952.125,6909,6838.876720621831
1952.2083,6600,6775.282520741494
1952.2917,6718,6770.11582777499
1952.375,6752,6782.321077400148
1952.4583,6843,6804.633352825355
1952.5417,6788,6814.156745859015
1952.625,6821,6832.399054179013
1952.7083,6914,6854.441047225348
1952.7917,6878,6856.630056013465
1952.875,6900,6851.6957501394045
1952.9583,6826,6830.6600276451445
1953.0417,6807,6811.177647699266
1953.125,6842,6793.087816986477
1953.2083,6675,6758.69392526918
1953.2917,6682,6752.19800864161
1953.375,6767,6769.101428227908
1953.4583,6756,6786.705323890176
1953.5417,6841,6814.544327515837
1953.625,6896,6833.564773646775
1953.7083,6880,6831.773477659974
1953.7917,6802,6813.906674226496
1953.875,6833,6800.00876220185
1953.9583,6778,6775.1137709111545
1954.0417,6714,6749.25670325751
1954.2083,6690,6735.151870023035
1954.2917,6690,6736.097660129572
1954.375,6675,6752.409336945967
1954.4583,6777,6794.524126077684
1954.5417,6902,6842.480290568628
1954.625,6865,6870.596551915782
1954.7083,6984,6900.578330568196
1954.7917,6969,6902.752886076675
1954.875,6824,6882.845070277379
1954.9583,7082,6882.5522779038765
1955.0417,6727,6815.776911498332
1955.125,6732,6778.593848925565
1955.2083,6682,6756.942069327987
1955.2917,6702,6760.270979506405
1955.375,6819,6783.023549520291
1955.4583,6760,6793.783969374275
1955.5417,6803,6815.805712353017
1955.625,6802,6842.096026116099
1955.7083,6921,6881.751681917881
1955.7917,6987,6908.324565025622
1955.875,6907,6908.672303141905
1955.9583,7077,6909.577475638824
1956.0417,6861,6854.67514001535
1956.2083,6668,6797.664517730325
1956.2917,6744,6783.87540135541
1956.375,6733,6783.378085432298
1956.4583,6770,6799.673464653285
1956.5417,6856,6825.859998758701
1956.625,6907,6841.999865783684
1956.7083,6792,6836.473021403228
1956.7917,6909,6845.770517490515
1956.875,6858,6833.991519407973
1956.9583,6764,6814.209694461422
1957.0417,6843,6811.164434335346
1957.125,6857,6797.5073189877185
1957.2083,6746,6764.019309969331
1957.2917,6640,6736.537737607387
1957.375,6681,6741.2354111145705
1957.4583,6741,6766.011554993278
1957.5417,6793,6799.124883869746
1957.625,6852,6834.279840702795
1957.7083,6959,6863.528077770109
1957.7917,6924,6860.952340760793
1957.875,6775,6837.360717338408
1957.9583,6822,6834.555999695493
1958.0417,6858,6835.936615284408
1958.125,6953,6829.962769301459
1958.2917,6687,6782.976513085664
1958.375,6701,6767.982427898422
1958.4583,6715,6775.315818677322
1958.5417,6848,6802.754482348661
1958.625,6823,6815.111306802889
1958.7083,6812,6824.838566858079
1958.7917,6928,6838.845349199294
1958.875,6727,6823.13391460694
1958.9583,6886,6839.467118216901
1959.0417,7035,6840.289361232495
1959.2083,6628,6776.208057992255
1959.2917,6768,6761.529440749433
1959.375,6646,6744.693970423089
1959.4583,6765,6760.756490237774
1959.5417,6808,6775.404506798384
1959.625,6800,6779.187358958456
1959.7083,6773,6776.032664104679
1959.7917,6868,6773.888857285795
1959.875,6671,6740.374669562177
1959.9583,6696,6729.985371692616
1960.0417,6798,6730.924531053928
1960.125,6721,6709.505200766549
1960.2083,6498,6684.2542707346865
1960.2917,6747,6721.088097614387
1960.375,6708,6749.2846236988835
1960.4583,6795,6791.24269101634
1960.5417,6870,6831.948322005912
1960.625,6927,6859.970060330787
1960.7083,6841,6865.648485432591
1960.7917,6852,6879.543072345257
1960.875,7009,6902.61868337301
1960.9583,6927,6890.233855525099
1961.0417,6726,6865.5936461855545
1961.125,6893,6887.484652241195
1961.2083,7028,6907.537209043901
1961.2917,6773,6887.435502194574
1961.375,6899,6905.4789627434375
1961.4583,6918,6925.682077540114
1961.5417,7015,6948.445884850162
1961.625,6998,6949.024987110264
1961.7083,6910,6933.279085073788
1961.7917,6911,6925.292878061909
1961.875,6903,6922.070963737332
1961.9583,6931,6925.2060373252
1962.0417,7053,6926.409790021468
1962.125,6920,6885.416806058226
1962.2083,6720,6832.896090781059
1962.2917,6761,6818.007405764245
1962.375,6820,6822.121189335513
1962.4583,6817,6826.942036018618
1962.5417,6831,6835.076894707928
1962.625,6924,6844.57071829988
1962.7083,6846,6827.588114658461
1962.7917,6855,6804.468215903194
1962.875,6712,6764.504389115657
1962.9583,6804,6742.042025366674
1963.125,6558,6698.927003406583
1963.2083,6652,6702.787649248687
1963.2917,6682,6723.577511507018
1963.375,6737,6758.22654426769
1963.4583,6825,6799.951091784257
1963.5417,6806,6833.326003228911
1963.625,6908,6875.809582416534
1963.7083,6934,6907.5630224096685
1963.7917,6972,6930.504136539359
1963.875,7130,6939.6132961821695
1963.9583,6841,6885.260221219037
1964.0417,6785,6845.660553328917
1964.125,6839,6826.281069881769
1964.2917,6701,6802.6619430618775
1964.375,6788,6812.930130595944
1964.4583,6829,6831.508361661993
1964.5417,6874,6850.922713282039
1964.625,6865,6862.644635996098
1964.7083,6932,6873.581437375524
1964.7917,6781,6865.04538454679
1964.875,6977,6884.52445990032
1964.9583,6910,6873.1783552206225
1965.0417,6885,6849.558368947799
1965.125,6840,6814.124505657574
1965.2083,6663,6770.065477586541
1965.2917,6724,6761.694942044355
1965.375,6702,6765.889387183621
1965.4583,6793,6791.380294717427
1965.5417,6885,6816.331300490376
1965.625,6778,6818.3927397601165
1965.7083,6831,6833.918425616563
1965.7917,6824,6850.416920011863
1965.875,6874,6875.721054411118
1965.9583,7077,6901.598873614079
1966.125,6787,6869.0096506884
1966.2083,6984,6863.756977992188
1966.2917,6658,6818.423297960037
1966.375,6768,6826.5640505812335
1966.4583,6863,6854.226153396175
1966.5417,6918,6878.963640676507
1966.625,6892,6890.689008182341
1966.7083,6950,6901.977378415623
1966.7917,6829,6897.258208120779
1966.875,6846,6915.291773866195
1966.9583,7085,6956.422597567011
1967.0417,6921,6954.694287123495
1967.125,7039,6964.1974057211455
1967.2083,7116,6948.766326225844
1967.375,6755,6877.590688805823
1967.4583,6782,6847.278614321078
1967.5417,6770,6838.726077943358
1967.625,6855,6853.082234213424
1967.7083,6872,6866.7991352212985
1967.875,6885,6878.782414636273
1968.0417,7018,6888.69316559667
1968.125,6740,6855.501638422625
1968.2083,6971,6860.810657389454
1968.2917,6774,6829.389895486101
1968.375,6748,6816.432432078114
1968.4583,6817,6826.285779362833
1968.5417,6820,6839.234386435163
1968.625,6864,6858.594455652547
1968.7083,6890,6876.1526767541145
1968.7917,7009,6889.095123440386
1968.875,6824,6862.069277940119
1968.9583,6834,6847.733191753226
1969.0417,6831,6837.974836150741
1969.125,6797,6830.541425931836
1969.2917,6857,6834.2884910235425
1969.375,6781,6830.465053123097
1969.4583,6835,6843.129966263684
1969.5417,6856,6858.504868158832
1969.625,6915,6874.714726106924
1969.7083,6898,6877.49615942399
1969.7917,7000,6873.44297921572
1970.0417,6618,6827.204125412689
1970.125,6860,6850.699980080555
1970.2083,6920,6871.095828108607
1970.2917,6951,6875.190285506194
1970.375,6767,6854.014838072513
1970.4583,6789,6861.844336663004
1970.5417,6976,6893.955280807828
1970.625,6827,6898.717985221928
1970.7083,6917,6927.3866847100035
1970.7917,7084,6959.517612434747
1970.875,7065,6950.154410971073
1970.9583,6846,6902.509346497756
1971.0417,6867,6873.7007308570255
1971.125,6873,6847.125692168636
1971.2083,6757,6811.925884203126
1971.2917,6739,6795.034704305325
1971.375,6719,6796.821759175967
1971.4583,6862,6824.549400438596
1971.5417,6852,6839.793508514092
1971.625,6868,6850.968786094284
1971.7083,6825,6856.466992372571
1971.7917,6888,6872.454196108381
1971.875,7072,6883.259465213653
1971.9583,6876,6831.151222723476
1972.125,6601,6764.09338780779
1972.2083,6643,6751.4000154947025
1972.2917,6800,6774.839981679848
1972.375,6790,6789.893275091609
1972.4583,6827,6804.9109935339075
1972.5417,6805,6812.565709820841
1972.625,6828,6822.742329381388
1972.7083,6815,6831.166392069065
1972.7917,6824,6844.979252113098
1972.875,7050,6865.785196194828
1972.9583,6793,6825.186205674835
1973.0417,6694,6795.315950379787
1973.125,6857,6799.217678544668
1973.2083,6713,6783.858632891106
1973.2917,6865,6792.119131534579
1973.375,6705,6776.0860073562435
1973.4583,6721,6783.748218963324
1973.5417,6866,6812.326503558178
1973.625,6781,6823.013622672424
1973.7083,6869,6847.70528267748
1973.7917,6841,6865.298703575028
1973.9583,7095,6890.99169233092
1974.0417,6843,6848.681911863786
1974.125,6786,6808.266102017913
1974.2917,6618,6775.272326178012
1974.375,6741,6794.702659064115
1974.4583,6838,6832.033878304924
1974.5417,6961,6867.37639031404
1974.625,6794,6871.511032427836
1974.7083,6935,6901.48268535091
1974.7917,6972,6920.281900057621
1974.875,6959,6921.841748116873
1975.0417,7073,6911.015512215082
1975.2083,6757,6846.194447051651
1975.2917,6734,6811.1048642387705
1975.375,6755,6801.716902838814
1975.4583,6773,6807.901242385129
1975.5417,6825,6825.719329393153
1975.625,6825,6843.777192865561
1975.7083,6931,6868.094120626491
1975.7917,6848,6871.442421929583
1975.875,6873,6882.60486387587
1975.9583,6958,6896.968927114113
1976.0417,7144,6890.989299390394
1976.2083,6608,6800.672771463473
1976.2917,6704,6774.580500691042
1976.375,6730,6772.015063482293
1976.4583,6772,6783.454647434307
1976.5417,6834,6798.712447197756
1976.625,6779,6802.207729360457
1976.7083,6803,6813.438921309978
1976.7917,6812,6828.149753696158
1976.875,6928,6848.243837314391
1976.9583,6863,6841.7525333707545
1977.0417,6804,6828.178740550702
1977.125,6819,6822.664527914218
1977.2083,6807,6818.371824582472
1977.2917,6929,6817.869729444884
1977.375,6650,6780.324210788924
1977.4583,6779,6786.220095729271
1977.5417,6825,6794.522679246041
1977.625,6718,6792.666155844825
1977.7083,6846,6815.698351058551
1977.7917,6888,6828.629996625128
1978.0417,6908,6821.771641066748
1978.125,6614,6786.170499197283
1978.2083,6956,6807.959523726911
1978.2917,6660,6780.401722832178
1978.375,6721,6792.97782954817
1978.4583,6850,6829.546546113552
1978.5417,6854,6859.297444716784
1978.625,6894,6890.814158225612
1978.7083,7089,6921.2689244763105
1978.7917,6905,6895.813332219112
1978.875,6985,6867.295517368285
1979.0417,6667,6799.542874973552
1979.125,6648,6775.971190903336
1979.2083,6856,6795.056570467565
1979.2917,6777,6793.827473520982
1979.375,6752,6798.207534414726
1979.4583,6792,6817.990106780046
1979.5417,6901,6846.436048072047
1979.625,6888,6856.6940053880635
1979.7083,6930,6856.516631166769
1979.7917,6655,6831.844800667731
1979.875,6988,6866.121237057937
1979.9583,7018,6859.771419134122
1980.0417,6708,6800.67874092168
1980.125,6692,6772.478976349799
1980.2083,6657,6771.105537227851
1980.2917,6900,6807.767277181853
1980.375,6681,6813.684776196473
1980.4583,6894,6863.83053394325
1980.5417,6919,6903.919803004444
1980.625,6996,6938.982339733786
1980.7083,6957,6955.038989707723
1980.7917,7057,6970.441969584234
1980.875,6884,6956.9922726554905
1980.9583,7068,6967.873333278577
1981.0417,7044,6945.378838327855
1981.125,6796,6890.010622819753
1981.2083,6881,6865.9792815849005
1981.2917,6701,6836.941034211682
1981.375,6820,6853.216464909023
1981.4583,6919,6880.5640505760375
1981.5417,6895,6895.099653101733
1981.625,6923,6909.668473328005
1981.7083,6857,6919.79345133028
1981.7917,7110,6950.8495797759815
1981.9583,6954,6928.85556814701
1982.0417,6897,6898.480079233708
1982.125,6742,6868.597950064976
1982.2083,6902,6880.91513758457
1982.2917,6958,6886.204037632354
1982.375,6807,6867.560950224256
1982.4583,6852,6869.104846224243
1982.5417,6824,6876.350357632311
1982.625,6945,6901.045988251149
1982.7083,6892,6911.090281620369
1982.7917,6888,6927.498002196379
1982.875,7027,6957.071723504517
1982.9583,7076,6963.33601931416
1983.2083,6916,6932.04565489519
1983.2917,6864,6906.103842107949
1983.375,6893,6894.196643356692
1983.4583,6828,6882.688325724333
1983.5417,6837,6889.409450000084
1983.625,6837,6913.600390942529
1983.7083,7013,6963.324795532484
1983.7917,7146,6996.490798633267
1983.875,7002,6979.820401278474
1983.9583,6969,6955.756804349838
1984.0417,7120,6927.278808871148
1984.2083,6611,6834.560416349507
1984.2917,6712,6816.362162611035
1984.375,6796,6832.951296409575
1984.4583,6928,6861.857529011306
1984.5417,6870,6868.716271283472
1984.625,6806,6875.147103983464
1984.7083,6967,6904.62697134461
1984.7917,7059,6913.3158291539585
1984.875,6852,6873.443296681294
1984.9583,6832,6840.71852976906
1985.0417,6785,6810.899939446514
1985.125,6670,6789.714662272804
1985.2083,6772,6808.434272523363
1985.2917,6928,6839.298640281709
1985.375,6764,6840.595888133958
1985.4583,6889,6867.425098697528
1985.5417,6888,6887.062675493606
1985.625,6935,6906.387810787552
1985.7083,6965,6916.175549677348
1985.7917,6835,6909.688471792926
1985.875,6980,6928.097551172813
1985.9583,7018,6929.205814276971
1986.0417,6985,6900.716015473453
1986.2917,6699,6844.131555161085
1986.375,6791,6835.924279902413
1986.4583,6797,6842.6917646112115
1986.5417,6886,6864.689837523747
1986.625,6859,6879.584522944198
1986.7083,6887,6901.340716012715
1986.7917,7003,6927.877147752137
1986.875,6972,6929.3726287422705
1986.9583,7069,6916.658985979829
1987.125,6786,6853.1650052106625
1987.2083,6690,6812.059359511717
1987.2917,6729,6811.640166983343
1987.375,6846,6838.767696782751
1987.4583,6850,6863.484458843075
1987.5417,6889,6892.696040517759
1987.625,6966,6923.139635698362
1987.7083,7023,6939.29644277842
1987.7917,6821,6927.552064117951
1987.875,6999,6951.325040163466
1987.9583,6929,6959.206362930136
1988.0417,7007,6977.156473340185
1988.125,7124,6985.158741530296
1988.2083,6986,6946.880590230505
1988.375,6734,6895.562635674215
1988.4583,6856,6898.098893009331
1988.5417,6917,6914.6681146808905
1988.625,6928,6930.46004124608
1988.7083,7012,6947.071981559963
1988.7917,6857,6942.0412490605
1988.875,6964,6965.357599581204
1988.9583,7102,6989.126483295643
1989.0417,6954,6975.2708614419635
1989.125,7048,6968.505526735604
1989.2083,6989,6935.242034274445
1989.375,6766,6884.05921990477
1989.4583,6800,6872.2294788366835
1989.5417,6844,6884.476230714158
1989.625,6968,6910.215059496352
1989.7083,6861,6916.692241443998
1989.7917,7014,6941.733503872975
1989.875,6892,6942.685934259612
1989.9583,6984,6960.533676066118
1990.0417,7071,6970.559309894662
1990.2083,7063,6947.104713688093
1990.375,6716,6885.018355377556
1990.4583,6819,6879.271448859537
1990.5417,6884,6893.615025294696
1990.625,6900,6911.163610161421
1990.7083,7020,6932.433398415287
1990.7917,6922,6924.514319474249
1990.875,6964,6917.4333470246265
1990.9583,6949,6894.830156916546
1991.0417,6875,6854.170352447314
1991.2083,6677,6806.567332127188
1991.2917,6763,6802.153422516124
1991.375,6768,6810.7906537437675
1991.4583,6880,6833.691436219334
1991.5417,6788,6841.156030768012
1991.625,6865,6866.339302239359
1991.7083,6922,6891.969007790493
1991.7917,6914,6907.588382605125
1991.875,6959,6921.070551621465
1991.9583,6991,6921.909571178293
1992.0417,6843,6899.718447794553
1992.125,6926,6896.433473675663
1992.2083,6925,6883.292990781994
1992.2917,6855,6856.250171482323
1992.375,6739,6829.624076010093
1992.4583,6788,6833.206005874561
1992.5417,6866,6851.856604363883
1992.625,6930,6865.792737641165
1992.7083,6858,6858.326450132169
1992.7917,6836,6850.968979333897
1992.9583,6885,6848.601168313589
1993.125,6908,6834.100413397811
1993.2083,6703,6794.96646294797
1993.2917,6706,6786.488000147453
1993.375,6760,6804.838870729421
1993.4583,6862,6838.136031554528
1993.5417,6931,6863.478536231144
1993.625,6926,6866.313886318142
1993.7083,6851,6849.253865177853
1993.7917,6838,6831.611799096849
1993.875,6707,6811.840332714794
1994.2917,6819,6827.0156439043385
1994.375,6828,6844.8628363953285
1994.4583,6915,6868.330974351428
1994.5417,6794,6876.24277042467
1994.625,6945,6911.5688233061355
1994.7083,6986,6935.75115062298
1994.7917,6869,6943.183861480818
1994.875,6983,6975.344526165596
1994.9583,7100,7004.953366238906
1995.0417,7081,7002.879995058518
1995.2083,7044,6974.766622230969
1995.2917,6865,6923.575456813743
1995.375,6807,6891.909443667765
1995.4583,6889,6888.546578411042
1995.5417,6850,6885.032572624666
1995.625,6885,6893.19609104651
1995.7083,6990,6904.091639817193
1995.7917,6950,6886.35106852694
1995.875,6954,6847.394186745667
1995.9583,6673,6772.902033879616
1996.125,6653,6731.710558973438
1996.2083,6574,6716.755937058406
1996.2917,6718,6749.386627496175
1996.375,6821,6792.479527099335
1996.4583,6870,6826.065602402275
1996.5417,6873,6845.006878505971
1996.625,6830,6854.617114111658
1996.7083,6840,6872.433054421232
1996.7917,6955,6901.060012871215
1996.875,7098,6911.706975611603
1996.9583,6785,6860.256263555861
1997.0417,6708,6833.890972685404
1997.2083,6886,6849.48933937675
1997.2917,6888,6852.917485860346
1997.375,6803,6844.651460964055
1997.4583,6843,6850.269256389118
1997.5417,6818,6858.310137277219
1997.625,6828,6879.787730591061
1997.7083,6955,6918.527900768589
1997.7917,7056,6945.110704535646
1997.9583,6858,6934.730409814585
1998.0417,7009,6949.926918365053
1998.125,7032,6945.432399703872
1998.2083,6865,6912.082014277315
1998.2917,6865,6894.4256336098615
1998.375,6804,6886.577797479029
1998.4583,6874,6906.255893841207
1998.5417,7018,6936.68595481712
1998.625,6967,6940.011334065406
1998.7083,6913,6934.340491335494
1998.875,6924,6935.783145717413
1998.9583,7003,6941.15351533847
1999.0417,6996,6925.90839007235
1999.2917,6835,6887.2993948303465
1999.375,6781,6866.123531198458
1999.4583,6848,6873.322177966056
1999.5417,6874,6888.96155072234
1999.625,6914,6909.588107052737
1999.7083,6944,6928.744032400712
1999.7917,6917,6942.814635215591
1999.875,6959,6965.490116435666
2000.0417,7062,6990.328969800964
2000.125,7104,6991.2774797665825
2000.2083,6983,6954.651816321061
2000.2917,6817,6908.576758315894
2000.375,6838,6893.027286416025
2000.4583,6887,6895.820243321497
2000.5417,6938,6901.553281334135
2000.625,6860,6895.1374131248185
2000.7083,6861,6900.434015957108
2000.7917,6952,6918.8752907751
2000.875,6921,6926.27499585146
2000.9583,7057,6935.433032878304
2001.0417,6877,6904.068747531251
2001.125,6840,6881.727378027947
2001.2083,6811,6873.29513453396
2001.2917,6916,6885.627935884625
2001.375,6825,6887.836715863498
2001.4583,6914,6910.991067796871
2001.5417,6901,6933.142442329201
2001.625,6939,6966.007964304598
2001.7917,7089,7007.876141048194
2001.875,7125,7022.703031474522
2001.9583,7016,7003.430932392356
2002.0417,7066,6979.969144107642
2002.2917,6816,6927.8304038588085
2002.375,6846,6912.968464896245
2002.4583,6938,6920.429347565761
2002.5417,6931,6922.033346090532
2002.625,6935,6920.648459978815
2002.7083,6926,6914.4797271933685
2002.7917,6991,6904.470903472379
2002.875,6900,6865.619047575516
2002.9583,6647,6815.306874203823
2003.2083,6789,6821.096992233406
2003.2917,6808,6837.586107674125
2003.375,6861,6863.9372590062185
2003.4583,6922,6891.267496673718
2003.5417,6913,6908.35356656579
2003.625,6948,6923.890825313126
2003.7083,6934,6931.39169249817
2003.7917,6961,6938.023123849272
2003.875,6862,6936.995596483465
2003.9583,7047,6960.966601278814
2004.0417,6991,6956.259806500434
2004.125,7038,6939.972947222199
2004.2083,6803,6891.010403684697
2004.2917,6762,6871.384661375427
2004.375,6862,6888.220472857965
2004.4583,6944,6913.796441959827
2004.5417,6918,6929.304558381629
2004.625,6955,6948.580860930642
2004.7083,7068,6965.717450456536
2004.7917,6885,6948.759856801275
2004.875,7035,6953.055548746441
2004.9583,7015,6930.036423607086
2005.2083,6780,6878.69610633676
2005.2917,6783,6860.254491178686
2005.375,6855,6867.564373080175
2005.4583,6846,6879.062379341722
2005.5417,6943,6901.581178717175
2005.625,6957,6910.293704331687
2005.7083,6914,6903.437464723427
2005.7917,6839,6893.0603800229765
2005.875,7015,6900.703421996851
2005.9583,6927,6870.247604636344
2006.0417,6683,6820.8743221546165
2006.125,6818,6817.4591470577625
2006.2083,6722,6813.863687646829
2006.2917,6907,6840.889457451504
2006.375,6838,6845.878379740016
2006.4583,6800,6853.493428608533
2006.5417,6810,6878.939620346561
2006.625,6993,6927.365685533444
2006.7083,6962,6953.913645898141
2006.7917,7049,6977.766154895553
2006.9583,7029,6977.874048858148
2007.2083,6953,6960.939959106792
2007.375,6887,6946.652522391034
2007.4583,6928,6952.249259805621
2007.5417,7015,6965.929083822081
2007.625,6929,6963.251935779235
2007.7083,7047,6971.992099662801
2007.7917,6885,6955.729630100634
2007.9583,7011,6963.043703905344
2008.0417,6999,6954.372345678503
2008.125,6978,6930.825102677829
2008.375,6734,6891.552893903098
2008.4583,6916,6904.7983164294
2008.5417,6940,6914.309844432169
2008.625,6966,6915.257987245661
2008.7083,6824,6899.292125807706
2008.875,7045,6908.423639638987
2008.9583,6800,6872.029700016597
2009.0417,6822,6859.645660399739
2009.125,6845,6859.810174249462
2009.2083,6928,6864.911412849005
2009.2917,6751,6848.9831223982155
2009.375,6828,6865.715872746832
2009.4583,6891,6895.020580677726
2009.5417,7004,6925.665482167861
2009.625,6932,6930.19887771395
2009.7083,6951,6934.1318991646895
2009.7917,6923,6932.442220336992
2009.875,7069,6933.899948288292
2009.9583,6898,6890.324325669022
2010.0417,6698,6844.190144939426
2010.125,6829,6846.786012522973
2010.2083,6895,6855.310550947511
2010.2917,6799,6850.60527302122
2010.375,6838,6863.101752768667
2010.4583,6872,6883.965483439005
2010.5417,6894,6908.81770858901
2010.625,7000,6938.609169935352
2010.7083,6949,6947.937021260145
2010.7917,7031,6956.91054633832
2010.875,6965,6941.187586862602
2010.9583,6907,6917.527156341085
2011.0417,6951,6897.375777933264
2011.125,6808,6859.34965883653
2011.2083,6733,6838.440092685305
2011.2917,6822,6852.67722409585
2011.375,6862,6877.140096871677
2011.4583,6903,6906.64966860473
2011.5417,6966,6937.37579653936
2011.625,7000,6958.560523320442
2011.7083,7042,6965.932091208339
2011.7917,6989,6947.947689499016
2011.875,6917,6916.279184289364
2012.2083,6808,6884.370407176168
2012.2917,6836,6877.918432455028
2012.375,6847,6885.439268552231
2012.4583,6907,6905.773194166843
2012.5417,6938,6925.698184503735
2012.625,6924,6941.522569675208
2012.7083,7021,6963.187811405082
2012.7917,6989,6965.5823236033175
2012.875,7034,6960.1709436693245
2012.9583,6934,6930.149878291773
2013.0417,6887,6898.845439011479
2013.125,6793,6871.489479401678
2013.2917,6817,6870.296679592437
2013.375,6904,6886.86943964734
2013.4583,6883,6897.732012918024
2013.5417,6883,6913.505257161383
2013.625,6942,6939.446920458536
2013.7083,6972,6964.537557241867
2013.7917,6967,6987.14071310582
2013.875,7100,7016.457440005048
2013.9583,7160,7017.926646905958
2014.125,6945,6972.038069442187
2014.2083,6857,6935.16218179248
2014.2917,6903,6924.340354740266
2014.375,6869,6920.63197926814
2014.4583,6931,6934.1342635520605
2014.5417,6940,6948.681302353334
2014.625,7019,6966.12210860572
2014.7083,6968,6965.936951060013
2014.7917,7059,6965.064110534309
2014.875,6858,6932.879306853375
2015.2083,6916,6925.654272123566
2015.2917,6897,6921.647328101613
2015.375,6934,6925.856160113532
2015.4583,6883,6927.35037882996
2015.5417,6999,6943.628057156376
2015.625,6921,6941.448421201583
2015.7083,6997,6946.0849256473175
2015.7917,6886,6933.749738642158
2016.0417,6926,6937.3311311843845
2016.2917,6960,6944.6895674547395
2016.375,6923,6946.944526210007
2016.4583,6942,6957.180993701944
2016.5417,7013,6972.477792427862
2016.625,6993,6974.267188629735
2016.7083,7018,6969.812314374852
2016.7917,6832,6949.294878244919
2016.875,6975,6967.8757348632935
2016.9583,7081,6984.0818364360985
2017.0417,7022,6967.981883487603
2017.125,6825,6933.875891701643
2017.2083,6925,6936.0618638162305
2017.2917,6960,6941.935123869561
2017.375,6875,6941.786758546079
2017.4583,7003,6963.90064607129
2017.5417,6986,6972.981415620264
2017.625,7004,6977.722657042658
2017.7083,7032,6973.70478414594
2018.375,6866,6950.255172631201
2018.4583,6954,6954.890618660197
2018.5417,6908,6959.822937575925
2018.625,7004,6982.02956901696
2018.7083,7064,6996.912723463649
2018.7917,7071,6989.433452398221
2018.875,6789,6954.765332132199
2018.9583,7067,6975.3523225769095
2019.125,6955,6965.390087213924
2019.375,6944,6958.891214255579
2019.4583,6883,6957.356079382428
2019.5417,7001,6980.60630430342
2019.625,6993,6997.058630658886
2019.7083,7071,7014.863833900647
2019.875,6987,7013.956981775957
2020.5417,7030,7022.035790243252
2020.875,7081,7027.459862124966
2020.9583,6991,7015.037221381668
2021.0417,7025,7010.626987765593
2021.2917,6989,7001.425750071382
2021.375,7010,6996.366429067632
2021.4583,6936,6986.76258441976
2021.5417,6999,6994.07960124514
2021.625,7055,6999.756485152234
2021.7083,7019,6987.018864110073
2022.375,6916,6963.620864437936
2022.4583,6928,6956.096486245111
2022.5417,6950,6957.937603467323
2022.625,6904,6962.424588511976
2022.7083,7021,6986.386436393955
2022.7917,7044,6998.810429740585
2022.875,6981,6996.171233000744
2022.9583,7022,6998.589113927817
2023.125,7024,6993.203366164163
2023.2083,7046,6977.552073788562
2023.2917,6848,6939.084806009148
2023.375,6822,6930.979140232785
2023.4583,6912,6959.199854534016
2023.5417,7074,7003.153853679918
2023.625,7050,7023.492470719127
2023.7083,7029,7034.995244664712
2023.7917,7089,7048.496433498534
