global_index,window_start,window_end,kalman_value_actual,kalman_value_pred,kalman_value_abs_error
20,0,20,6795.90548,6762.21924,33.68624
21,1,21,6778.80601,6784.18115,5.37515
22,2,22,6736.88379,6768.05908,31.17530
23,3,23,6744.41799,6726.85156,17.56642
24,4,24,6766.73393,6733.47363,33.26030
25,5,25,6767.20010,6755.13916,12.06094
26,6,26,6798.49131,6754.97119,43.52011
27,7,27,6827.34175,6783.27344,44.06831
28,8,28,6842.07035,6808.43799,33.63237
29,9,29,6810.70034,6819.92871,9.22837
30,10,30,6777.71795,6791.75146,14.03351
31,11,31,6790.75480,6761.61816,29.13663
32,12,32,6742.19969,6772.71484,30.51516
33,13,33,6703.84446,6725.86182,22.01735
34,14,34,6687.55591,6693.53174,5.97582
35,15,35,6702.22583,6676.62842,25.59741
36,16,36,6715.85544,6692.80176,23.05368
37,17,37,6733.55583,6704.30127,29.25456
38,18,38,6739.46466,6718.80566,20.65899
39,19,39,6762.04773,6724.08398,37.96375
40,20,40,6742.27371,6745.68262,3.40891
41,21,41,6698.97732,6726.83594,27.85861
42,22,42,6653.42244,6691.23047,37.80803
43,23,43,6637.27596,6644.54785,7.27189
44,24,44,6663.23297,6632.87891,30.35407
45,25,45,6696.02735,6656.13672,39.89063
46,26,46,6717.95699,6691.33301,26.62398
47,27,47,6767.24549,6709.63330,57.61219
48,28,48,6828.62605,6755.11768,73.50838
49,29,49,6876.36638,6812.95605,63.41033
50,30,50,6883.36911,6850.08594,33.28317
51,31,51,6799.76025,6854.10693,54.34668
52,32,52,6725.43648,6784.69824,59.26176
53,33,53,6685.02640,6714.39746,29.37106
54,34,54,6667.12622,6679.94727,12.82105
55,35,55,6672.52336,6660.78418,11.73918
56,36,56,6684.49177,6666.74170,17.75007
57,37,57,6696.26959,6680.28516,15.98444
58,38,58,6727.27351,6692.10791,35.16560
59,39,59,6740.38000,6716.52832,23.85168
60,40,60,6744.25399,6728.10352,16.15047
61,41,61,6702.84822,6731.68848,28.84025
62,42,62,6641.88554,6697.89600,56.01046
63,43,63,6602.25494,6638.03320,35.77827
64,44,64,6606.59493,6617.83984,11.24491
65,45,65,6626.53303,6619.76904,6.76399
66,46,66,6654.54601,6629.23682,25.30920
67,47,67,6674.88875,6651.38428,23.50448
68,48,68,6698.93977,6673.89014,25.04964
69,49,69,6713.21821,6698.04443,15.17378
70,50,70,6711.82847,6709.47607,2.35240
71,51,71,6705.49942,6709.56543,4.06601
72,52,72,6691.85764,6705.74512,13.88748
73,53,73,6695.78748,6695.22607,0.56141
74,54,74,6703.76263,6698.44873,5.31390
75,55,75,6685.02376,6704.19482,19.17106
76,56,76,6681.29380,6688.10303,6.80923
77,57,77,6691.17402,6684.58008,6.59394
78,58,78,6695.86950,6693.86182,2.00768
79,59,79,6708.39103,6698.16602,10.22502
80,60,80,6737.18420,6707.59521,29.58899
81,61,81,6763.04645,6731.41943,31.62702
82,62,82,6795.67612,6756.35352,39.32261
83,63,83,6772.30934,6786.87402,14.56469
84,64,84,6759.18355,6762.44141,3.25785
85,65,85,6721.37660,6748.18213,26.80553
86,66,86,6697.21087,6712.42139,15.21052
87,67,87,6655.12422,6693.82520,38.70098
88,68,88,6661.83415,6652.08203,9.75212
89,69,89,6697.35689,6659.08887,38.26802
90,70,90,6733.76346,6694.44531,39.31815
91,71,91,6765.95633,6722.35400,43.60232
92,72,92,6802.25782,6753.26807,48.98975
93,73,93,6830.03099,6787.35742,42.67357
94,74,94,6840.94079,6812.89746,28.04333
95,75,95,6842.82838,6821.68066,21.14771
96,76,96,6836.40161,6821.98145,14.42016
97,77,97,6811.75045,6814.98438,3.23393
98,78,98,6744.63070,6790.94922,46.31852
99,79,99,6737.37246,6725.90430,11.46817
100,80,100,6712.25390,6719.24609,6.99219
101,81,101,6693.60556,6699.28955,5.68399
102,82,102,6715.68430,6682.91553,32.76877
103,83,103,6734.26964,6702.74170,31.52795
104,84,104,6763.83111,6717.61621,46.21490
105,85,105,6777.95424,6745.55176,32.40248
106,86,106,6781.93521,6758.87061,23.06461
107,87,107,6751.01689,6762.09424,11.07735
108,88,108,6722.35490,6730.80762,8.45272
109,89,109,6688.95099,6705.97217,17.02117
110,90,110,6649.90371,6675.19775,25.29404
111,91,111,6642.69532,6637.29688,5.39845
112,92,112,6654.87268,6633.06104,21.81165
113,93,113,6665.12730,6643.98535,21.14194
114,94,114,6674.30464,6655.42920,18.87545
115,95,115,6690.34624,6666.80713,23.53911
116,96,116,6701.26767,6685.20654,16.06112
117,97,117,6700.28947,6696.10254,4.18693
118,98,118,6730.54483,6696.04053,34.50430
119,99,119,6734.37949,6718.64111,15.73838
120,100,120,6724.85647,6721.90967,2.94680
121,101,121,6730.27962,6713.84082,16.43880
122,102,122,6677.68262,6717.90332,40.22070
123,103,123,6671.09161,6674.63477,3.54316
124,104,124,6700.53495,6668.50000,32.03495
125,105,125,6735.80390,6697.06348,38.74042
126,106,126,6760.12431,6724.10498,36.01933
127,107,127,6775.11634,6747.97852,27.13782
128,108,128,6760.15199,6762.42871,2.27672
129,109,129,6750.86965,6747.40186,3.46779
130,110,130,6766.28842,6737.57129,28.71713
131,111,131,6834.69035,6751.73096,82.95939
132,112,132,6816.72616,6817.12695,0.40079
133,113,133,6773.15928,6798.44678,25.28750
134,114,134,6766.40213,6754.55518,11.84695
135,115,135,6782.67077,6747.35400,35.31677
136,116,136,6805.56596,6762.48486,43.08110
137,117,137,6821.17338,6783.81396,37.35942
138,118,138,6827.84582,6798.13428,29.71155
139,119,139,6835.58545,6803.75830,31.82715
140,120,140,6817.29461,6810.30566,6.98895
141,121,141,6781.11426,6792.62451,11.51025
142,122,142,6765.97676,6757.89404,8.08271
143,123,143,6736.20554,6742.69775,6.49222
144,124,144,6744.38639,6714.58594,29.80045
145,125,145,6763.58714,6721.52881,42.05833
146,126,146,6782.25807,6739.44092,42.81716
147,127,147,6777.40078,6757.34814,20.05264
148,128,148,6777.19378,6752.52441,24.66937
149,129,149,6744.05945,6752.20850,8.14904
150,130,150,6710.57242,6720.89502,10.32260
151,131,151,6679.17504,6692.87939,13.70435
152,132,152,6630.59330,6660.33008,29.73677
153,133,153,6621.60906,6624.20752,2.59846
154,134,154,6615.10320,6621.33887,6.23566
155,135,155,6634.88605,6619.79053,15.09553
156,136,156,6662.12617,6629.49658,32.62959
157,137,157,6710.78860,6651.56396,59.22464
158,138,158,6739.12176,6699.97754,39.14423
159,139,159,6739.00059,6721.87842,17.12217
160,140,160,6736.62963,6722.26758,14.36205
161,141,161,6734.86978,6720.59082,14.27896
162,142,162,6718.06109,6719.31934,1.25824
163,143,163,6687.40032,6706.62939,19.22907
164,144,164,6661.38967,6682.64453,21.25486
165,145,165,6652.77514,6657.33008,4.55493
166,146,166,6628.32630,6650.25098,21.92468
167,147,167,6642.62481,6632.66357,9.96124
168,148,168,6663.53263,6643.84424,19.68839
169,149,169,6698.89019,6665.26758,33.62261
170,150,170,6720.70656,6697.92383,22.78273
171,151,171,6737.16290,6712.85449,24.30840
172,152,172,6765.68032,6726.32471,39.35561
173,153,173,6801.95285,6752.81641,49.13645
174,154,174,6822.08271,6787.93213,34.15059
175,155,175,6807.36859,6806.71045,0.65814
176,156,176,6688.54269,6789.80371,101.26102
177,157,177,6643.04530,6682.12500,39.07970
178,158,178,6615.56489,6638.73438,23.16948
179,159,179,6622.79632,6624.03613,1.23981
180,160,180,6664.45137,6628.11719,36.33418
181,161,181,6708.15068,6661.97705,46.17363
182,162,182,6744.03151,6701.62695,42.40455
183,163,183,6726.67414,6729.69336,3.01922
184,164,184,6742.56958,6714.07666,28.49292
185,165,185,6756.05361,6727.20703,28.84658
186,166,186,6753.43274,6739.13135,14.30139
187,167,187,6746.47415,6735.40820,11.06595
188,168,188,6738.19337,6727.94238,10.25099
189,169,189,6712.36011,6719.90039,7.54028
190,170,190,6672.41188,6700.28174,27.86986
191,171,191,6678.36811,6663.82959,14.53852
192,172,192,6706.21238,6670.62598,35.58640
193,173,193,6721.38630,6697.16357,24.22272
194,174,194,6744.58007,6707.92236,36.65771
195,175,195,6703.86637,6727.62598,23.75961
196,176,196,6681.47756,6696.82227,15.34470
197,177,197,6680.26784,6676.85156,3.41628
198,178,198,6632.28355,6675.19043,42.90688
199,179,199,6626.40560,6632.28516,5.87956
200,180,200,6630.42975,6628.87109,1.55866
201,181,201,6660.86505,6631.40137,29.46369
202,182,202,6742.24975,6656.39648,85.85327
203,183,203,6779.47811,6726.08252,53.39559
204,184,204,6754.63575,6761.64258,7.00682
205,185,205,6677.15681,6737.06445,59.90764
206,186,206,6664.23667,6672.86279,8.62613
207,187,207,6662.28027,6660.82471,1.45557
208,188,208,6663.05398,6659.81738,3.23660
209,189,209,6674.34794,6661.44922,12.89872
210,190,210,6707.89737,6673.22803,34.66934
211,191,211,6750.03332,6701.11768,48.91564
212,192,212,6745.30675,6734.70947,10.59728
213,193,213,6706.94523,6729.97217,23.02694
214,194,214,6674.93816,6699.78613,24.84797
215,195,215,6646.65790,6672.93164,26.27374
216,196,216,6661.37435,6645.94336,15.43099
217,197,217,6664.98119,6660.27295,4.70824
218,198,218,6673.08097,6664.01709,9.06388
219,199,219,6702.58611,6671.69092,30.89519
220,200,220,6723.68605,6697.11426,26.57179
221,201,221,6731.91825,6710.86523,21.05301
222,202,222,6707.11980,6716.87939,9.75960
223,203,223,6735.61626,6699.06348,36.55279
224,204,224,6710.34383,6720.53613,10.19230
225,205,225,6687.45034,6701.53271,14.08238
226,206,226,6702.60072,6683.51953,19.08119
227,207,227,6712.72638,6696.00977,16.71661
228,208,228,6715.99942,6702.34229,13.65714
229,209,229,6719.64725,6704.24023,15.40702
230,210,230,6725.03780,6706.53369,18.50411
231,211,231,6728.19253,6710.52148,17.67105
232,212,232,6660.54446,6713.11719,52.57273
233,213,233,6636.97556,6655.75195,18.77639
234,214,234,6629.89749,6636.35400,6.45651
235,215,235,6641.53099,6632.19629,9.33470
236,216,236,6663.86360,6640.07910,23.78450
237,217,237,6696.64507,6660.41309,36.23198
238,218,238,6737.54344,6691.57471,45.96873
239,219,239,6766.27059,6721.86230,44.40829
240,220,240,6788.34922,6747.85303,40.49619
241,221,241,6756.55880,6769.90479,13.34599
242,222,242,6744.47793,6738.11816,6.35977
243,223,243,6680.82628,6727.02197,46.19569
244,224,244,6632.48450,6675.04492,42.56043
245,225,245,6625.19939,6632.85156,7.65217
246,226,246,6641.61406,6629.22949,12.38457
247,227,247,6663.88401,6640.12549,23.75852
248,228,248,6715.36046,6660.96826,54.39220
249,229,249,6728.34708,6705.29199,23.05509
250,230,250,6717.83886,6714.83740,3.00145
251,231,251,6732.77020,6707.06104,25.70917
252,232,252,6713.86538,6718.55225,4.68687
253,233,253,6713.28506,6703.88672,9.39835
254,234,254,6704.56165,6702.98535,1.57630
255,235,255,6726.79886,6696.69971,30.09915
256,236,256,6686.71064,6711.85156,25.14093
257,237,257,6650.26390,6680.31396,30.05006
258,238,258,6646.16614,6645.12402,1.04211
259,239,259,6669.50567,6642.41260,27.09307
260,240,260,6708.03483,6665.49365,42.54118
261,241,261,6740.57705,6700.07812,40.49892
262,242,262,6741.08566,6725.79395,15.29171
263,243,263,6711.62640,6726.30176,14.67536
264,244,264,6718.02703,6702.38037,15.64666
265,245,265,6712.81280,6706.35010,6.46270
266,246,266,6731.90336,6702.12451,29.77885
267,247,267,6711.20769,6716.16699,4.95930
268,248,268,6691.71491,6700.21289,8.49798
269,249,269,6688.24021,6685.10938,3.13084
270,250,270,6698.73059,6682.04150,16.68909
271,251,271,6718.49495,6692.01855,26.47640
272,252,272,6721.56991,6705.95361,15.61630
273,253,273,6722.23359,6708.22803,14.00557
274,254,274,6754.48487,6708.68408,45.80079
275,255,275,6715.29298,6736.15283,20.85985
276,256,276,6687.08595,6703.39355,16.30760
277,257,277,6666.03616,6680.79688,14.76071
278,258,278,6696.37493,6659.28857,37.08635
279,259,279,6682.22929,6689.22900,6.99971
280,260,280,6689.16964,6674.93604,14.23361
281,261,281,6721.29860,6682.29834,39.00026
282,262,282,6743.41455,6707.68604,35.72851
283,263,283,6743.18594,6726.47656,16.70938
284,264,284,6729.90206,6726.06152,3.84054
285,265,285,6731.95646,6714.32617,17.63029
286,266,286,6759.49453,6715.96680,43.52773
287,267,287,6738.46804,6740.06787,1.59983
288,268,288,6699.99207,6721.38086,21.38878
289,269,289,6650.63813,6691.79736,41.15923
290,270,290,6651.02350,6643.72168,7.30182
291,271,291,6664.16767,6644.60693,19.56073
292,272,292,6684.12471,6657.51953,26.60518
293,273,293,6693.62853,6678.16406,15.46446
294,274,294,6707.86804,6687.93701,19.93103
295,275,295,6716.43306,6699.24023,17.19283
296,276,296,6721.41049,6705.13135,16.27914
297,277,297,6713.41684,6708.63916,4.77768
298,278,298,6728.07951,6702.53467,25.54484
299,279,299,6713.89700,6713.52832,0.36868
300,280,300,6727.05086,6702.54004,24.51082
301,281,301,6718.09880,6712.33398,5.76481
302,282,302,6678.80878,6705.38330,26.57452
303,283,303,6678.07206,6672.37939,5.69266
304,284,304,6692.73735,6672.31494,20.42241
305,285,305,6718.17916,6687.44775,30.73140
306,286,306,6755.31315,6706.57422,48.73893
307,287,307,6792.18957,6738.36865,53.82092
308,288,308,6815.63708,6774.49316,41.14391
309,289,309,6786.07349,6798.56543,12.49194
310,290,310,6750.16246,6766.96680,16.80434
311,291,311,6715.06235,6732.03125,16.96890
312,292,312,6717.48562,6702.47314,15.01248
313,293,313,6673.21601,6704.09229,30.87628
314,294,314,6634.27739,6663.70361,29.42622
315,295,315,6638.56780,6631.09424,7.47356
316,296,316,6666.32114,6634.42236,31.89877
317,297,317,6691.19490,6658.93164,32.26326
318,298,318,6719.14175,6685.13184,34.00991
319,299,319,6722.01675,6706.98193,15.03482
320,300,320,6726.39804,6709.21973,17.17831
321,301,321,6751.55359,6712.77686,38.77674
322,302,322,6760.41674,6734.46191,25.95482
323,303,323,6695.93616,6742.13379,46.19763
324,304,324,6685.05665,6688.68555,3.62890
325,305,325,6683.19838,6677.75244,5.44594
326,306,326,6685.53950,6676.19971,9.33979
327,307,327,6703.83294,6679.38867,24.44426
328,308,328,6739.31372,6696.66113,42.65259
329,309,329,6747.53715,6724.87988,22.65727
330,310,330,6747.33702,6732.20166,15.13536
331,311,331,6762.63826,6732.08203,30.55623
332,312,332,6731.30386,6745.84229,14.53842
333,313,333,6740.20840,6717.81201,22.39639
334,314,334,6715.44110,6725.36816,9.92706
335,315,335,6685.96421,6704.28125,18.31704
336,316,336,6708.22389,6678.79736,29.42653
337,317,337,6703.94254,6698.60596,5.33658
338,318,338,6699.63964,6695.45703,4.18260
339,319,339,6711.32660,6692.21826,19.10833
340,320,340,6721.26103,6701.01758,20.24345
341,321,341,6727.91835,6708.58936,19.32900
342,322,342,6733.42005,6714.27588,19.14418
343,323,343,6707.20428,6719.21875,12.01447
344,324,344,6677.31510,6698.35645,21.04134
345,325,345,6647.54409,6670.12256,22.57846
346,326,346,6634.85212,6641.39404,6.54192
347,327,347,6661.10469,6632.90723,28.19747
348,328,348,6679.52152,6654.84180,24.67973
349,329,349,6678.25893,6674.57812,3.68080
350,330,350,6700.71843,6673.96631,26.75212
351,331,351,6711.44734,6695.82178,15.62556
352,332,352,6736.96900,6703.66309,33.30591
353,333,353,6745.60404,6724.79150,20.81253
354,334,354,6757.84058,6732.32031,25.52027
355,335,355,6735.14235,6743.18164,8.03929
356,336,356,6737.24750,6722.73730,14.51020
357,337,357,6752.19547,6724.47607,27.71939
358,338,358,6785.59173,6737.39600,48.19574
359,339,359,6797.45990,6769.20459,28.25531
360,340,360,6733.75053,6780.87549,47.12496
361,341,361,6707.07260,6720.53809,13.46548
362,342,362,6727.29690,6699.36816,27.92874
363,343,363,6733.38254,6715.15332,18.22922
364,344,364,6750.48664,6720.37451,30.11213
365,345,365,6735.14822,6734.93213,0.21610
366,346,366,6713.86539,6721.19531,7.32992
367,347,367,6685.03208,6702.94385,17.91176
368,348,368,6693.33581,6676.57227,16.76354
369,349,369,6720.51546,6685.42432,35.09114
370,350,370,6704.01341,6707.89307,3.87966
371,351,371,6698.01639,6695.15332,2.86307
372,352,372,6690.90051,6689.85107,1.04943
373,353,373,6685.62232,6683.01953,2.60279
374,354,374,6694.82750,6678.03564,16.79186
375,355,375,6714.84300,6688.37354,26.46946
376,356,376,6739.29962,6704.66113,34.63849
377,357,377,6778.49360,6725.67334,52.82026
378,358,378,6771.74767,6761.99365,9.75402
379,359,379,6764.53212,6755.49609,9.03603
380,360,380,6696.39112,6748.70703,52.31591
381,361,381,6675.27179,6690.62744,15.35565
382,362,382,6647.50438,6668.96875,21.46437
383,363,383,6634.17611,6642.34668,8.17056
384,364,384,6634.03889,6633.74170,0.29719
385,365,385,6649.29125,6634.49219,14.79906
386,366,386,6670.27783,6646.84766,23.43018
387,367,387,6703.74360,6668.48438,35.25922
388,368,388,6733.36322,6699.86230,33.50091
389,369,389,6772.86904,6723.34814,49.52089
390,370,390,6797.70075,6759.85596,37.84479
391,371,391,6761.67025,6784.56885,22.89860
392,372,392,6767.51608,6748.15820,19.35788
393,373,393,6721.05545,6753.47510,32.41965
394,374,394,6676.49061,6711.42871,34.93810
395,375,395,6638.85975,6672.36377,33.50402
396,376,396,6635.67630,6637.72705,2.05075
397,377,397,6626.74647,6636.43164,9.68517
398,378,398,6648.09656,6631.97754,16.11902
399,379,399,6664.60785,6648.01758,16.59028
400,380,400,6701.97210,6665.33203,36.64007
401,381,401,6725.82588,6700.69336,25.13252
402,382,402,6776.98936,6718.73193,58.25743
403,383,403,6822.14885,6765.54199,56.60686
404,384,404,6826.11416,6812.61914,13.49502
405,385,405,6834.62229,6815.21924,19.40305
406,386,406,6764.98877,6822.87598,57.88721
407,387,407,6699.10104,6750.68604,51.58499
408,388,408,6703.00120,6694.44238,8.55882
409,389,409,6698.65181,6698.00049,0.65132
410,390,410,6713.67185,6694.86328,18.80857
411,391,411,6707.56884,6706.66211,0.90673
412,392,412,6693.80414,6702.42188,8.61773
413,393,413,6716.71600,6691.91113,24.80487
414,394,414,6758.64636,6709.75635,48.89001
415,395,415,6798.19410,6746.35107,51.84303
416,396,416,6781.93963,6784.64795,2.70832
417,397,417,6786.66252,6767.54346,19.11907
418,398,418,6745.88386,6771.36035,25.47649
419,399,419,6742.56165,6732.14893,10.41273
420,400,420,6775.82506,6728.93799,46.88707
421,401,421,6804.89786,6759.13037,45.76749
422,402,422,6802.05737,6787.07812,14.97924
423,403,423,6826.23838,6784.27539,41.96299
424,404,424,6828.75879,6808.26758,20.49121
425,405,425,6773.06375,6810.85205,37.78830
426,406,426,6752.26761,6756.47363,4.20602
427,407,427,6734.19682,6737.19434,2.99751
428,408,428,6708.69985,6721.22949,12.52964
429,409,429,6702.21531,6699.31689,2.89842
430,410,430,6699.93652,6693.31299,6.62353
431,411,431,6719.38393,6691.10645,28.27748
432,412,432,6737.85031,6708.12207,29.72824
433,413,433,6760.38555,6724.38086,36.00469
434,414,434,6747.06538,6744.30225,2.76313
435,415,435,6713.89472,6732.43457,18.53985
436,416,436,6676.55958,6703.75391,27.19432
437,417,437,6628.93429,6666.26709,37.33280
438,418,438,6628.15935,6628.32812,0.16877
439,419,439,6622.56917,6628.98291,6.41374
440,420,440,6637.06743,6627.27002,9.79741
441,421,441,6664.71597,6636.01367,28.70230
442,422,442,6678.75801,6660.98242,17.77559
443,423,443,6699.08430,6677.60693,21.47736
444,424,444,6729.56719,6698.23291,31.33428
445,425,445,6729.13779,6722.89844,6.23935
446,426,446,6728.01006,6722.79785,5.21221
447,427,447,6746.38610,6721.96436,24.42175
448,428,448,6721.40693,6738.49707,17.09014
449,429,449,6726.58036,6716.25586,10.32450
450,430,450,6732.72142,6720.65381,12.06761
451,431,451,6731.25801,6725.99023,5.26778
452,432,452,6747.14136,6724.67773,22.46363
453,433,453,6772.07772,6738.94434,33.13338
454,434,454,6787.29322,6763.19336,24.09986
455,435,455,6765.11868,6778.70264,13.58396
456,436,456,6742.23865,6755.85938,13.62073
457,437,457,6706.32311,6733.87207,27.54896
458,438,458,6678.40373,6703.03320,24.62947
459,439,459,6681.76075,6676.06055,5.70021
460,440,460,6698.90306,6678.97656,19.92650
461,441,461,6710.00901,6696.11084,13.89817
462,442,462,6719.24335,6704.56250,14.68085
463,443,463,6692.94394,6711.75488,18.81094
464,444,464,6683.87351,6689.78857,5.91507
465,445,465,6681.88064,6680.33838,1.54226
466,446,466,6704.21802,6678.71973,25.49829
467,447,467,6736.76215,6701.05664,35.70550
468,448,468,6756.84208,6728.44531,28.39677
469,449,469,6717.98779,6746.67529,28.68750
470,450,470,6698.62893,6711.81348,13.18455
471,451,471,6693.75592,6696.77588,3.01996
472,452,472,6701.54137,6692.65527,8.88610
473,453,473,6711.02984,6699.89453,11.13531
474,454,474,6689.40451,6707.18213,17.77762
475,455,475,6674.30586,6689.77588,15.47002
476,456,476,6713.69691,6674.30273,39.39417
477,457,477,6700.47430,6710.52393,10.04963
478,458,478,6709.55455,6700.43066,9.12388
479,459,479,6679.84275,6707.08545,27.24270
480,460,480,6663.19699,6680.32812,17.13114
481,461,481,6669.87510,6662.37305,7.50205
482,462,482,6678.00637,6670.49072,7.51564
483,463,483,6715.01502,6679.75146,35.26356
484,464,484,6763.65431,6712.52637,51.12794
485,465,485,6783.66397,6757.00244,26.66152
486,466,486,6794.17261,6776.80176,17.37085
487,467,487,6814.87098,6787.22803,27.64295
488,468,488,6826.89596,6807.71924,19.17672
489,469,489,6820.13194,6819.92822,0.20371
490,470,490,6816.41738,6812.15869,4.25869
491,471,491,6772.73435,6807.71191,34.97756
492,472,492,6724.45170,6763.31738,38.86569
493,473,493,6717.58843,6718.68213,1.09370
494,474,494,6719.57083,6712.62695,6.94387
495,475,495,6739.01728,6714.14941,24.86787
496,476,496,6755.84522,6731.00342,24.84180
497,477,497,6752.74011,6745.95068,6.78943
498,478,498,6750.28754,6742.77832,7.50922
499,479,499,6746.44281,6740.39160,6.05121
500,480,500,6793.76412,6736.57031,57.19381
501,481,501,6793.37199,6781.54297,11.82902
502,482,502,6784.86934,6780.27539,4.59395
503,483,503,6798.06770,6771.11914,26.94856
504,484,504,6747.16645,6783.44141,36.27496
505,485,505,6736.82762,6734.96240,1.86521
506,486,506,6726.04914,6725.64453,0.40461
507,487,507,6735.91409,6716.45459,19.45950
508,488,508,6750.99683,6725.63721,25.35962
509,489,509,6775.45338,6739.79297,35.66041
510,490,510,6790.70494,6763.19727,27.50767
511,491,511,6791.59585,6778.57520,13.02066
512,492,512,6795.33521,6779.43896,15.89624
513,493,513,6771.45027,6782.71533,11.26506
514,494,514,6746.23418,6758.73438,12.50019
515,495,515,6784.10591,6734.85498,49.25093
516,496,516,6806.26736,6770.82715,35.44022
517,497,517,6801.15408,6792.14014,9.01394
518,498,518,6795.34857,6787.05273,8.29583
519,499,519,6796.04877,6781.28760,14.76117
520,500,520,6805.01726,6781.68945,23.32781
521,501,521,6837.99222,6790.20557,47.78666
522,502,522,6857.08927,6820.63867,36.45060
523,503,523,6875.46979,6837.47559,37.99420
524,504,524,6915.40148,6851.62354,63.77795
525,505,525,6910.48373,6876.58057,33.90317
526,506,526,6843.12238,6872.64941,29.52703
527,507,527,6802.05693,6821.94141,19.88448
528,508,528,6747.88782,6784.30908,36.42127
529,509,529,6723.30164,6733.11523,9.81360
530,510,530,6747.57858,6711.79590,35.78268
531,511,531,6761.94748,6733.71436,28.23312
532,512,532,6763.54668,6747.87109,15.67559
533,513,533,6762.35090,6749.62988,12.72101
534,514,534,6796.53670,6748.58936,47.94734
535,515,535,6842.92375,6780.65381,62.26995
536,516,536,6803.40722,6822.39648,18.98926
537,517,537,6787.66840,6786.82373,0.84467
538,518,538,6773.68022,6772.52051,1.15971
539,519,539,6748.69713,6759.39502,10.69789
540,520,540,6742.72546,6735.64453,7.08093
541,521,541,6750.52583,6730.30371,20.22212
542,522,542,6770.14840,6738.35059,31.79781
543,523,543,6777.45161,6757.50684,19.94478
544,524,544,6810.04918,6764.91064,45.13854
545,525,545,6799.91520,6796.19629,3.71891
546,526,546,6832.87441,6786.98730,45.88711
547,527,547,6839.91153,6817.48242,22.42911
548,528,548,6813.91547,6823.87305,9.95758
549,529,549,6750.01271,6799.75781,49.74510
550,530,550,6732.61472,6738.45752,5.84280
551,531,551,6708.32225,6722.23096,13.90871
552,532,552,6697.65062,6701.75293,4.10231
553,533,553,6714.59798,6691.46094,23.13704
554,534,554,6746.39458,6708.54150,37.85308
555,535,555,6755.08915,6737.18701,17.90214
556,536,556,6736.81715,6745.59473,8.77758
557,537,557,6720.72658,6728.98926,8.26268
558,538,558,6772.78348,6714.88818,57.89530
559,539,559,6782.75919,6763.74805,19.01114
560,540,560,6767.51959,6773.41748,5.89789
561,541,561,6752.84983,6758.30518,5.45534
562,542,562,6749.37376,6744.18604,5.18773
563,543,563,6751.28786,6741.04883,10.23903
564,544,564,6770.18489,6743.04053,27.14437
565,545,565,6774.90127,6761.59180,13.30947
566,546,566,6790.08062,6766.37598,23.70464
567,547,567,6791.41520,6781.67725,9.73795
568,548,568,6788.78048,6783.17480,5.60568
569,549,569,6763.93845,6780.67969,16.74124
570,550,570,6750.69833,6755.67041,4.97208
571,551,571,6691.97008,6742.91162,50.94154
572,552,572,6664.73061,6689.31104,24.58042
573,553,573,6661.01513,6658.57959,2.43554
574,554,574,6679.43031,6655.55762,23.87269
575,555,575,6676.25686,6677.50244,1.24558
576,556,576,6709.55474,6674.96143,34.59331
577,557,577,6753.18564,6709.11133,44.07431
578,558,578,6796.88616,6747.35693,49.52923
579,559,579,6845.41899,6791.52490,53.89408
580,560,580,6876.48393,6837.07178,39.41216
581,561,581,6875.48035,6861.75537,13.72498
582,562,582,6840.90691,6860.41553,19.50862
583,563,583,6811.54855,6831.40283,19.85428
584,564,584,6759.89591,6804.44189,44.54599
585,565,585,6709.70423,6753.38135,43.67712
586,566,586,6695.77663,6709.29297,13.51634
587,567,587,6733.51527,6697.26416,36.25111
588,568,588,6751.94714,6730.29102,21.65613
589,569,589,6771.10919,6747.40332,23.70587
590,570,590,6791.81218,6766.62695,25.18523
591,571,591,6764.06974,6787.38232,23.31258
592,572,592,6743.85346,6758.83398,14.98053
593,573,593,6754.70722,6738.74902,15.95819
594,574,594,6700.20118,6748.19287,47.99169
595,575,595,6682.14559,6699.18066,17.03507
596,576,596,6678.39459,6678.58691,0.19232
597,577,597,6671.79157,6674.45508,2.66351
598,578,598,6674.48539,6667.37891,7.10648
599,579,599,6732.11122,6672.27295,59.83828
600,580,600,6750.77877,6729.41846,21.36031
601,581,601,6772.36336,6746.88232,25.48103
602,582,602,6774.20920,6768.74561,5.46359
603,583,603,6758.88349,6770.77490,11.89141
604,584,604,6754.38909,6755.45654,1.06745
605,585,605,6795.04061,6750.91406,44.12654
606,586,606,6821.08235,6792.01855,29.06379
607,587,607,6804.40497,6816.50879,12.10382
608,588,608,6762.75445,6800.32422,37.56977
609,589,609,6743.88685,6758.13428,14.24743
610,590,610,6729.10182,6740.12012,11.01829
611,591,611,6737.60498,6726.91699,10.68799
612,592,612,6755.71000,6734.83789,20.87211
613,593,613,6752.33127,6751.75732,0.57394
614,594,614,6720.20177,6748.55811,28.35634
615,595,615,6670.14792,6719.15967,49.01174
616,596,616,6670.39955,6669.18457,1.21498
617,597,617,6680.92601,6669.66602,11.26000
618,598,618,6701.54973,6682.40137,19.14836
619,599,619,6701.00460,6703.87256,2.86796
620,600,620,6715.46119,6703.72266,11.73853
621,601,621,6752.59073,6715.95947,36.63125
622,602,622,6761.06678,6749.60547,11.46132
623,603,623,6776.31789,6758.34082,17.97707
624,604,624,6778.56320,6773.91357,4.64962
625,605,625,6791.14471,6776.17822,14.96648
626,606,626,6748.65548,6789.04590,40.39042
627,607,627,6714.28706,6746.26367,31.97662
628,608,628,6718.65128,6715.89551,2.75577
629,609,629,6716.13473,6719.78076,3.64603
630,610,630,6734.29371,6717.89697,16.39674
631,611,631,6754.43783,6734.00146,20.43636
632,612,632,6766.12113,6752.91260,13.20853
633,613,633,6763.22485,6764.98730,1.76245
634,614,634,6759.66289,6762.00488,2.34199
635,615,635,6759.72452,6758.12891,1.59562
636,616,636,6816.30785,6757.51904,58.78880
637,617,637,6819.00661,6813.45508,5.55153
638,618,638,6789.83286,6814.82471,24.99185
639,619,639,6709.97142,6785.82324,75.85182
640,620,640,6696.47427,6710.27490,13.80063
641,621,641,6733.77997,6698.19385,35.58612
642,622,642,6780.37816,6730.92920,49.44896
643,623,643,6795.99317,6776.77490,19.21826
644,624,644,6823.23060,6792.43896,30.79164
645,625,645,6834.42952,6818.07715,16.35237
646,626,646,6865.28951,6827.68945,37.60005
647,627,647,6843.75806,6852.29541,8.53735
648,628,648,6794.76088,6833.85791,39.09703
649,629,649,6737.04903,6789.05469,52.00565
650,630,650,6727.35557,6732.11035,4.75478
651,631,651,6718.54546,6723.38965,4.84419
652,632,652,6710.31488,6716.79346,6.47857
653,633,653,6714.20239,6710.84180,3.36059
654,634,654,6736.16579,6714.39551,21.77029
655,635,655,6763.81637,6733.17041,30.64596
656,636,656,6781.64809,6759.98340,21.66469
657,637,657,6798.59784,6778.26514,20.33270
658,638,658,6781.64677,6795.23877,13.59200
659,639,659,6777.68825,6778.45410,0.76585
660,640,660,6794.61283,6773.89551,20.71732
661,641,661,6814.01721,6789.83057,24.18664
662,642,662,6789.92804,6807.70020,17.77215
663,643,663,6757.18689,6784.57959,27.39270
664,644,664,6730.51583,6751.89990,21.38407
665,645,665,6732.53820,6727.20898,5.32922
666,646,666,6769.26240,6729.71924,39.54316
667,647,667,6782.08500,6765.86963,16.21537
668,648,668,6819.31448,6779.07568,40.23879
669,649,669,6857.03688,6815.25635,41.78053
670,650,670,6859.89811,6846.02393,13.87418
671,651,671,6854.84613,6847.25439,7.59174
672,652,672,6853.11145,6842.22705,10.88440
673,653,673,6797.41857,6839.69629,42.27772
674,654,674,6772.63265,6790.14111,17.50846
675,655,675,6782.95898,6765.35205,17.60693
676,656,676,6758.01993,6775.61426,17.59433
677,657,677,6768.71335,6750.65088,18.06247
678,658,678,6793.54928,6761.73877,31.81051
679,659,679,6823.09118,6786.40479,36.68639
680,660,680,6842.54228,6813.69092,28.85136
681,661,681,6853.57172,6829.83887,23.73286
682,662,682,6864.81557,6838.36865,26.44692
683,663,683,6838.49026,6846.41748,7.92722
684,664,684,6835.97379,6825.17480,10.79898
685,665,685,6809.07249,6821.97852,12.90603
686,666,686,6770.94837,6797.59473,26.64636
687,667,687,6780.80489,6760.87012,19.93478
688,668,688,6811.58825,6770.93213,40.65612
689,669,689,6797.59221,6800.08203,2.48983
690,670,690,6797.31824,6787.47852,9.83972
691,671,691,6802.41361,6787.58594,14.82767
692,672,692,6820.03908,6792.68604,27.35304
693,673,693,6828.30420,6809.20801,19.09620
694,674,694,6811.93341,6816.14795,4.21454
695,675,695,6759.91264,6801.29150,41.37887
696,676,696,6726.98410,6750.97461,23.99051
697,677,697,6761.92461,6721.19287,40.73174
698,678,698,6759.71185,6753.51904,6.19280
699,679,699,6739.01602,6751.69141,12.67538
700,680,700,6748.32621,6732.45068,15.87553
701,681,701,6780.63372,6742.09326,38.54046
702,682,702,6796.30388,6774.87354,21.43035
703,683,703,6800.83800,6790.62793,10.21007
704,684,704,6793.68637,6795.26465,1.57828
705,685,705,6786.79213,6788.50439,1.71227
706,686,706,6755.81994,6781.86523,26.04530
707,687,707,6714.65522,6750.67188,36.01666
708,688,708,6711.23621,6714.85449,3.61829
709,689,709,6718.03077,6712.92773,5.10304
710,690,710,6724.08687,6718.75146,5.33541
711,691,711,6762.80056,6723.95459,38.84597
712,692,712,6781.18945,6761.08643,20.10302
713,693,713,6807.89938,6780.30859,27.59079
714,694,714,6845.44658,6807.12354,38.32305
715,695,715,6873.41125,6839.29736,34.11389
716,696,716,6858.40514,6860.11475,1.70960
717,697,717,6849.55096,6847.92334,1.62762
718,698,718,6802.27840,6840.48340,38.20500
719,699,719,6742.36023,6799.53076,57.17054
720,700,720,6711.82714,6739.75732,27.93019
721,701,721,6721.35423,6714.43848,6.91575
722,702,722,6743.76416,6722.24414,21.52002
723,703,723,6791.96064,6742.62451,49.33613
724,704,724,6819.51737,6791.36816,28.14921
725,705,725,6830.01811,6817.32715,12.69097
726,706,726,6856.65065,6826.12744,30.52321
727,707,727,6834.77718,6846.48047,11.70329
728,708,728,6761.07015,6828.39941,67.32927
729,709,729,6726.38942,6757.44434,31.05492
730,710,730,6727.47972,6725.15039,2.32933
731,711,731,6742.24993,6725.99512,16.25481
732,712,732,6774.73885,6739.50098,35.23787
733,713,733,6819.87984,6771.94043,47.93941
734,714,734,6836.85078,6815.55371,21.29707
735,715,735,6853.39075,6829.89746,23.49329
736,716,736,6865.20226,6842.79785,22.40441
737,717,737,6832.08961,6851.55615,19.46654
738,718,738,6846.63557,6826.21826,20.41731
739,719,739,6811.54487,6837.59521,26.05035
740,720,740,6752.65849,6807.46973,54.81124
741,721,741,6737.51904,6748.63086,11.11182
742,722,742,6760.07423,6733.95703,26.11720
743,723,743,6766.90726,6755.43555,11.47172
744,724,744,6777.45552,6762.55127,14.90425
745,725,745,6799.42460,6774.00195,25.42264
746,726,746,6811.05290,6796.03564,15.01725
747,727,747,6845.20103,6807.33350,37.86753
748,728,748,6850.17455,6836.13770,14.03686
749,729,749,6808.33853,6839.26514,30.92661
750,730,750,6766.25446,6803.15430,36.89984
751,731,751,6742.26580,6760.62842,18.36261
752,732,752,6745.75183,6737.30371,8.44812
753,733,753,6731.14479,6741.02490,9.88012
754,734,754,6739.09204,6728.61426,10.47778
755,735,755,6751.57381,6736.33154,15.24226
756,736,756,6771.02075,6749.07227,21.94848
757,737,757,6782.22547,6769.11182,13.11366
758,738,758,6787.88975,6781.07812,6.81163
759,739,759,6774.76269,6787.15967,12.39698
760,740,760,6776.92163,6773.82568,3.09594
761,741,761,6740.80118,6775.91553,35.11435
762,742,762,6712.85617,6739.41162,26.55545
763,743,763,6737.35723,6716.30908,21.04815
764,744,764,6738.74225,6737.17480,1.56744
765,745,765,6704.78061,6738.90234,34.12173
766,746,766,6687.61171,6711.24561,23.63390
767,747,767,6713.04719,6695.39355,17.65363
768,748,768,6737.00036,6719.21094,17.78943
769,749,769,6768.07868,6740.50635,27.57233
770,750,770,6790.93650,6772.06787,18.86863
771,751,771,6817.52050,6795.78125,21.73925
772,752,772,6858.17470,6820.96973,37.20497
773,753,773,6823.89440,6853.71436,29.81995
774,754,774,6804.19951,6825.35986,21.16036
775,755,775,6823.95443,6806.77002,17.18441
776,756,776,6844.44226,6824.30664,20.13562
777,757,777,6798.72094,6840.59766,41.87671
778,758,778,6757.39498,6800.68506,43.29008
779,759,779,6775.09213,6758.58594,16.50619
780,760,780,6816.82383,6777.08838,39.73545
781,761,781,6826.98946,6817.81201,9.17745
782,762,782,6877.27614,6825.92383,51.35231
783,763,783,6890.16638,6862.59570,27.57068
784,764,784,6846.49401,6870.33398,23.83998
785,765,785,6833.38189,6838.23633,4.85444
786,766,786,6826.41297,6826.58545,0.17248
787,767,787,6777.97393,6818.92969,40.95576
788,768,788,6743.40010,6771.84570,28.44560
789,769,789,6755.47631,6737.56836,17.90795
790,770,790,6736.60614,6749.29199,12.68585
791,771,791,6756.21327,6732.51416,23.69911
792,772,792,6786.02537,6751.39600,34.62937
793,773,793,6804.22199,6782.32422,21.89777
794,774,794,6824.00185,6800.40283,23.59902
795,775,795,6870.78241,6818.32812,52.45429
796,776,796,6847.73138,6853.67627,5.94489
797,777,797,6847.45460,6837.23975,10.21486
798,778,798,6798.59831,6836.75830,38.15999
799,779,799,6786.71638,6794.07715,7.36077
800,780,800,6783.72810,6782.04443,1.68366
801,781,801,6807.26285,6779.41748,27.84537
802,782,802,6821.52117,6802.68701,18.83416
803,783,803,6819.09993,6816.00586,3.09407
804,784,804,6826.46616,6814.29199,12.17417
805,785,805,6809.63221,6820.72803,11.09582
806,786,806,6818.91033,6805.94092,12.96941
807,787,807,6809.02982,6814.56055,5.53073
808,788,808,6843.03550,6805.15723,37.87827
809,789,809,6817.42948,6833.25293,15.82345
810,790,810,6817.48452,6811.19189,6.29263
811,791,811,6808.72126,6810.17529,1.45403
812,792,812,6784.85347,6801.40479,16.55131
813,793,813,6792.80574,6778.03516,14.77058
814,794,814,6789.43516,6786.14453,3.29062
815,795,815,6806.10275,6783.07129,23.03147
816,796,816,6826.93389,6799.95850,26.97539
817,797,817,6875.49023,6818.88330,56.60693
818,798,818,6871.35540,6855.31592,16.03949
819,799,819,6833.22885,6851.93848,18.70962
820,800,820,6806.06313,6823.25488,17.19176
821,801,821,6781.17107,6798.95264,17.78156
822,802,822,6763.09317,6774.46582,11.37265
823,803,823,6734.92520,6756.73682,21.81161
824,804,824,6740.10419,6731.41162,8.69257
825,805,825,6747.94725,6736.72314,11.22410
826,806,826,6742.27053,6744.68945,2.41893
827,807,827,6738.19525,6740.21631,2.02106
828,808,828,6720.69319,6737.24072,16.54753
829,809,829,6754.45108,6723.89014,30.56094
830,810,830,6732.50312,6754.43408,21.93096
831,811,831,6704.36884,6734.43262,30.06378
832,812,832,6744.62287,6712.69629,31.92658
833,813,833,6743.11048,6747.19043,4.07995
834,814,834,6749.88952,6746.22900,3.66051
835,815,835,6769.00212,6753.28857,15.71355
836,816,836,6805.36553,6773.04980,32.31572
837,817,837,6840.74100,6810.43262,30.30838
838,818,838,6832.89435,6841.19824,8.30389
839,819,839,6775.88308,6835.13916,59.25608
840,820,840,6752.95297,6781.05371,28.10074
841,821,841,6719.13023,6757.55908,38.42885
842,822,842,6693.23132,6726.63330,33.40198
843,823,843,6668.16915,6706.06934,37.90018
844,824,844,6682.92042,6678.24902,4.67140
845,825,845,6714.51685,6697.53906,16.97778
846,826,846,6744.05709,6725.28809,18.76900
847,827,847,6776.61874,6751.95850,24.66025
848,828,848,6765.16242,6785.44238,20.27996
849,829,849,6766.51701,6772.84375,6.32674
850,830,850,6698.69048,6774.22754,75.53706
851,831,851,6692.24788,6712.74805,20.50017
852,832,852,6730.14823,6707.37354,22.77470
853,833,853,6768.47917,6738.94434,29.53483
854,834,854,6805.48980,6777.04932,28.44048
855,835,855,6828.43410,6814.55859,13.87550
856,836,856,6869.16618,6834.78857,34.37761
857,837,857,6908.83559,6865.76318,43.07240
858,838,858,6912.06834,6896.08740,15.98094
859,839,859,6893.95171,6898.62305,4.67133
860,840,860,6854.44198,6882.83057,28.38858
861,841,861,6860.09800,6853.55469,6.54331
862,842,862,6818.54076,6856.36914,37.82838
863,843,863,6827.43631,6822.62158,4.81473
864,844,864,6787.74548,6828.49414,40.74866
865,845,865,6794.08420,6789.59717,4.48703
866,846,866,6811.32949,6794.91553,16.41397
867,847,867,6831.32335,6810.93115,20.39220
868,848,868,6823.68846,6827.99756,4.30910
869,849,869,6824.18675,6820.83008,3.35667
870,850,870,6840.13006,6820.63428,19.49578
871,851,871,6819.74715,6831.99219,12.24504
872,852,872,6823.64442,6812.83154,10.81288
873,853,873,6826.28335,6814.86084,11.42251
874,854,874,6795.27853,6816.38574,21.10721
875,855,875,6793.25316,6787.75342,5.49974
876,856,876,6797.32272,6786.09814,11.22458
877,857,877,6798.88831,6790.67432,8.21400
878,858,878,6804.91202,6792.84717,12.06485
879,859,879,6825.15273,6799.40674,25.74599
880,860,880,6830.82571,6818.34912,12.47659
881,861,881,6865.30833,6823.39697,41.91136
882,862,882,6855.65658,6849.39062,6.26596
883,863,883,6842.87605,6842.27539,0.60066
884,864,884,6848.42403,6832.92139,15.50265
885,865,885,6844.00603,6836.51416,7.49187
886,866,886,6831.71529,6832.84326,1.12797
887,867,887,6823.44279,6822.69385,0.74894
888,868,888,6837.83633,6815.70508,22.13125
889,869,889,6846.91849,6827.82666,19.09183
890,870,890,6852.59509,6834.74902,17.84607
891,871,891,6844.24485,6838.78857,5.45628
892,872,892,6852.48643,6832.54443,19.94200
893,873,893,6848.91042,6838.38770,10.52273
894,874,894,6848.30082,6835.69531,12.60551
895,875,895,6826.80403,6834.79395,7.98991
896,876,896,6815.35875,6816.99805,1.63930
897,877,897,6808.54800,6806.70459,1.84341
898,878,898,6830.81775,6800.15625,30.66150
899,879,899,6831.26916,6819.85938,11.40979
900,880,900,6836.32151,6820.21143,16.11008
901,881,901,6835.49441,6824.37354,11.12088
902,882,902,6796.60273,6823.94092,27.33819
903,883,903,6768.43707,6789.17529,20.73823
904,884,904,6740.06030,6761.86963,21.80932
905,885,905,6734.95616,6736.53125,1.57509
906,886,906,6693.83557,6733.60986,39.77429
907,887,907,6714.90332,6701.48779,13.41552
908,888,908,6728.80981,6721.23096,7.57885
909,889,909,6738.89498,6732.97168,5.92330
910,890,910,6769.19078,6742.15625,27.03453
911,891,911,6761.68311,6771.96240,10.27929
912,892,912,6797.18161,6765.07764,32.10397
913,893,913,6793.74821,6801.49316,7.74496
914,894,914,6757.22038,6798.31543,41.09505
915,895,915,6747.02520,6761.80518,14.77997
916,896,916,6753.33947,6752.31348,1.02600
917,897,917,6762.78105,6759.16943,3.61161
918,898,918,6799.89051,6769.00830,30.88221
919,899,919,6835.45892,6807.42041,28.03851
920,900,920,6864.44943,6839.36768,25.08175
921,901,921,6889.10847,6861.07715,28.03132
922,902,922,6879.30819,6880.23193,0.92374
923,903,923,6860.99848,6871.74854,10.75005
924,904,924,6855.06320,6857.40723,2.34402
925,905,925,6870.15163,6852.12402,18.02760
926,906,926,6847.42191,6861.76758,14.34567
927,907,927,6802.72541,6843.65723,40.93182
928,908,928,6805.55094,6804.10303,1.44791
929,909,929,6781.58307,6805.80078,24.21772
930,910,930,6782.58384,6781.29102,1.29283
931,911,931,6790.17857,6782.10840,8.07017
932,912,932,6802.71525,6789.14600,13.56925
933,913,933,6808.77015,6801.70557,7.06458
934,914,934,6837.98885,6807.50635,30.48251
935,915,935,6855.20338,6832.26318,22.94019
936,916,936,6877.74417,6844.00293,33.74124
937,917,937,6827.06403,6859.52295,32.45892
938,918,938,6833.40789,6819.87305,13.53485
939,919,939,6810.65472,6824.88672,14.23200
940,920,940,6806.89707,6804.80859,2.08847
941,921,941,6775.72582,6801.66553,25.93971
942,922,942,6777.82674,6771.72510,6.10165
943,923,943,6787.36270,6774.70410,12.65860
944,924,944,6807.90967,6784.86621,23.04346
945,925,945,6846.79777,6805.61133,41.18644
946,926,946,6834.98502,6839.24756,4.26254
947,927,947,6820.54166,6830.03564,9.49398
948,928,948,6795.42643,6817.60645,22.18002
949,929,949,6775.72110,6793.30176,17.58065
950,930,950,6739.03619,6773.81445,34.77826
951,931,951,6733.11485,6739.23584,6.12099
952,932,952,6731.36158,6735.14404,3.78246
953,933,953,6719.24391,6734.68262,15.43871
954,934,954,6737.21770,6726.39014,10.82756
955,935,955,6756.39813,6741.61377,14.78436
956,936,956,6777.60286,6760.34619,17.25666
957,937,957,6792.65865,6782.20557,10.45309
958,938,958,6796.71145,6797.70996,0.99851
959,939,959,6858.78104,6802.08545,56.69559
960,940,960,6900.14351,6854.95850,45.18502
961,941,961,6883.43480,6889.22021,5.78541
962,942,962,6840.26415,6873.37354,33.10939
963,943,963,6771.31755,6839.73096,68.41341
964,944,964,6766.61502,6775.28857,8.67355
965,945,965,6780.14314,6770.97803,9.16511
966,946,966,6804.22492,6785.16748,19.05744
967,947,967,6813.76606,6809.65186,4.11420
968,948,968,6832.96946,6818.88525,14.08421
969,949,969,6856.66142,6835.26318,21.39823
970,950,970,6858.85140,6852.66602,6.18539
971,951,971,6853.86067,6853.14990,0.71076
972,952,972,6831.56768,6848.33447,16.76679
973,953,973,6811.36257,6829.95605,18.59349
974,954,974,6792.79342,6810.53076,17.73734
975,955,975,6755.77181,6791.32471,35.55290
976,956,976,6749.03963,6754.70166,5.66203
977,957,977,6767.44731,6748.96143,18.48588
978,958,978,6786.02273,6767.23340,18.78933
979,959,979,6815.85667,6785.84717,30.00950
980,960,980,6836.26186,6815.35400,20.90785
981,961,981,6834.26524,6833.21533,1.04991
982,962,982,6815.11810,6831.79150,16.67341
983,963,983,6800.89024,6815.31445,14.42422
984,964,984,6774.62121,6800.97900,26.35779
985,965,985,6747.08515,6774.90186,27.81671
986,966,986,6731.95601,6748.53711,16.58110
987,967,987,6732.56038,6736.33105,3.77068
988,968,988,6749.12489,6737.76514,11.35975
989,969,989,6793.48623,6753.31250,40.17373
990,970,990,6844.02991,6797.70361,46.32630
991,971,991,6872.83481,6843.25049,29.58432
992,972,992,6904.57776,6865.27344,39.30433
993,973,993,6906.53738,6894.19922,12.33816
994,974,994,6885.07350,6895.73193,10.65843
995,975,995,6886.51220,6874.97266,11.53954
996,976,996,6814.64296,6875.21387,60.57090
997,977,997,6775.63984,6815.77393,40.13409
998,978,998,6753.00166,6777.66211,24.66045
999,979,999,6756.98910,6755.69141,1.29769
1000,980,1000,6781.59745,6760.14844,21.44901
1001,981,1001,6792.17984,6785.26123,6.91861
1002,982,1002,6814.82967,6795.90088,18.92879
1003,983,1003,6841.91562,6818.25439,23.66123
1004,984,1004,6883.96994,6840.99414,42.97580
1005,985,1005,6912.13798,6873.56543,38.57255
1006,986,1006,6912.23276,6899.16748,13.06528
1007,987,1007,6914.28983,6897.95996,16.32987
1008,988,1008,6855.33059,6898.56299,43.23239
1009,989,1009,6794.24532,6845.06934,50.82401
1010,990,1010,6780.50205,6791.25488,10.75283
1011,991,1011,6780.44705,6778.67529,1.77176
1012,992,1012,6798.18469,6779.44971,18.73499
1013,993,1013,6826.49160,6797.24316,29.24843
1014,994,1014,6843.73285,6824.49170,19.24115
1015,995,1015,6837.24892,6838.86426,1.61534
1016,996,1016,6847.73333,6833.84961,13.88372
1017,997,1017,6835.24274,6842.10303,6.86029
1018,998,1018,6814.21817,6831.31348,17.09530
1019,999,1019,6812.02542,6811.46777,0.55765
1020,1000,1020,6798.21721,6808.56250,10.34529
1021,1001,1021,6762.36545,6795.09570,32.73026
1022,1002,1022,6732.65073,6760.46338,27.81265
1023,1003,1023,6737.68003,6735.57861,2.10142
1024,1004,1024,6763.96435,6740.67139,23.29296
1025,1005,1025,6798.86029,6765.82812,33.03217
1026,1006,1026,6835.95385,6800.60938,35.34448
1027,1007,1027,6867.03010,6834.92822,32.10188
1028,1008,1028,6863.61764,6859.31982,4.29782
1029,1009,1029,6837.56180,6856.65723,19.09543
1030,1010,1030,6834.96663,6835.91260,0.94597
1031,1011,1031,6837.23395,6833.25098,3.98297
1032,1012,1032,6831.71399,6834.55908,2.84509
1033,1013,1033,6780.71179,6829.71191,49.00013
1034,1014,1034,6764.85150,6782.19922,17.34772
1035,1015,1035,6772.93553,6767.23340,5.70213
1036,1016,1036,6802.74537,6775.94629,26.79908
1037,1017,1037,6815.58474,6805.37744,10.20729
1038,1018,1038,6825.64337,6818.05908,7.58429
1039,1019,1039,6840.81828,6827.06787,13.75041
1040,1020,1040,6823.30004,6839.67969,16.37965
1041,1021,1041,6841.89431,6824.63867,17.25564
1042,1022,1042,6843.94895,6839.60400,4.34495
1043,1023,1043,6774.35944,6840.00732,65.64788
1044,1024,1044,6759.65473,6774.55420,14.89947
1045,1025,1045,6741.82054,6760.11377,18.29323
1046,1026,1046,6759.91906,6744.83008,15.08898
1047,1027,1047,6776.11222,6762.15723,13.95499
1048,1028,1048,6780.34746,6779.03809,1.30938
1049,1029,1049,6777.21301,6783.74512,6.53211
1050,1030,1050,6775.65843,6781.20850,5.55007
1051,1031,1051,6739.47576,6780.20361,40.72786
1052,1032,1052,6728.97149,6746.44727,17.47577
1053,1033,1053,6730.83154,6738.48145,7.64990
1054,1034,1054,6707.50342,6740.69092,33.18750
1055,1035,1055,6679.11408,6723.12402,44.00994
1056,1036,1056,6718.64252,6698.76807,19.87446
1057,1037,1057,6747.53691,6733.93213,13.60478
1058,1038,1058,6791.25765,6759.63281,31.62483
1059,1039,1059,6833.57499,6802.94922,30.62578
1060,1040,1060,6862.23297,6842.65869,19.57427
1061,1041,1061,6866.60330,6865.90381,0.69949
1062,1042,1062,6880.57487,6869.72803,10.84684
1063,1043,1063,6905.26202,6882.18359,23.07843
1064,1044,1064,6891.04742,6904.35254,13.30511
1065,1045,1065,6863.35061,6890.81348,27.46286
1066,1046,1066,6887.16028,6864.43262,22.72767
1067,1047,1067,6908.78006,6885.19873,23.58133
1068,1048,1068,6885.69236,6904.83691,19.14455
1069,1049,1069,6904.86429,6882.45605,22.40824
1070,1050,1070,6926.23534,6900.42627,25.80907
1071,1051,1071,6950.69463,6918.42090,32.27373
1072,1052,1072,6951.03942,6936.22119,14.81822
1073,1053,1073,6933.77398,6935.85840,2.08442
1074,1054,1074,6925.42379,6921.93457,3.48921
1075,1055,1075,6922.48251,6913.36084,9.12167
1076,1056,1076,6926.84718,6907.98633,18.86085
1077,1057,1077,6929.65454,6909.93457,19.71996
1078,1058,1078,6886.20734,6910.93408,24.72674
1079,1059,1079,6830.08791,6865.88428,35.79637
1080,1060,1080,6815.25143,6816.21484,0.96341
1081,1061,1081,6820.75925,6803.82373,16.93552
1082,1062,1082,6826.55178,6809.16162,17.39016
1083,1063,1083,6835.92623,6814.79736,21.12887
1084,1064,1084,6847.14802,6823.65723,23.49080
1085,1065,1085,6829.55032,6834.35352,4.80319
1086,1066,1086,6805.78399,6818.65283,12.86884
1087,1067,1087,6763.56166,6798.27148,34.70982
1088,1068,1088,6740.67495,6759.70996,19.03501
1089,1069,1089,6694.04134,6741.43164,47.39030
1090,1070,1090,6698.42324,6704.55029,6.12705
1091,1071,1091,6720.21386,6711.78564,8.42822
1092,1072,1092,6756.33467,6731.92480,24.40987
1093,1073,1093,6799.70599,6763.42627,36.27972
1094,1074,1094,6833.59205,6805.34082,28.25123
1095,1075,1095,6877.82513,6837.27100,40.55414
1096,1076,1096,6910.74264,6874.62158,36.12105
1097,1077,1097,6934.93863,6906.09229,28.84635
1098,1078,1098,6945.23661,6926.02197,19.21464
1099,1079,1099,6886.24832,6933.64307,47.39474
1100,1080,1100,6844.22815,6882.88623,38.65808
1101,1081,1101,6824.41854,6846.25928,21.84074
1102,1082,1102,6799.14088,6828.78613,29.64525
1103,1083,1103,6810.66605,6805.08447,5.58158
1104,1084,1104,6830.69099,6816.20166,14.48933
1105,1085,1105,6851.35005,6835.25488,16.09517
1106,1086,1106,6863.51538,6852.74951,10.76587
1107,1087,1107,6875.12398,6862.22363,12.90035
1108,1088,1108,6865.40408,6871.59277,6.18870
1109,1089,1109,6887.33570,6861.75195,25.58374
1110,1090,1110,6875.64321,6879.73193,4.08873
1111,1091,1111,6851.06691,6866.24316,15.17625
1112,1092,1112,6813.76572,6843.42822,29.66250
1113,1093,1113,6766.62666,6807.92578,41.29912
1114,1094,1114,6758.34761,6764.20557,5.85795
1115,1095,1115,6762.94891,6757.79443,5.15448
1116,1096,1116,6790.40606,6763.23096,27.17510
1117,1097,1117,6816.89047,6790.11328,26.77719
1118,1098,1118,6817.83381,6815.60303,2.23078
1119,1099,1119,6833.71483,6816.97168,16.74315
1120,1100,1120,6850.61390,6832.47119,18.14271
1121,1101,1121,6877.49319,6847.26025,30.23294
1122,1102,1122,6905.68243,6870.03125,35.65118
1123,1103,1123,6869.62758,6897.47559,27.84800
1124,1104,1124,6864.55808,6862.10010,2.45798
1125,1105,1125,6814.69786,6857.75781,43.05996
1126,1106,1126,6823.59933,6813.08301,10.51632
1127,1107,1127,6853.35055,6821.99072,31.35983
1128,1108,1128,6879.48323,6849.01807,30.46516
1129,1109,1129,6891.17212,6871.79541,19.37671
1130,1110,1130,6902.55055,6883.48975,19.06080
1131,1111,1131,6896.13544,6895.08252,1.05292
1132,1112,1132,6914.89611,6888.62695,26.26916
1133,1113,1133,6959.49283,6906.38672,53.10611
1134,1114,1134,6957.02436,6941.09277,15.93159
1135,1115,1135,6968.06503,6938.89795,29.16708
1136,1116,1136,6952.50508,6945.48779,7.01728
1137,1117,1137,6875.63453,6934.62012,58.98559
1138,1118,1138,6844.00193,6862.58691,18.58498
1139,1119,1139,6835.62006,6833.72070,1.89936
1140,1120,1140,6851.84571,6825.87549,25.97023
1141,1121,1141,6866.88851,6841.01172,25.87679
1142,1122,1142,6880.01450,6854.69336,25.32114
1143,1123,1143,6891.27092,6866.64746,24.62346
1144,1124,1144,6855.00394,6877.71680,22.71286
1145,1125,1145,6861.86343,6844.34912,17.51431
1146,1126,1146,6827.79671,6850.04297,22.24626
1147,1127,1147,6813.90375,6818.27832,4.37457
1148,1128,1148,6824.72470,6806.07861,18.64609
1149,1129,1149,6838.44241,6816.47656,21.96585
1150,1130,1150,6859.07602,6829.97559,29.10044
1151,1131,1151,6877.86315,6849.29980,28.56334
1152,1132,1152,6892.09895,6866.14502,25.95393
1153,1133,1153,6862.49686,6880.47510,17.97824
1154,1134,1154,6847.33109,6852.86768,5.53658
1155,1135,1155,6837.16449,6839.66943,2.50494
1156,1136,1156,6829.30957,6830.63281,1.32325
1157,1137,1157,6833.57073,6823.75928,9.81145
1158,1138,1158,6829.04592,6828.18359,0.86233
1159,1139,1159,6842.53833,6824.06934,18.46899
1160,1140,1160,6858.85761,6836.86377,21.99384
1161,1141,1161,6876.24849,6851.64258,24.60591
1162,1142,1162,6879.10756,6866.98584,12.12172
1163,1143,1163,6874.88196,6869.78076,5.10120
1164,1144,1164,6823.73710,6865.90869,42.17160
1165,1145,1165,6849.74364,6819.28369,30.45995
1166,1146,1166,6871.90406,6844.08057,27.82349
1167,1147,1167,6876.02849,6863.47852,12.54998
1168,1148,1168,6852.03861,6866.83984,14.80123
1169,1149,1169,6859.93821,6845.28125,14.65696
1170,1150,1170,6894.43964,6852.30908,42.13056
1171,1151,1171,6898.35594,6885.16553,13.19041
1172,1152,1172,6929.03071,6889.36133,39.66938
1173,1153,1173,6964.21700,6918.23096,45.98605
1174,1154,1174,6954.48467,6944.94873,9.53594
1175,1155,1175,6903.30909,6938.59619,35.28710
1176,1156,1176,6873.62441,6894.05176,20.42734
1177,1157,1177,6846.42389,6863.43164,17.00775
1178,1158,1178,6809.25733,6838.30420,29.04686
1179,1159,1179,6791.68728,6803.33594,11.64866
1180,1160,1180,6793.87494,6787.48193,6.39301
1181,1161,1181,6824.14072,6790.42773,33.71298
1182,1162,1182,6840.20926,6819.73682,20.47245
1183,1163,1183,6851.85628,6835.46143,16.39485
1184,1164,1184,6857.44940,6846.70264,10.74676
1185,1165,1185,6875.21104,6851.46143,23.74962
1186,1166,1186,6888.17683,6867.34229,20.83454
1187,1167,1187,6832.20893,6880.49023,48.28131
1188,1168,1188,6759.81937,6827.93066,68.11129
1189,1169,1189,6746.98708,6761.09912,14.11204
1190,1170,1190,6773.14994,6751.41309,21.73686
1191,1171,1191,6789.24403,6776.18701,13.05702
1192,1172,1192,6805.05464,6791.99805,13.05659
1193,1173,1193,6812.63573,6807.60791,5.02782
1194,1174,1194,6823.08023,6815.37402,7.70620
1195,1175,1195,6831.67981,6826.09814,5.58166
1196,1176,1196,6846.53431,6834.81689,11.71742
1197,1177,1197,6869.83919,6848.68750,21.15169
1198,1178,1198,6825.58376,6869.56348,43.97972
1199,1179,1199,6793.54723,6828.75732,35.21009
1200,1180,1200,6798.84092,6797.33301,1.50791
1201,1181,1201,6782.32496,6802.40088,20.07592
1202,1182,1202,6791.80585,6787.40674,4.39911
1203,1183,1203,6773.83893,6796.69434,22.85540
1204,1184,1204,6781.68662,6780.62500,1.06162
1205,1185,1205,6812.29179,6788.72168,23.57011
1206,1186,1206,6822.75637,6818.50439,4.25198
1207,1187,1207,6848.87960,6829.24951,19.63009
1208,1188,1208,6867.45768,6853.75146,13.70621
1209,1189,1209,6895.95739,6869.68213,26.27526
1210,1190,1210,6849.81611,6896.50586,46.68975
1211,1191,1211,6806.23088,6851.86523,45.63435
1212,1192,1212,6770.23223,6809.48584,39.25361
1213,1193,1213,6791.32067,6775.61621,15.70446
1214,1194,1214,6831.27936,6795.83203,35.44733
1215,1195,1215,6868.71780,6835.27832,33.43948
1216,1196,1216,6871.55043,6869.57129,1.97914
1217,1197,1217,6903.46446,6872.31348,31.15099
1218,1198,1218,6923.55267,6903.58594,19.96673
1219,1199,1219,6925.47313,6921.04346,4.42968
1220,1200,1220,6914.82102,6922.37451,7.55349
1221,1201,1221,6844.85179,6912.96533,68.11354
1222,1202,1222,6807.82698,6845.82910,38.00213
1223,1203,1223,6798.48728,6809.48340,10.99612
1224,1204,1224,6805.45531,6799.99658,5.45873
1225,1205,1225,6824.59409,6806.39209,18.20200
1226,1206,1226,6843.58065,6825.26465,18.31600
1227,1207,1227,6869.53496,6843.49512,26.03984
1228,1208,1228,6872.43987,6867.49414,4.94573
1229,1209,1229,6884.50974,6870.38867,14.12106
1230,1210,1230,6900.89575,6882.73486,18.16089
1231,1211,1231,6895.86768,6899.05029,3.18262
1232,1212,1232,6797.78998,6893.72998,95.94000
1233,1213,1233,6770.88353,6797.61182,26.72829
1234,1214,1234,6769.05839,6772.92822,3.86983
1235,1215,1235,6781.88016,6772.26660,9.61356
1236,1216,1236,6798.40699,6785.13818,13.26880
1237,1217,1237,6801.58643,6801.35400,0.23243
1238,1218,1238,6813.23579,6805.06152,8.17427
1239,1219,1239,6828.72357,6817.08496,11.63861
1240,1220,1240,6850.48269,6832.86377,17.61892
1241,1221,1241,6843.17281,6853.80713,10.63432
1242,1222,1242,6828.42774,6847.04443,18.61669
1243,1223,1243,6822.84307,6832.59082,9.74775
1244,1224,1244,6818.69955,6826.78125,8.08170
1245,1225,1245,6818.94337,6822.48633,3.54296
1246,1226,1246,6777.91594,6822.83740,44.92146
1247,1227,1247,6784.85700,6783.80322,1.05378
1248,1228,1248,6793.99443,6791.04883,2.94560
1249,1229,1249,6791.50477,6800.21191,8.70714
1250,1230,1250,6816.57940,6798.40283,18.17657
1251,1231,1251,6830.62130,6823.62793,6.99337
1252,1232,1252,6823.14620,6837.92627,14.78007
1253,1233,1253,6783.85092,6830.33154,46.48063
1254,1234,1254,6808.24973,6791.27002,16.97971
1255,1235,1255,6777.24219,6814.48584,37.24365
1256,1236,1256,6790.20047,6784.76904,5.43143
1257,1237,1257,6829.10893,6796.98926,32.11968
1258,1238,1258,6860.18324,6835.63867,24.54457
1259,1239,1259,6893.57627,6864.68799,28.88828
1260,1240,1260,6926.81040,6897.48438,29.32602
1261,1241,1261,6899.22343,6926.62402,27.40060
1262,1242,1262,6869.47024,6902.65430,33.18405
1263,1243,1263,6796.39340,6873.43311,77.03971
1264,1244,1264,6771.83908,6802.61182,30.77274
1265,1245,1265,6793.72441,6779.94531,13.77910
1266,1246,1266,6792.25639,6800.99268,8.73628
1267,1247,1267,6796.50952,6799.38037,2.87085
1268,1248,1268,6817.45373,6803.44434,14.00939
1269,1249,1269,6847.94308,6824.21484,23.72824
1270,1250,1270,6858.53609,6853.60693,4.92916
1271,1251,1271,6858.08013,6862.99512,4.91499
1272,1252,1272,6830.65422,6862.47168,31.81746
1273,1253,1273,6869.09865,6836.44824,32.65041
1274,1254,1274,6862.95507,6872.56006,9.60499
1275,1255,1275,6798.66963,6866.18652,67.51689
1276,1256,1276,6768.38531,6803.00000,34.61469
1277,1257,1277,6766.74549,6774.94678,8.20129
1278,1258,1278,6806.26022,6774.33154,31.92867
1279,1259,1279,6810.62253,6812.45361,1.83108
1280,1260,1280,6863.59329,6817.30762,46.28567
1281,1261,1281,6905.16154,6868.95166,36.20988
1282,1262,1282,6941.54036,6909.26318,32.27717
1283,1263,1283,6957.49681,6939.07910,18.41771
1284,1264,1284,6973.63958,6949.56885,24.07073
1285,1265,1285,6958.52218,6958.48535,0.03683
1286,1266,1286,6971.35060,6950.01709,21.33351
1287,1267,1287,6947.93549,6957.35498,9.41949
1288,1268,1288,6888.49620,6942.71729,54.22109
1289,1269,1289,6863.74297,6890.18701,26.44404
1290,1270,1290,6832.51837,6864.75293,32.23456
1291,1271,1291,6850.61315,6834.50391,16.10924
1292,1272,1292,6880.18786,6852.48291,27.70495
1293,1273,1293,6895.20802,6881.58447,13.62354
1294,1274,1294,6910.30618,6897.02393,13.28226
1295,1275,1295,6920.64416,6911.53125,9.11291
1296,1276,1296,6954.84871,6920.42188,34.42683
1297,1277,1297,6930.87152,6946.53955,15.66803
1298,1278,1298,6898.22115,6927.16357,28.94243
1299,1279,1299,6866.02871,6895.73682,29.70811
1300,1280,1300,6880.34703,6861.12207,19.22496
1301,1281,1301,6886.54549,6875.67578,10.86971
1302,1282,1302,6865.94852,6882.64502,16.69650
1303,1283,1303,6867.45723,6861.56006,5.89717
1304,1284,1304,6874.76241,6863.52490,11.23751
1305,1285,1305,6901.10349,6871.39844,29.70505
1306,1286,1306,6910.98338,6899.39844,11.58494
1307,1287,1307,6927.98204,6909.26221,18.71983
1308,1288,1308,6959.97396,6924.91455,35.05941
1309,1289,1309,6966.83112,6949.33350,17.49762
1310,1290,1310,6932.74995,6953.57812,20.82818
1311,1291,1311,6904.95000,6928.57227,23.62226
1312,1292,1312,6892.50631,6902.50049,9.99418
1313,1293,1313,6879.87748,6889.84668,9.96920
1314,1294,1314,6886.70272,6876.07129,10.63143
1315,1295,1315,6912.16646,6883.75049,28.41598
1316,1296,1316,6965.81764,6910.00977,55.80787
1317,1297,1317,7001.77542,6953.06982,48.70560
1318,1298,1318,6983.64900,6971.37500,12.27400
1319,1299,1319,6958.64094,6962.88867,4.24773
1320,1300,1320,6929.74824,6948.18750,18.43926
1321,1301,1321,6829.51112,6925.72363,96.21251
1322,1302,1322,6811.21568,6825.32764,14.11196
1323,1303,1323,6830.12612,6808.01660,22.10951
1324,1304,1324,6861.83385,6827.33252,34.50133
1325,1305,1325,6868.72927,6859.06299,9.66628
1326,1306,1326,6875.14817,6866.19434,8.95383
1327,1307,1327,6907.49763,6873.22705,34.27058
1328,1308,1328,6917.53371,6907.13965,10.39406
1329,1309,1329,6874.51992,6916.87354,42.35361
1330,1310,1330,6839.95111,6873.41211,33.46100
1331,1311,1331,6808.36396,6838.94678,30.58282
1332,1312,1332,6785.53829,6808.69141,23.15312
1333,1313,1333,6806.03948,6787.97314,18.06633
1334,1314,1334,6839.30547,6808.58447,30.72100
1335,1315,1335,6839.31102,6841.99658,2.68556
1336,1316,1336,6867.55820,6842.45947,25.09873
1337,1317,1337,6887.76471,6870.90576,16.85895
1338,1318,1338,6907.88298,6892.00342,15.87956
1339,1319,1339,6917.83237,6911.66162,6.17075
1340,1320,1340,6910.09390,6920.80127,10.70737
1341,1321,1341,6930.51564,6913.88281,16.63283
1342,1322,1342,6932.38074,6931.53174,0.84901
1343,1323,1343,6902.13863,6932.75537,30.61674
1344,1324,1344,6840.82350,6905.45605,64.63256
1345,1325,1345,6832.69218,6843.55420,10.86202
1346,1326,1346,6840.19543,6835.64404,4.55138
1347,1327,1347,6863.89696,6843.62939,20.26757
1348,1328,1348,6879.30985,6867.52783,11.78202
1349,1329,1349,6902.33894,6883.84717,18.49177
1350,1330,1350,6931.12013,6906.68066,24.43947
1351,1331,1351,6932.94637,6932.26562,0.68074
1352,1332,1352,6920.12750,6933.38086,13.25336
1353,1333,1353,6851.48144,6921.72266,70.24122
1354,1334,1354,6807.39092,6852.24463,44.85371
1355,1335,1355,6807.32199,6808.64111,1.31913
1356,1336,1356,6836.62381,6809.10938,27.51443
1357,1337,1357,6862.40955,6838.60596,23.80359
1358,1338,1358,6892.84888,6864.84619,28.00268
1359,1339,1359,6924.73153,6896.72705,28.00448
1360,1340,1360,6941.13851,6926.64111,14.49740
1361,1341,1361,6926.84743,6939.95557,13.10814
1362,1342,1362,6952.24913,6928.51660,23.73253
1363,1343,1363,6960.11926,6948.08496,12.03430
1364,1344,1364,6979.65912,6953.21191,26.44720
1365,1345,1365,6988.94614,6963.75488,25.19126
1366,1346,1366,6947.58797,6968.11279,20.52482
1367,1347,1367,6891.82528,6944.09912,52.27384
1368,1348,1368,6895.24708,6894.37939,0.86769
1369,1349,1369,6913.38654,6897.84082,15.54572
1370,1350,1370,6930.17094,6915.53955,14.63139
1371,1351,1371,6947.76945,6930.55322,17.21622
1372,1352,1372,6941.28150,6944.37451,3.09301
1373,1353,1373,6966.39911,6939.53369,26.86542
1374,1354,1374,6992.41638,6956.40625,36.01013
1375,1355,1375,6977.33981,6969.51611,7.82369
1376,1356,1376,6971.01565,6961.64307,9.37259
1377,1357,1377,6935.82237,6957.82910,22.00673
1378,1358,1378,6880.68748,6932.18945,51.50197
1379,1359,1379,6868.56039,6877.84082,9.28043
1380,1360,1380,6882.14345,6865.09180,17.05165
1381,1361,1381,6910.03030,6880.44043,29.58987
1382,1362,1382,6916.17852,6909.44727,6.73125
1383,1363,1383,6943.01868,6915.73926,27.27942
1384,1364,1384,6943.24084,6939.22217,4.01867
1385,1365,1385,6962.67832,6939.56445,23.11387
1386,1366,1386,6974.12017,6953.55811,20.56206
1387,1367,1387,6949.23208,6960.31787,11.08579
1388,1368,1388,6881.68103,6944.03711,62.35608
1389,1369,1389,6876.26036,6880.80518,4.54482
1390,1370,1390,6892.31232,6875.09766,17.21466
1391,1371,1391,6911.48140,6892.94043,18.54097
1392,1372,1392,6934.95600,6912.27002,22.68598
1393,1373,1393,6926.53911,6933.56982,7.03071
1394,1374,1394,6919.82439,6926.56592,6.74153
1395,1375,1395,6896.54381,6920.83887,24.29506
1396,1376,1396,6853.59215,6898.51123,44.91908
1397,1377,1397,6802.61255,6853.26074,50.64819
1398,1378,1398,6798.73766,6803.64404,4.90638
1399,1379,1399,6808.26440,6801.10010,7.16430
1400,1380,1400,6832.89028,6811.41748,21.47280
1401,1381,1401,6839.85003,6836.54883,3.30120
1402,1382,1402,6866.25353,6843.93994,22.31359
1403,1383,1403,6893.12710,6871.48096,21.64614
1404,1384,1404,6909.17334,6899.77539,9.39795
1405,1385,1405,6923.40958,6915.31885,8.09073
1406,1386,1406,6924.29941,6928.26270,3.96328
1407,1387,1407,6900.17652,6929.15234,28.97582
1408,1388,1408,6897.49483,6907.19434,9.69950
1409,1389,1409,6884.12370,6904.64844,20.52474
1410,1390,1410,6855.42396,6891.54590,36.12194
1411,1391,1411,6826.88320,6861.22607,34.34287
1412,1392,1412,6831.29865,6832.81494,1.51629
1413,1393,1413,6851.95108,6837.87646,14.07462
1414,1394,1414,6867.33518,6859.24268,8.09250
1415,1395,1415,6859.21996,6875.84424,16.62428
1416,1396,1416,6851.56223,6867.42139,15.85915
1417,1397,1417,6849.74034,6859.36523,9.62489
1418,1398,1418,6834.69608,6856.98389,22.28781
1419,1399,1419,6792.16285,6841.13672,48.97387
1420,1400,1420,6783.06568,6799.18311,16.11743
1421,1401,1421,6802.86814,6791.24268,11.62547
1422,1402,1422,6838.74616,6810.95557,27.79059
1423,1403,1423,6865.90399,6847.20947,18.69451
1424,1404,1424,6868.65081,6875.87207,7.22126
1425,1405,1425,6849.89169,6878.99316,29.10148
1426,1406,1426,6830.71695,6859.31055,28.59360
1427,1407,1427,6808.81106,6840.11963,31.30857
1428,1408,1428,6825.08432,6818.68262,6.40170
1429,1409,1429,6843.63920,6835.58789,8.05131
1430,1410,1430,6868.05879,6854.71387,13.34492
1431,1411,1431,6874.87541,6880.65479,5.77937
1432,1412,1432,6912.02032,6887.21924,24.80108
1433,1413,1433,6936.79785,6922.28516,14.51269
1434,1414,1434,6943.12457,6942.30420,0.82037
1435,1415,1435,6977.24801,6946.88086,30.36715
1436,1416,1436,7009.21445,6966.32227,42.89218
1437,1417,1437,7007.13630,6979.19531,27.94099
1438,1418,1438,6977.35927,6978.54102,1.18174
1439,1419,1439,6922.59197,6966.50098,43.90901
1440,1420,1440,6889.42165,6929.98535,40.56370
1441,1421,1441,6887.15946,6898.31201,11.15255
1442,1422,1442,6884.20707,6895.44971,11.24264
1443,1423,1443,6894.08232,6892.21338,1.86894
1444,1424,1444,6907.36344,6901.87158,5.49186
1445,1425,1445,6889.65586,6914.60840,24.95254
1446,1426,1446,6849.31921,6897.32227,48.00305
1447,1427,1447,6769.72728,6854.02148,84.29421
1448,1428,1448,6726.40807,6777.15967,50.75159
1449,1429,1449,6710.61690,6742.86279,32.24590
1450,1430,1450,6746.05705,6733.22510,12.83196
1451,1431,1451,6792.01861,6764.21680,27.80181
1452,1432,1452,6827.11213,6807.04883,20.06331
1453,1433,1453,6846.12271,6841.39551,4.72721
1454,1434,1454,6855.05431,6860.80273,5.74842
1455,1435,1455,6873.38128,6870.67334,2.70794
1456,1436,1456,6904.22622,6889.99463,14.23159
1457,1437,1457,6916.03099,6919.77002,3.73902
1458,1438,1458,6859.59739,6930.11279,70.51540
1459,1439,1459,6831.13781,6876.47607,45.33826
1460,1440,1460,6848.85492,6847.10449,1.75042
1461,1441,1461,6852.64261,6865.57910,12.93649
1462,1442,1462,6843.17128,6869.75439,26.58311
1463,1443,1463,6848.76419,6859.97266,11.20847
1464,1444,1464,6856.51866,6866.08398,9.56532
1465,1445,1465,6878.71763,6874.62402,4.09361
1466,1446,1466,6919.93572,6897.06836,22.86736
1467,1447,1467,6948.00469,6934.08691,13.91778
1468,1448,1468,6935.57543,6953.92822,18.35279
1469,1449,1469,6952.23695,6944.73828,7.49867
1470,1450,1470,6947.61233,6954.45605,6.84373
1471,1451,1471,6911.34233,6950.51611,39.17378
1472,1452,1472,6892.45071,6920.69824,28.24753
1473,1453,1473,6883.85310,6902.45947,18.60637
1474,1454,1474,6905.20041,6893.90527,11.29513
1475,1455,1475,6938.24786,6914.36816,23.87970
1476,1456,1476,6941.38827,6942.68945,1.30118
1477,1457,1477,6934.92427,6945.06934,10.14506
1478,1458,1478,6936.68188,6940.02588,3.34400
1479,1459,1479,6943.19520,6941.25977,1.93543
1480,1460,1480,6927.28171,6945.91895,18.63723
1481,1461,1481,6885.59887,6932.88330,47.28443
1482,1462,1482,6862.89061,6893.79736,30.90676
1483,1463,1483,6870.89132,6868.87988,2.01144
1484,1464,1484,6887.47627,6877.56543,9.91084
1485,1465,1485,6909.11483,6895.26807,13.84677
1486,1466,1486,6928.92146,6916.24316,12.67829
1487,1467,1487,6943.07362,6933.77344,9.30019
1488,1468,1488,6967.00340,6945.29639,21.70702
1489,1469,1489,6993.93445,6960.88330,33.05115
1490,1470,1490,6995.34093,6974.52393,20.81700
1491,1471,1491,6956.00025,6975.10791,19.10766
1492,1472,1492,6906.53467,6954.14795,47.61328
1493,1473,1493,6890.64458,6913.50928,22.86470
1494,1474,1494,6894.49621,6898.02148,3.52527
1495,1475,1495,6901.15892,6901.92773,0.76881
1496,1476,1496,6894.00623,6908.64160,14.63537
1497,1477,1497,6899.60588,6901.94971,2.34383
1498,1478,1498,6919.68273,6907.58838,12.09435
1499,1479,1499,6927.64060,6926.36914,1.27146
1500,1480,1500,6938.08869,6933.26465,4.82405
1501,1481,1501,6903.94505,6941.89746,37.95241
1502,1482,1502,6879.90580,6911.99561,32.08980
1503,1483,1503,6870.83123,6887.88721,17.05598
1504,1484,1504,6884.19337,6877.99268,6.20069
1505,1485,1505,6885.62802,6892.55566,6.92764
1506,1486,1506,6909.79818,6894.26025,15.53793
1507,1487,1507,6932.39266,6917.85449,14.53816
1508,1488,1508,6966.75938,6937.56934,29.19004
1509,1489,1509,7011.53587,6961.47510,50.06077
1510,1490,1510,7027.26330,6982.10107,45.16223
1511,1491,1511,7006.33948,6987.37744,18.96204
1512,1492,1512,6981.79296,6980.17969,1.61327
1513,1493,1513,6925.66880,6969.33789,43.66909
1514,1494,1514,6910.67045,6931.54492,20.87447
1515,1495,1515,6919.92351,6918.34033,1.58318
1516,1496,1516,6922.39789,6926.58984,4.19195
1517,1497,1517,6921.64648,6928.64844,7.00196
1518,1498,1518,6915.88749,6927.94629,12.05880
1519,1499,1519,6906.33632,6922.96973,16.63341
1520,1500,1520,6865.03627,6914.33350,49.29723
1521,1501,1521,6810.62481,6872.27832,61.65351
1522,1502,1522,6817.57266,6817.36475,0.20791
1523,1503,1523,6835.23526,6825.23633,9.99893
1524,1504,1524,6863.11108,6843.45312,19.65795
1525,1505,1525,6891.77855,6873.16650,18.61204
1526,1506,1526,6909.11298,6903.21533,5.89764
1527,1507,1527,6924.98977,6919.62158,5.36819
1528,1508,1528,6932.23773,6933.45410,1.21637
1529,1509,1529,6938.82483,6939.63623,0.81140
1530,1510,1530,6937.09625,6945.05127,7.95502
1531,1511,1531,6963.52877,6943.93750,19.59127
1532,1512,1532,6958.65957,6961.43066,2.77109
1533,1513,1533,6941.66272,6958.68066,17.01795
1534,1514,1534,6888.53938,6947.63184,59.09246
1535,1515,1535,6867.49330,6901.27930,33.78599
1536,1516,1536,6886.00722,6879.76025,6.24696
1537,1517,1537,6913.52384,6899.29639,14.22745
1538,1518,1538,6929.61190,6925.13379,4.47811
1539,1519,1539,6950.05443,6938.72949,11.32494
1540,1520,1540,6968.64237,6953.82617,14.81620
1541,1521,1541,6949.97119,6964.45898,14.48779
1542,1522,1542,6955.66422,6953.00537,2.65885
1543,1523,1543,6931.60632,6956.11377,24.50744
1544,1524,1544,6876.27580,6937.89014,61.61433
1545,1525,1545,6857.04871,6885.95117,28.90246
1546,1526,1546,6865.58988,6865.19727,0.39261
1547,1527,1547,6878.10225,6875.05566,3.04659
1548,1528,1548,6902.65297,6889.06250,13.59047
1549,1529,1549,6912.07354,6913.57666,1.50312
1550,1530,1550,6904.64670,6922.31396,17.66726
1551,1531,1551,6893.71237,6915.70508,21.99271
1552,1532,1552,6903.29518,6905.71680,2.42161
1553,1533,1553,6870.98869,6914.99121,44.00252
1554,1534,1554,6817.67795,6883.09277,65.41483
1555,1535,1555,6814.87144,6827.56689,12.69545
1556,1536,1556,6810.89172,6825.55127,14.65955
1557,1537,1557,6840.24640,6822.51270,17.73370
1558,1538,1558,6844.56848,6852.17773,7.60926
1559,1539,1559,6851.35374,6857.36621,6.01248
1560,1540,1560,6877.39664,6865.45068,11.94596
1561,1541,1561,6928.71329,6893.97900,34.73429
1562,1542,1562,6955.92243,6940.61182,15.31061
1563,1543,1563,6980.85248,6959.31104,21.54144
1564,1544,1564,6980.22720,6972.02979,8.19741
1565,1545,1565,6961.31212,6971.67822,10.36610
1566,1546,1566,6945.51409,6962.08887,16.57477
1567,1547,1567,6951.65885,6952.50098,0.84213
1568,1548,1568,6966.67568,6956.27051,10.40517
1569,1549,1569,6963.57088,6964.72656,1.15568
1570,1550,1570,6973.43017,6962.99756,10.43261
1571,1551,1571,6955.70076,6968.10205,12.40129
1572,1552,1572,6964.48414,6958.31836,6.16579
1573,1553,1573,6955.82408,6963.25439,7.43031
1574,1554,1574,6930.97305,6958.12939,27.15635
1575,1555,1575,6888.48691,6940.08740,51.60049
1576,1556,1576,6903.93336,6901.74121,2.19215
1577,1557,1577,6914.85482,6915.51074,0.65592
1578,1558,1578,6916.34684,6924.74170,8.39485
1579,1559,1579,6899.21893,6925.55420,26.33527
1580,1560,1580,6910.29812,6909.64990,0.64822
1581,1561,1581,6870.86410,6919.64111,48.77701
1582,1562,1582,6858.00412,6880.97754,22.97341
1583,1563,1583,6858.64569,6867.72852,9.08282
1584,1564,1584,6864.40440,6869.23340,4.82900
1585,1565,1585,6846.31475,6876.41846,30.10371
1586,1566,1586,6863.96813,6857.39795,6.57018
1587,1567,1587,6895.10956,6877.31250,17.79706
1588,1568,1588,6927.79207,6909.67725,18.11482
1589,1569,1589,6931.89660,6938.48291,6.58631
1590,1570,1590,6935.96237,6941.90869,5.94633
1591,1571,1591,6934.38901,6945.29248,10.90347
1592,1572,1592,6937.08654,6944.14893,7.06238
1593,1573,1593,6890.31653,6946.37695,56.06042
1594,1574,1594,6840.66521,6906.05859,65.39338
1595,1575,1595,6844.51335,6853.58838,9.07503
1596,1576,1596,6854.17899,6858.18506,4.00607
1597,1577,1597,6848.53675,6869.45459,20.91784
1598,1578,1598,6861.47080,6863.56592,2.09512
1599,1579,1599,6883.20639,6878.42627,4.78012
1600,1580,1600,6909.14439,6901.22998,7.91441
1601,1581,1601,6940.76153,6925.33447,15.42705
1602,1582,1602,6950.16424,6950.73047,0.56623
1603,1583,1603,6960.00353,6956.68359,3.31994
1604,1584,1604,6943.21916,6962.25000,19.03084
1605,1585,1605,6918.26697,6951.68213,33.41516
1606,1586,1606,6897.53989,6931.65088,34.11099
1607,1587,1607,6856.76527,6913.29932,56.53405
1608,1588,1608,6834.27762,6871.62549,37.34787
1609,1589,1609,6849.76908,6847.99512,1.77396
1610,1590,1610,6875.67394,6865.16406,10.50988
1611,1591,1611,6906.70654,6893.68408,13.02245
1612,1592,1612,6939.12908,6923.14160,15.98748
1613,1593,1613,6961.47503,6949.75781,11.71722
1614,1594,1614,6969.37411,6963.49414,5.87997
1615,1595,1615,6950.03849,6967.51562,17.47714
1616,1596,1616,6916.09230,6956.18555,40.09325
1617,1597,1617,6881.80572,6929.86816,48.06244
1618,1598,1618,6875.19629,6898.21533,23.01904
1619,1599,1619,6883.28547,6891.35156,8.06610
1620,1600,1620,6904.98169,6899.74805,5.23365
1621,1601,1621,6925.92106,6920.11182,5.80924
1622,1602,1622,6942.33082,6938.12988,4.20093
1623,1603,1623,6965.61463,6950.86426,14.75037
1624,1604,1624,6968.12893,6965.34424,2.78469
1625,1605,1625,6962.81658,6966.69531,3.87873
1626,1606,1626,6930.81045,6963.66162,32.85117
1627,1607,1627,6897.60824,6941.90967,44.30143
1628,1608,1628,6868.38412,6913.31201,44.92789
1629,1609,1629,6867.42904,6883.49902,16.06998
1630,1610,1630,6885.38485,6882.35010,3.03476
1631,1611,1631,6896.35999,6901.16260,4.80261
1632,1612,1632,6912.34511,6911.91064,0.43447
1633,1613,1633,6939.33466,6926.19434,13.14032
1634,1614,1634,6965.32470,6948.35254,16.97216
1635,1615,1635,6988.81150,6965.07812,23.73337
1636,1616,1636,7020.47761,6976.59473,43.88288
1637,1617,1637,7022.32283,6988.42139,33.90144
1638,1618,1638,6972.53910,6988.89502,16.35592
1639,1619,1639,6933.08254,6968.20996,35.12742
1640,1620,1640,6922.15693,6942.06104,19.90410
1641,1621,1641,6918.41517,6933.11182,14.69664
1642,1622,1642,6933.20410,6930.04590,3.15821
1643,1623,1643,6948.81958,6942.24463,6.57495
1644,1624,1644,6967.74239,6953.83740,13.90498
1645,1625,1645,6967.44359,6965.58252,1.86107
1646,1626,1646,6966.93615,6965.42432,1.51183
1647,1627,1647,6931.90475,6965.06006,33.15531
1648,1628,1648,6924.58764,6941.09521,16.50757
1649,1629,1649,6920.49090,6934.87158,14.38068
1650,1630,1650,6925.20324,6931.05615,5.85291
1651,1631,1651,6926.61680,6934.77832,8.16152
1652,1632,1652,6944.38667,6935.78125,8.60542
1653,1633,1653,6941.67653,6949.46143,7.78490
1654,1634,1654,6946.72009,6947.49658,0.77649
1655,1635,1655,6932.90869,6951.26758,18.35889
