global_index,actual,predicted,abs_error
20,6795.90548,6758.75439,37.15108
21,6778.80601,6779.82812,1.02212
22,6736.88379,6764.37500,27.49121
23,6744.41799,6724.66260,19.75539
24,6766.73393,6730.60156,36.13237
25,6767.20010,6751.74756,15.45254
26,6798.49131,6751.51367,46.97763
27,6827.34175,6779.01318,48.32857
28,6842.07035,6803.84131,38.22905
29,6810.70034,6815.69775,4.99741
30,6777.71795,6787.36475,9.64679
31,6790.75480,6757.78857,32.96622
32,6742.19969,6768.64160,26.44191
33,6703.84446,6721.56055,17.71608
34,6687.55591,6689.43799,1.88207
35,6702.22583,6671.94775,30.27808
36,6715.85544,6689.06445,26.79098
37,6733.55583,6701.20654,32.34929
38,6739.46466,6715.36279,24.10186
39,6762.04773,6720.51172,41.53601
40,6742.27371,6742.06836,0.20535
41,6698.97732,6723.43164,24.45432
42,6653.42244,6688.56885,35.14641
43,6637.27596,6642.90137,5.62540
44,6663.23297,6631.09424,32.13874
45,6696.02735,6654.66553,41.36182
46,6717.95699,6689.66357,28.29341
47,6767.24549,6708.31787,58.92762
48,6828.62605,6752.69824,75.92781
49,6876.36638,6807.99365,68.37273
50,6883.36911,6845.14600,38.22311
51,6799.76025,6849.82666,50.06641
52,6725.43648,6781.40039,55.96391
53,6685.02640,6713.25439,28.22799
54,6667.12622,6678.42871,11.30249
55,6672.52336,6659.72607,12.79729
56,6684.49177,6665.52393,18.96785
57,6696.26959,6678.83008,17.43952
58,6727.27351,6691.14502,36.12849
59,6740.38000,6715.89551,24.48449
60,6744.25399,6726.78516,17.46883
61,6702.84822,6730.09619,27.24797
62,6641.88554,6696.98291,55.09737
63,6602.25494,6638.34033,36.08540
64,6606.59493,6614.73828,8.14335
65,6626.53303,6616.98438,9.54866
66,6654.54601,6628.47168,26.07433
67,6674.88875,6651.35498,23.53377
68,6698.93977,6673.52295,25.41682
69,6713.21821,6698.20605,15.01216
70,6711.82847,6710.51660,1.31187
71,6705.49942,6711.20605,5.70664
72,6691.85764,6707.56934,15.71169
73,6695.78748,6697.94287,2.15539
74,6703.76263,6700.84570,2.91693
75,6685.02376,6706.08398,21.06022
76,6681.29380,6691.32080,10.02700
77,6691.17402,6687.98535,3.18867
78,6695.86950,6696.60547,0.73597
79,6708.39103,6700.68213,7.70890
80,6737.18420,6710.07666,27.10754
81,6763.04645,6732.12646,30.91999
82,6795.67612,6755.84473,39.83140
83,6772.30934,6783.69727,11.38793
84,6759.18355,6761.76514,2.58159
85,6721.37660,6747.64990,26.27330
86,6697.21087,6713.52197,16.31110
87,6655.12422,6694.77344,39.64922
88,6661.83415,6654.17383,7.66032
89,6697.35689,6660.99805,36.35884
90,6733.76346,6695.56445,38.19901
91,6765.95633,6723.20654,42.74978
92,6802.25782,6752.78320,49.47462
93,6830.03099,6784.89697,45.13402
94,6840.94079,6809.10059,31.84020
95,6842.82838,6818.01611,24.81226
96,6836.40161,6818.81787,17.58374
97,6811.75045,6812.24219,0.49174
98,6744.63070,6788.59375,43.96305
99,6737.37246,6724.07910,13.29336
100,6712.25390,6717.53271,5.27881
101,6693.60556,6697.25732,3.65177
102,6715.68430,6679.60205,36.08224
103,6734.26964,6701.49121,32.77843
104,6763.83111,6716.66846,47.16265
105,6777.95424,6744.63135,33.32289
106,6781.93521,6758.13916,23.79605
107,6751.01689,6761.11133,10.09444
108,6722.35490,6729.28711,6.93221
109,6688.95099,6704.30957,15.35858
110,6649.90371,6671.42285,21.51914
111,6642.69532,6633.75586,8.93946
112,6654.87268,6629.51953,25.35315
113,6665.12730,6641.21973,23.90757
114,6674.30464,6653.42334,20.88131
115,6690.34624,6665.42041,24.92583
116,6701.26767,6684.93750,16.33017
117,6700.28947,6696.59180,3.69767
118,6730.54483,6697.06592,33.47891
119,6734.37949,6720.37598,14.00351
120,6724.85647,6723.45898,1.39748
121,6730.27962,6715.65186,14.62776
122,6677.68262,6719.58643,41.90380
123,6671.09161,6675.71631,4.62470
124,6700.53495,6669.84180,30.69315
125,6735.80390,6698.53369,37.27021
126,6760.12431,6725.97998,34.14433
127,6775.11634,6748.94434,26.17200
128,6760.15199,6763.23828,3.08629
129,6750.86965,6748.36572,2.50393
130,6766.28842,6738.41699,27.87143
131,6834.69035,6752.66553,82.02482
132,6816.72616,6813.63574,3.09042
133,6773.15928,6796.10156,22.94228
134,6766.40213,6755.32861,11.07351
135,6782.67077,6747.83252,34.83825
136,6805.56596,6762.64209,42.92387
137,6821.17338,6782.60303,38.57036
138,6827.84582,6796.19727,31.64856
139,6835.58545,6802.01416,33.57129
140,6817.29461,6808.80615,8.48846
141,6781.11426,6790.68262,9.56836
142,6765.97676,6756.80420,9.17256
143,6736.20554,6741.14258,4.93704
144,6744.38639,6712.15332,32.23307
145,6763.58714,6718.96826,44.61888
146,6782.25807,6737.42334,44.83473
147,6777.40078,6755.55664,21.84414
148,6777.19378,6750.83496,26.35882
149,6744.05945,6750.47363,6.41418
150,6710.57242,6718.11572,7.54330
151,6679.17504,6688.44629,9.27125
152,6630.59330,6655.26172,24.66841
153,6621.60906,6617.18799,4.42107
154,6615.10320,6613.32275,1.78045
155,6634.88605,6611.14893,23.73713
156,6662.12617,6623.68359,38.44258
157,6710.78860,6647.62109,63.16751
158,6739.12176,6699.22852,39.89325
159,6739.00059,6723.06152,15.93906
160,6736.62963,6723.74072,12.88890
161,6734.86978,6722.39502,12.47476
162,6718.06109,6721.30273,3.24164
163,6687.40032,6708.13770,20.73737
164,6661.38967,6683.12402,21.73435
165,6652.77514,6657.16699,4.39185
166,6628.32630,6650.66162,22.33532
167,6642.62481,6634.02148,8.60333
168,6663.53263,6646.58154,16.95109
169,6698.89019,6667.83105,31.05913
170,6720.70656,6700.92236,19.78420
171,6737.16290,6716.90088,20.26202
172,6765.68032,6729.45215,36.22817
173,6801.95285,6755.34912,46.60373
174,6822.08271,6787.13818,34.94453
175,6807.36859,6804.08789,3.28070
176,6688.54269,6789.25781,100.71512
177,6643.04530,6682.18164,39.13634
178,6615.56489,6637.93066,22.36577
179,6622.79632,6621.77490,1.02142
180,6664.45137,6626.94336,37.50801
181,6708.15068,6661.49658,46.65410
182,6744.03151,6703.15186,40.87965
183,6726.67414,6731.96582,5.29168
184,6742.56958,6716.85254,25.71704
185,6756.05361,6729.41260,26.64101
186,6753.43274,6741.48242,11.95032
187,6746.47415,6737.55664,8.91751
188,6738.19337,6729.88086,8.31251
189,6712.36011,6721.84863,9.48853
190,6672.41188,6700.85938,28.44749
191,6678.36811,6661.70361,16.66450
192,6706.21238,6669.06885,37.14353
193,6721.38630,6697.64795,23.73835
194,6744.58007,6710.02393,34.55614
195,6703.86637,6730.05176,26.18539
196,6681.47756,6698.68604,17.20847
197,6680.26784,6678.34424,1.92360
198,6632.28355,6676.55127,44.26772
199,6626.40560,6632.95068,6.54508
200,6630.42975,6629.18457,1.24518
201,6660.86505,6631.89600,28.96906
202,6742.24975,6657.08008,85.16967
203,6779.47811,6728.97314,50.50496
204,6754.63575,6764.45752,9.82177
205,6677.15681,6740.04199,62.88518
206,6664.23667,6673.57129,9.33462
207,6662.28027,6661.40967,0.87061
208,6663.05398,6660.85449,2.19949
209,6674.34794,6662.86133,11.48661
210,6707.89737,6675.20752,32.68985
211,6750.03332,6704.07861,45.95470
212,6745.30675,6737.85840,7.44836
213,6706.94523,6732.95898,26.01376
214,6674.93816,6702.20654,27.26838
215,6646.65790,6674.46582,27.80792
216,6661.37435,6647.64209,13.73226
217,6664.98119,6661.27051,3.71068
218,6673.08097,6665.09375,7.98722
219,6702.58611,6673.09180,29.49431
220,6723.68605,6699.60303,24.08302
221,6731.91825,6714.48047,17.43778
222,6707.11980,6720.45410,13.33431
223,6735.61626,6701.64160,33.97466
224,6710.34383,6724.27295,13.92912
225,6687.45034,6704.92480,17.47447
226,6702.60072,6686.59473,16.00600
227,6712.72638,6698.82324,13.90314
228,6715.99942,6705.60107,10.39835
229,6719.64725,6707.49756,12.14970
230,6725.03780,6709.83252,15.20529
231,6728.19253,6713.83838,14.35415
232,6660.54446,6716.55420,56.00974
233,6636.97556,6657.46289,20.48733
234,6629.89749,6638.98877,9.09128
235,6641.53099,6634.70947,6.82152
236,6663.86360,6642.59717,21.26643
237,6696.64507,6661.89014,34.75493
238,6737.54344,6694.06836,43.47508
239,6766.27059,6724.99414,41.27645
240,6788.34922,6751.42285,36.92636
241,6756.55880,6771.92529,15.36649
242,6744.47793,6740.98682,3.49111
243,6680.82628,6729.13330,48.30702
244,6632.48450,6675.43359,42.94910
245,6625.19939,6633.14600,7.94660
246,6641.61406,6629.14062,12.47344
247,6663.88401,6640.45068,23.43333
248,6715.36046,6660.38184,54.97862
249,6728.34708,6707.60254,20.74454
250,6717.83886,6717.80469,0.03417
251,6732.77020,6709.46777,23.30243
252,6713.86538,6721.47412,7.60875
253,6713.28506,6705.86768,7.41739
254,6704.56165,6704.78809,0.22643
255,6726.79886,6697.91797,28.88089
256,6686.71064,6714.02344,27.31280
257,6650.26390,6680.85889,30.59498
258,6646.16614,6644.77637,1.38977
259,6669.50567,6642.64014,26.86553
260,6708.03483,6665.60498,42.42985
261,6740.57705,6702.47363,38.10341
262,6741.08566,6728.27588,12.80978
263,6711.62640,6728.74023,17.11384
264,6718.02703,6704.94141,13.08562
265,6712.81280,6708.96484,3.84795
266,6731.90336,6704.47949,27.42387
267,6711.20769,6718.55518,7.34748
268,6691.71491,6702.24316,10.52826
269,6688.24021,6686.86328,1.37693
270,6698.73059,6684.19775,14.53284
271,6718.49495,6693.78467,24.71028
272,6721.56991,6708.49561,13.07431
273,6722.23359,6710.77295,11.46065
274,6754.48487,6711.21143,43.27345
275,6715.29298,6738.25244,22.95946
276,6687.08595,6705.59766,18.51170
277,6666.03616,6682.79980,16.76364
278,6696.37493,6660.26807,36.10686
279,6682.22929,6690.79834,8.56905
280,6689.16964,6676.69482,12.47482
281,6721.29860,6684.29590,37.00271
282,6743.41455,6709.99414,33.42040
283,6743.18594,6728.11621,15.06973
284,6729.90206,6727.67383,2.22823
285,6731.95646,6716.47266,15.48380
286,6759.49453,6717.98877,41.50576
287,6738.46804,6742.20508,3.73704
288,6699.99207,6722.97656,22.98449
289,6650.63813,6692.86426,42.22612
290,6651.02350,6644.50684,6.51666
291,6664.16767,6645.28369,18.88398
292,6684.12471,6657.86377,26.26094
293,6693.62853,6679.66992,13.95860
294,6707.86804,6689.33594,18.53210
295,6716.43306,6701.13623,15.29683
296,6721.41049,6707.32373,14.08676
297,6713.41684,6710.84131,2.57553
298,6728.07951,6704.44482,23.63469
299,6713.89700,6715.56934,1.67234
300,6727.05086,6704.29004,22.76082
301,6718.09880,6714.22266,3.87614
302,6678.80878,6707.16943,28.36065
303,6678.07206,6673.46094,4.61112
304,6692.73735,6673.74414,18.99321
305,6718.17916,6689.23291,28.94625
306,6755.31315,6708.89648,46.41666
307,6792.18957,6740.21631,51.97326
308,6815.63708,6774.88867,40.74840
309,6786.07349,6796.51611,10.44262
310,6750.16246,6767.62354,17.46108
311,6715.06235,6732.64746,17.58511
312,6717.48562,6703.10107,14.38455
313,6673.21601,6704.74512,31.52911
314,6634.27739,6662.21729,27.93989
315,6638.56780,6629.74658,8.82122
316,6666.32114,6633.24219,33.07895
317,6691.19490,6657.49854,33.69636
318,6719.14175,6684.82617,34.31558
319,6722.01675,6707.83057,14.18619
320,6726.39804,6710.16016,16.23788
321,6751.55359,6713.79736,37.75623
322,6760.41674,6735.03418,25.38256
323,6695.93616,6742.88867,46.95251
324,6685.05665,6687.93506,2.87841
325,6683.19838,6676.53564,6.66273
326,6685.53950,6674.85547,10.68403
327,6703.83294,6678.70215,25.13079
328,6739.31372,6697.12793,42.18579
329,6747.53715,6725.74561,21.79155
330,6747.33702,6733.16943,14.16758
331,6762.63826,6733.04443,29.59383
332,6731.30386,6747.00195,15.69809
333,6740.20840,6718.99805,21.21036
334,6715.44110,6726.05811,10.61701
335,6685.96421,6705.22656,19.26236
336,6708.22389,6679.34521,28.87868
337,6703.94254,6699.41211,4.53043
338,6699.63964,6696.00195,3.63768
339,6711.32660,6692.56543,18.76117
340,6721.26103,6701.87891,19.38212
341,6727.91835,6709.71484,18.20351
342,6733.42005,6715.36816,18.05189
343,6707.20428,6720.08594,12.88166
344,6677.31510,6699.37988,22.06478
345,6647.54409,6670.40967,22.86557
346,6634.85212,6642.32227,7.47014
347,6661.10469,6633.36084,27.74385
348,6679.52152,6654.97705,24.54447
349,6678.25893,6675.18945,3.06947
350,6700.71843,6674.92773,25.79069
351,6711.44734,6697.11768,14.32966
352,6736.96900,6705.44775,31.52124
353,6745.60404,6725.71289,19.89114
354,6757.84058,6733.08984,24.75074
355,6735.14235,6744.16504,9.02269
356,6737.24750,6723.58105,13.66645
357,6752.19547,6725.15527,27.04019
358,6785.59173,6737.95410,47.63763
359,6797.45990,6769.09033,28.36957
360,6733.75053,6779.87646,46.12594
361,6707.07260,6720.74609,13.67349
362,6727.29690,6699.33936,27.95755
363,6733.38254,6715.60742,17.77512
364,6750.48664,6720.54004,29.94660
365,6735.14822,6734.98291,0.16531
366,6713.86539,6721.08984,7.22445
367,6685.03208,6702.87842,17.84633
368,6693.33581,6675.42285,17.91296
369,6720.51546,6684.20166,36.31380
370,6704.01341,6707.97559,3.96218
371,6698.01639,6694.44922,3.56717
372,6690.90051,6688.83496,2.06555
373,6685.62232,6682.04492,3.57740
374,6694.82750,6677.19189,17.63561
375,6714.84300,6687.73828,27.10472
376,6739.29962,6704.89551,34.40411
377,6778.49360,6725.49707,52.99653
378,6771.74767,6761.70654,10.04113
379,6764.53212,6755.42041,9.11171
380,6696.39112,6748.74805,52.35693
381,6675.27179,6690.38867,15.11688
382,6647.50438,6668.22607,20.72169
383,6634.17611,6642.69287,8.51676
384,6634.03889,6633.77393,0.26497
385,6649.29125,6634.94092,14.35033
386,6670.27783,6647.51074,22.76709
387,6703.74360,6668.30469,35.43891
388,6733.36322,6700.30225,33.06097
389,6772.86904,6723.62354,49.24550
390,6797.70075,6759.65137,38.04938
391,6761.67025,6782.68359,21.01335
392,6767.51608,6747.99609,19.51999
393,6721.05545,6753.21045,32.15500
394,6676.49061,6711.18604,34.69542
395,6638.85975,6669.32471,30.46495
396,6635.67630,6635.02246,0.65384
397,6626.74647,6633.79102,7.04455
398,6648.09656,6629.75928,18.33728
399,6664.60785,6646.89648,17.71137
400,6701.97210,6664.09082,37.88128
401,6725.82588,6700.43262,25.39326
402,6776.98936,6718.86865,58.12071
403,6822.14885,6764.97559,57.17327
404,6826.11416,6807.02051,19.09366
405,6834.62229,6809.91602,24.70627
406,6764.98877,6817.18115,52.19238
407,6699.10104,6749.77686,50.67581
408,6703.00120,6690.54199,12.45921
409,6698.65181,6694.51172,4.14009
410,6713.67185,6691.39795,22.27391
411,6707.56884,6704.84131,2.72753
412,6693.80414,6700.38379,6.57964
413,6716.71600,6689.37354,27.34247
414,6758.64636,6708.58447,50.06189
415,6798.19410,6745.44043,52.75367
416,6781.93963,6782.72412,0.78449
417,6786.66252,6766.35547,20.30706
418,6745.88386,6770.00830,24.12444
419,6742.56165,6730.62012,11.94153
420,6775.82506,6727.25586,48.56920
421,6804.89786,6758.34668,46.55118
422,6802.05737,6785.91602,16.14135
423,6826.23838,6783.16406,43.07432
424,6828.75879,6806.36572,22.39307
425,6773.06375,6808.75195,35.68821
426,6752.26761,6755.70947,3.44186
427,6734.19682,6736.08350,1.88667
428,6708.69985,6719.40625,10.70640
429,6702.21531,6695.44092,6.77440
430,6699.93652,6689.20068,10.73584
431,6719.38393,6687.16260,32.22133
432,6737.85031,6705.71094,32.13937
433,6760.38555,6722.64600,37.73956
434,6747.06538,6743.37158,3.69380
435,6713.89472,6730.99072,17.09600
436,6676.55958,6700.85059,24.29100
437,6628.93429,6662.27441,33.34013
438,6628.15935,6623.01221,5.14714
439,6622.56917,6623.24805,0.67888
440,6637.06743,6620.79102,16.27641
441,6664.71597,6631.05566,33.66031
442,6678.75801,6656.91895,21.83906
443,6699.08430,6674.39600,24.68830
444,6729.56719,6696.41846,33.14874
445,6729.13779,6722.35693,6.78086
446,6728.01006,6722.36084,5.64922
447,6746.38610,6721.62256,24.76354
448,6721.40693,6737.40625,15.99932
449,6726.58036,6715.93848,10.64188
450,6732.72142,6720.21045,12.51097
451,6731.25801,6725.22119,6.03682
452,6747.14136,6723.93408,23.20728
453,6772.07772,6737.75830,34.31942
454,6787.29322,6762.02734,25.26588
455,6765.11868,6776.48193,11.36325
456,6742.23865,6754.74854,12.50989
457,6706.32311,6732.60254,26.27943
458,6678.40373,6701.27393,22.87019
459,6681.76075,6673.98340,7.77736
460,6698.90306,6677.27051,21.63255
461,6710.00901,6694.26807,15.74095
462,6719.24335,6703.35645,15.88690
463,6692.94394,6711.08057,18.13663
464,6683.87351,6688.01807,4.14456
465,6681.88064,6678.98779,2.89285
466,6704.21802,6677.41455,26.80346
467,6736.76215,6699.34131,37.42084
468,6756.84208,6727.45557,29.38651
469,6717.98779,6745.66455,27.67676
470,6698.62893,6710.92969,12.30076
471,6693.75592,6694.97510,1.21918
472,6701.54137,6691.09766,10.44372
473,6711.02984,6698.26660,12.76324
474,6689.40451,6706.39209,16.98758
475,6674.30586,6689.48730,15.18145
476,6713.69691,6675.37500,38.32191
477,6700.47430,6710.43359,9.95930
478,6709.55455,6700.05811,9.49644
479,6679.84275,6706.86279,27.02004
480,6663.19699,6681.45605,18.25907
481,6669.87510,6664.14893,5.72617
482,6678.00637,6671.87207,6.13429
483,6715.01502,6681.17334,33.84168
484,6763.65431,6712.23291,51.42140
485,6783.66397,6755.49219,28.17178
486,6794.17261,6774.42188,19.75073
487,6814.87098,6783.99561,30.87537
488,6826.89596,6803.42822,23.46774
489,6820.13194,6814.55127,5.58067
490,6816.41738,6808.10059,8.31680
491,6772.73435,6804.31738,31.58303
492,6724.45170,6761.72656,37.27487
493,6717.58843,6716.00879,1.57964
494,6719.57083,6709.75391,9.81692
495,6739.01728,6711.38867,27.62861
496,6755.84522,6728.69043,27.15479
497,6752.74011,6744.40625,8.33386
498,6750.28754,6741.22217,9.06538
499,6746.44281,6738.79688,7.64593
500,6793.76412,6734.92480,58.83932
501,6793.37199,6779.91064,13.46134
502,6784.86934,6778.93652,5.93282
503,6798.06770,6770.24707,27.82063
504,6747.16645,6782.52588,35.35943
505,6736.82762,6733.64990,3.17771
506,6726.04914,6724.10840,1.94074
507,6735.91409,6714.41650,21.49759
508,6750.99683,6724.15527,26.84155
509,6775.45338,6738.69482,36.75855
510,6790.70494,6762.49951,28.20543
511,6791.59585,6777.24609,14.34976
512,6795.33521,6778.09082,17.24439
513,6771.45027,6781.38574,9.93547
514,6746.23418,6758.30811,12.07392
515,6784.10591,6733.93945,50.16646
516,6806.26736,6770.19385,36.07352
517,6801.15408,6791.08984,10.06423
518,6795.34857,6786.18457,9.16400
519,6796.04877,6780.60840,15.44037
520,6805.01726,6781.12500,23.89226
521,6837.99222,6789.51758,48.47464
522,6857.08927,6819.83789,37.25138
523,6875.46979,6836.88623,38.58356
524,6915.40148,6851.59570,63.80578
525,6910.48373,6878.30566,32.17807
526,6843.12238,6874.69922,31.57684
527,6802.05693,6822.42822,20.37130
528,6747.88782,6784.27881,36.39099
529,6723.30164,6731.30322,8.00158
530,6747.57858,6706.89111,40.68746
531,6761.94748,6731.75586,30.19162
532,6763.54668,6746.00684,17.53985
533,6762.35090,6747.89600,14.45490
534,6796.53670,6746.82178,49.71492
535,6842.92375,6780.33203,62.59172
536,6803.40722,6822.92188,19.51465
537,6787.66840,6786.70215,0.96625
538,6773.68022,6771.74072,1.93950
539,6748.69713,6758.08203,9.38490
540,6742.72546,6733.58252,9.14294
541,6750.52583,6728.36475,22.16109
542,6770.14840,6736.29590,33.85250
543,6777.45161,6756.32715,21.12447
544,6810.04918,6763.96191,46.08727
545,6799.91520,6795.46436,4.45084
546,6832.87441,6786.30518,46.56924
547,6839.91153,6816.78369,23.12784
548,6813.91547,6823.10449,9.18902
549,6750.01271,6799.19287,49.18016
550,6732.61472,6737.26270,4.64797
551,6708.32225,6720.74463,12.42238
552,6697.65062,6696.83398,0.81664
553,6714.59798,6686.82715,27.77083
554,6746.39458,6704.27734,42.11724
555,6755.08915,6735.55664,19.53251
556,6736.81715,6744.36670,7.54955
557,6720.72658,6727.13330,6.40672
558,6772.78348,6712.49707,60.28641
559,6782.75919,6762.57471,20.18448
560,6767.51959,6772.24023,4.72065
561,6752.84983,6757.33105,4.48122
562,6749.37376,6742.86719,6.50658
563,6751.28786,6739.65332,11.63454
564,6770.18489,6741.69775,28.48714
565,6774.90127,6760.49268,14.40859
566,6790.08062,6765.25439,24.82622
567,6791.41520,6780.17090,11.24430
568,6788.78048,6781.61182,7.16867
569,6763.93845,6779.21387,15.27542
570,6750.69833,6755.08398,4.38566
571,6691.97008,6742.03809,50.06801
572,6664.73061,6686.35938,21.62876
573,6661.01513,6656.04736,4.96776
574,6679.43031,6652.63721,26.79310
575,6676.25686,6673.21924,3.03762
576,6709.55474,6670.44141,39.11333
577,6753.18564,6705.35254,47.83310
578,6796.88616,6746.15967,50.72649
579,6845.41899,6788.86426,56.55473
580,6876.48393,6833.58496,42.89897
581,6875.48035,6858.87646,16.60389
582,6840.90691,6857.96191,17.05500
583,6811.54855,6828.96533,17.41678
584,6759.89591,6801.84912,41.95321
585,6709.70423,6751.55762,41.85339
586,6695.77663,6703.07617,7.29954
587,6733.51527,6689.86182,43.65346
588,6751.94714,6726.91602,25.03113
589,6771.10919,6745.21777,25.89142
590,6791.81218,6764.26221,27.54997
591,6764.06974,6784.73975,20.67000
592,6743.85346,6756.82324,12.96979
593,6754.70722,6736.40479,18.30243
594,6700.20118,6746.61377,46.41259
595,6682.14559,6693.01270,10.86711
596,6678.39459,6672.59668,5.79791
597,6671.79157,6668.46143,3.33015
598,6674.48539,6661.89404,12.59134
599,6732.11122,6666.23242,65.87880
600,6750.77877,6726.41113,24.36764
601,6772.36336,6745.10986,27.25349
602,6774.20920,6766.77588,7.43332
603,6758.88349,6768.81396,9.93047
604,6754.38909,6753.96631,0.42279
605,6795.04061,6749.60059,45.44002
606,6821.08235,6789.12305,31.95930
607,6804.40497,6813.11816,8.71320
608,6762.75445,6797.26758,34.51313
609,6743.88685,6756.81934,12.93248
610,6729.10182,6738.42529,9.32347
611,6737.60498,6724.54639,13.05859
612,6755.71000,6732.87256,22.83744
613,6752.33127,6750.52588,1.80539
614,6720.20177,6747.24658,27.04482
615,6670.14792,6716.64551,46.49758
616,6670.39955,6665.75098,4.64858
617,6680.92601,6666.11670,14.80932
618,6701.54973,6678.19580,23.35393
619,6701.00460,6699.21729,1.78731
620,6715.46119,6699.00439,16.45679
621,6752.59073,6713.08252,39.50821
622,6761.06678,6748.17285,12.89393
623,6776.31789,6756.73096,19.58693
624,6778.56320,6771.80566,6.75753
625,6791.14471,6773.98145,17.16326
626,6748.65548,6786.35303,37.69755
627,6714.28706,6744.75049,30.46343
628,6718.65128,6713.35791,5.29337
629,6716.13473,6717.50342,1.36869
630,6734.29371,6715.53320,18.76050
631,6754.43783,6731.86230,22.57552
632,6766.12113,6751.40381,14.71732
633,6763.22485,6763.14258,0.08227
634,6759.66289,6760.25195,0.58906
635,6759.72452,6756.56445,3.16007
636,6816.30785,6756.21387,60.09398
637,6819.00661,6810.14746,8.85915
638,6789.83286,6812.00879,22.17593
639,6709.97142,6784.22070,74.24928
640,6696.47427,6706.72119,10.24692
641,6733.77997,6693.76025,40.01972
642,6780.37816,6729.49316,50.88500
643,6795.99317,6775.51221,20.48096
644,6823.23060,6790.37598,32.85463
645,6834.42952,6815.61182,18.81770
646,6865.28951,6825.62988,39.65962
647,6843.75806,6851.11328,7.35522
648,6794.76088,6832.83447,38.07359
649,6737.04903,6787.87598,50.82694
650,6727.35557,6730.53613,3.18056
651,6718.54546,6721.35352,2.80806
652,6710.31488,6713.00195,2.68707
653,6714.20239,6705.35205,8.85034
654,6736.16579,6709.67822,26.48757
655,6763.81637,6731.00049,32.81588
656,6781.64809,6758.83203,22.81606
657,6798.59784,6776.96582,21.63202
658,6781.64677,6793.14844,11.50166
659,6777.68825,6777.16553,0.52273
660,6794.61283,6772.79834,21.81449
661,6814.01721,6788.54346,25.47375
662,6789.92804,6806.14600,16.21795
663,6757.18689,6783.74756,26.56066
664,6730.51583,6751.28760,20.77177
665,6732.53820,6725.60156,6.93664
666,6769.26240,6728.12207,41.14033
667,6782.08500,6765.09521,16.98979
668,6819.31448,6778.14307,41.17141
669,6857.03688,6812.90088,44.13600
670,6859.89811,6845.00439,14.89371
671,6854.84613,6846.83105,8.01508
672,6853.11145,6842.07666,11.03479
673,6797.41857,6839.87402,42.45545
674,6772.63265,6789.67773,17.04508
675,6782.95898,6765.18945,17.76953
676,6758.01993,6775.35352,17.33359
677,6768.71335,6750.29053,18.42282
678,6793.54928,6761.59326,31.95601
679,6823.09118,6786.06982,37.02135
680,6842.54228,6813.17969,29.36259
681,6853.57172,6830.28125,23.29047
682,6864.81557,6839.32080,25.49477
683,6838.49026,6848.08447,9.59422
684,6835.97379,6826.03320,9.94058
685,6809.07249,6823.05762,13.98513
686,6770.94837,6797.80371,26.85534
687,6780.80489,6760.74023,20.06466
688,6811.58825,6770.70459,40.88366
689,6797.59221,6800.27637,2.68416
690,6797.31824,6787.59717,9.72107
691,6802.41361,6787.74121,14.67240
692,6820.03908,6792.83691,27.20216
693,6828.30420,6809.29102,19.01319
694,6811.93341,6816.73096,4.79755
695,6759.91264,6801.46582,41.55318
696,6726.98410,6750.67139,23.68728
697,6761.92461,6718.27393,43.65068
698,6759.71185,6753.21631,6.49554
699,6739.01602,6751.23633,12.22031
700,6748.32621,6731.23633,17.08988
701,6780.63372,6741.09326,39.54046
702,6796.30388,6774.60547,21.69842
703,6800.83800,6790.17041,10.66759
704,6793.68637,6794.73389,1.04752
705,6786.79213,6788.12891,1.33678
706,6755.81994,6781.65820,25.83827
707,6714.65522,6750.46680,35.81158
708,6711.23621,6710.77002,0.46619
709,6718.03077,6708.28857,9.74220
710,6724.08687,6715.61182,8.47506
711,6762.80056,6721.95068,40.84987
712,6781.18945,6760.53906,20.65039
713,6807.89938,6779.27637,28.62301
714,6845.44658,6804.64209,40.80449
715,6873.41125,6837.81104,35.60022
716,6858.40514,6859.48535,1.08021
717,6849.55096,6847.45850,2.09247
718,6802.27840,6840.01660,37.73821
719,6742.36023,6798.12012,55.75989
720,6711.82714,6737.78564,25.95851
721,6721.35423,6708.61133,12.74290
722,6743.76416,6718.43750,25.32666
723,6791.96064,6740.46924,51.49141
724,6819.51737,6789.57373,29.94364
725,6830.01811,6815.19287,14.82524
726,6856.65065,6824.77393,31.87672
727,6834.77718,6846.38818,11.61101
728,6761.07015,6827.90820,66.83806
729,6726.38942,6756.28223,29.89281
730,6727.47972,6721.46533,6.01439
731,6742.24993,6722.52979,19.72014
732,6774.73885,6736.98730,37.75155
733,6819.87984,6770.99609,48.88375
734,6836.85078,6814.28564,22.56513
735,6853.39075,6829.54980,23.84095
736,6865.20226,6843.12109,22.08116
737,6832.08961,6852.44189,20.35228
738,6846.63557,6825.80664,20.82893
739,6811.54487,6837.64355,26.09869
740,6752.65849,6806.25098,53.59249
741,6737.51904,6746.91064,9.39160
742,6760.07423,6731.68359,28.39064
743,6766.90726,6754.27930,12.62797
744,6777.45552,6761.90527,15.55025
745,6799.42460,6773.20801,26.21659
746,6811.05290,6795.03320,16.01969
747,6845.20103,6806.14746,39.05357
748,6850.17455,6836.28613,13.88842
749,6808.33853,6839.89355,31.55503
750,6766.25446,6802.44287,36.18842
751,6742.26580,6760.22705,17.96125
752,6745.75183,6735.67480,10.07702
753,6731.14479,6739.40430,8.25951
754,6739.09204,6725.84326,13.24878
755,6751.57381,6734.27002,17.30379
756,6771.02075,6747.50488,23.51587
757,6782.22547,6768.59961,13.62586
758,6787.88975,6780.20068,7.68907
759,6774.76269,6786.08740,11.32472
760,6776.92163,6773.38232,3.53930
761,6740.80118,6775.39404,34.59286
762,6712.85617,6737.97119,25.11502
763,6737.35723,6711.92285,25.43438
764,6738.74225,6735.25391,3.48834
765,6704.78061,6736.94189,32.16128
766,6687.61171,6705.94824,18.33654
767,6713.04719,6691.29395,21.75324
768,6737.00036,6715.61182,21.38855
769,6768.07868,6738.50049,29.57819
770,6790.93650,6770.51904,20.41745
771,6817.52050,6793.29297,24.22753
772,6858.17470,6817.88623,40.28847
773,6823.89440,6851.54395,27.64954
774,6804.19951,6823.11377,18.91426
775,6823.95443,6804.48682,19.46761
776,6844.44226,6822.60889,21.83338
777,6798.72094,6839.39941,40.67847
778,6757.39498,6798.68604,41.29106
779,6775.09213,6756.76074,18.33139
780,6816.82383,6775.40527,41.41855
781,6826.98946,6815.74561,11.24386
782,6877.27614,6824.81445,52.46169
783,6890.16638,6863.97510,26.19128
784,6846.49401,6872.65234,26.15834
785,6833.38189,6838.71289,5.33100
786,6826.41297,6826.96436,0.55138
787,6777.97393,6819.32080,41.34688
788,6743.40010,6771.27246,27.87236
789,6755.47631,6735.79199,19.68432
790,6736.60614,6748.22412,11.61798
791,6756.21327,6729.75000,26.46327
792,6786.02537,6750.10938,35.91600
793,6804.22199,6781.54443,22.67756
794,6824.00185,6799.61865,24.38320
795,6870.78241,6818.24561,52.53681
796,6847.73138,6856.54004,8.80866
797,6847.45460,6838.25781,9.19679
798,6798.59831,6837.82715,39.22884
799,6786.71638,6793.08545,6.36907
800,6783.72810,6781.28174,2.44636
801,6807.26285,6778.52637,28.73648
802,6821.52117,6802.03418,19.48699
803,6819.09993,6815.88135,3.21858
804,6826.46616,6813.99072,12.47544
805,6809.63221,6820.96924,11.33703
806,6818.91033,6805.33594,13.57439
807,6809.02982,6814.22510,5.19528
808,6843.03550,6804.62891,38.40659
809,6817.42948,6834.35791,16.92843
810,6817.48452,6811.21631,6.26822
811,6808.72126,6810.41162,1.69036
812,6784.85347,6801.53662,16.68315
813,6792.80574,6777.78076,15.02498
814,6789.43516,6786.05273,3.38242
815,6806.10275,6782.98535,23.11740
816,6826.93389,6799.95020,26.98369
817,6875.49023,6819.77490,55.71533
818,6871.35540,6859.44922,11.90618
819,6833.22885,6855.92480,22.69595
820,6806.06313,6824.57422,18.51109
821,6781.17107,6798.89160,17.72053
822,6763.09317,6774.08496,10.99179
823,6734.92520,6756.22949,21.30429
824,6740.10419,6728.73828,11.36591
825,6747.94725,6734.81836,13.12889
826,6742.27053,6743.20605,0.93553
827,6738.19525,6738.21338,0.01813
828,6720.69319,6734.85889,14.16570
829,6754.45108,6719.04297,35.40811
830,6732.50312,6752.65674,20.15361
831,6704.36884,6731.53369,27.16485
832,6744.62287,6706.76025,37.86262
833,6743.11048,6744.39941,1.28893
834,6749.88952,6743.27930,6.61022
835,6769.00212,6750.54346,18.45867
836,6805.36553,6770.74316,34.62236
837,6840.74100,6807.90283,32.83817
838,6832.89435,6839.33057,6.43621
839,6775.88308,6833.27783,57.39475
840,6752.95297,6778.72217,25.76919
841,6719.13023,6755.35938,36.22915
842,6693.23132,6723.30762,30.07630
843,6668.16915,6701.68799,33.51883
844,6682.92042,6678.76904,4.15138
845,6714.51685,6693.76172,20.75513
846,6744.05709,6720.71582,23.34127
847,6776.61874,6748.33496,28.28378
848,6765.16242,6781.99756,16.83514
849,6766.51701,6769.84033,3.32332
850,6698.69048,6771.17773,72.48725
851,6692.24788,6707.02832,14.78044
852,6730.14823,6701.81396,28.33427
853,6768.47917,6734.64551,33.83366
854,6805.48980,6773.62891,31.86089
855,6828.43410,6811.22949,17.20460
856,6869.16618,6832.20117,36.96501
857,6908.83559,6864.70654,44.12904
858,6912.06834,6894.49365,17.57469
859,6893.95171,6897.11523,3.16352
860,6854.44198,6882.69922,28.25723
861,6860.09800,6852.25195,7.84605
862,6818.54076,6856.13086,37.59010
863,6827.43631,6820.13037,7.30594
864,6787.74548,6827.12598,39.38050
865,6794.08420,6786.47559,7.60861
866,6811.32949,6792.20117,19.12832
867,6831.32335,6809.10645,22.21690
868,6823.68846,6827.75000,4.06154
869,6824.18675,6820.19141,3.99534
870,6840.13006,6820.15820,19.97186
871,6819.74715,6832.91846,13.17131
872,6823.64442,6812.65332,10.99110
873,6826.28335,6815.28369,10.99966
874,6795.27853,6817.17871,21.90018
875,6793.25316,6786.56445,6.68871
876,6797.32272,6784.84814,12.47458
877,6798.88831,6789.71191,9.17640
878,6804.91202,6792.16797,12.74405
879,6825.15273,6798.97949,26.17323
880,6830.82571,6819.09082,11.73489
881,6865.30833,6824.48096,40.82738
882,6855.65658,6853.46826,2.18832
883,6842.87605,6845.28223,2.40618
884,6848.42403,6834.50977,13.91427
885,6844.00603,6838.63623,5.36980
886,6831.71529,6834.63281,2.91752
887,6823.44279,6823.95947,0.51668
888,6837.83633,6816.35303,21.48330
889,6846.91849,6829.35840,17.56010
890,6852.59509,6836.78174,15.81335
891,6844.24485,6841.57129,2.67356
892,6852.48643,6834.39648,18.08995
893,6848.91042,6841.18018,7.73025
894,6848.30082,6837.99121,10.30961
895,6826.80403,6837.07715,10.27312
896,6815.35875,6817.94629,2.58754
897,6808.54800,6806.64746,1.90054
898,6830.81775,6799.85059,30.96717
899,6831.26916,6821.26318,10.00598
900,6836.32151,6821.65576,14.66574
901,6835.49441,6826.18311,9.31131
902,6796.60273,6825.67285,29.07012
903,6768.43707,6788.32129,19.88422
904,6740.06030,6760.42432,20.36401
905,6734.95616,6733.71875,1.23741
906,6693.83557,6729.98584,36.15027
907,6714.90332,6696.20410,18.69922
908,6728.80981,6714.91602,13.89380
909,6738.89498,6727.47656,11.41842
910,6769.19078,6738.27686,30.91392
911,6761.68311,6769.00098,7.31787
912,6797.18161,6761.98584,35.19577
913,6793.74821,6798.90771,5.15951
914,6757.22038,6795.78271,38.56233
915,6747.02520,6759.01074,11.98554
916,6753.33947,6749.48291,3.85656
917,6762.78105,6756.26416,6.51689
918,6799.89051,6766.25439,33.63612
919,6835.45892,6804.48682,30.97211
920,6864.44943,6838.20020,26.24923
921,6889.10847,6861.78711,27.32136
922,6879.30819,6880.58838,1.28019
923,6860.99848,6872.70361,11.70513
924,6855.06320,6858.36816,3.30496
925,6870.15163,6852.88721,17.26442
926,6847.42191,6864.26465,16.84274
927,6802.72541,6844.27344,41.54803
928,6805.55094,6801.90088,3.65006
929,6781.58307,6803.93994,22.35688
930,6782.58384,6778.94678,3.63707
931,6790.17857,6779.86084,10.31773
932,6802.71525,6787.46484,15.25040
933,6808.77015,6800.20752,8.56263
934,6837.98885,6806.03467,31.95419
935,6855.20338,6832.94922,22.25416
936,6877.74417,6846.90088,30.84329
937,6827.06403,6865.22314,38.15912
938,6833.40789,6820.21973,13.18817
939,6810.65472,6825.80029,15.14557
940,6806.89707,6804.13965,2.75742
941,6775.72582,6800.88818,25.16237
942,6777.82674,6769.90137,7.92538
943,6787.36270,6772.97754,14.38516
944,6807.90967,6783.56250,24.34717
945,6846.79777,6804.71631,42.08146
946,6834.98502,6840.82715,5.84213
947,6820.54166,6830.80273,10.26107
948,6795.42643,6817.20947,21.78304
949,6775.72110,6792.59180,16.87069
950,6739.03619,6772.22412,33.18793
951,6733.11485,6736.98828,3.87343
952,6731.36158,6732.09814,0.73656
953,6719.24391,6731.18750,11.94359
954,6737.21770,6721.70801,15.50969
955,6756.39813,6738.39893,17.99920
956,6777.60286,6757.52588,20.07698
957,6792.65865,6779.88721,12.77145
958,6796.71145,6795.52441,1.18703
959,6858.78104,6799.90967,58.87137
960,6900.14351,6856.72461,43.41890
961,6883.43480,6889.91748,6.48268
962,6840.26415,6875.92871,35.66456
963,6771.31755,6839.64893,68.33138
964,6766.61502,6772.03955,5.42453
965,6780.14314,6767.50830,12.63483
966,6804.22492,6782.12451,22.10041
967,6813.76606,6806.96973,6.79633
968,6832.96946,6816.64014,16.32933
969,6856.66142,6834.31055,22.35087
970,6858.85140,6854.33350,4.51791
971,6853.86067,6855.39209,1.53142
972,6831.56768,6850.18555,18.61787
973,6811.36257,6829.54639,18.18382
974,6792.79342,6809.07520,16.28177
975,6755.77181,6789.81494,34.04313
976,6749.03963,6752.64453,3.60490
977,6767.44731,6746.53223,20.91508
978,6786.02273,6764.47998,21.54275
979,6815.85667,6783.73340,32.12327
980,6836.26186,6814.02393,22.23793
981,6834.26524,6833.54053,0.72472
982,6815.11810,6832.03174,16.91364
983,6800.89024,6814.19189,13.30166
984,6774.62121,6799.83350,25.21228
985,6747.08515,6772.82959,25.74444
986,6731.95601,6746.53467,14.57866
987,6732.56038,6733.22803,0.66765
988,6749.12489,6734.53467,14.59022
989,6793.48623,6750.58057,42.90567
990,6844.02991,6795.61328,48.41663
991,6872.83481,6843.76123,29.07358
992,6904.57776,6868.30957,36.26819
993,6906.53738,6894.69922,11.83816
994,6885.07350,6896.33984,11.26634
995,6886.51220,6877.98828,8.52392
996,6814.64296,6878.69873,64.05577
997,6775.63984,6813.71875,38.07891
998,6753.00166,6773.87891,20.87725
999,6756.98910,6751.95557,5.03353
1000,6781.59745,6756.37744,25.22000
1001,6792.17984,6781.67871,10.50113
1002,6814.82967,6792.84424,21.98543
1003,6841.91562,6815.75195,26.16367
1004,6883.96994,6840.72900,43.24093
1005,6912.13798,6877.00928,35.12870
1006,6912.23276,6901.14062,11.09214
1007,6914.28983,6900.66943,13.62040
1008,6855.33059,6901.97363,46.64304
1009,6794.24532,6847.09766,52.85233
1010,6780.50205,6788.16943,7.66738
1011,6780.44705,6774.64697,5.80008
1012,6798.18469,6775.44678,22.73792
1013,6826.49160,6794.61670,31.87490
1014,6843.73285,6823.30176,20.43109
1015,6837.24892,6839.33789,2.08898
1016,6847.73333,6833.78906,13.94426
1017,6835.24274,6842.92236,7.67963
1018,6814.21817,6831.18652,16.96835
1019,6812.02542,6810.34277,1.68265
1020,6798.21721,6807.53613,9.31892
1021,6762.36545,6793.39648,31.03104
1022,6732.65073,6757.93311,25.28238
1023,6737.68003,6731.55859,6.12144
1024,6763.96435,6736.66016,27.30419
1025,6798.86029,6762.42822,36.43207
1026,6835.95385,6798.49268,37.46118
1027,6867.03010,6834.93262,32.09749
1028,6863.61764,6862.86377,0.75387
1029,6837.56180,6859.89258,22.33078
1030,6834.96663,6836.27490,1.30827
1031,6837.23395,6833.45752,3.77643
1032,6831.71399,6835.09521,3.38122
1033,6780.71179,6829.75586,49.04407
1034,6764.85150,6779.67236,14.82086
1035,6772.93553,6764.56689,8.36863
1036,6802.74537,6773.11426,29.63112
1037,6815.58474,6803.73535,11.84938
1038,6825.64337,6816.68311,8.96027
1039,6840.81828,6826.31152,14.50676
1040,6823.30004,6840.07422,16.77418
1041,6841.89431,6823.74854,18.14578
1042,6843.94895,6840.19629,3.75266
1043,6774.35944,6840.92480,66.56536
1044,6759.65473,6772.48242,12.82769
1045,6741.82054,6758.38916,16.56862
1046,6759.91906,6742.37842,17.54064
1047,6776.11222,6759.99121,16.12101
1048,6780.34746,6776.55176,3.79571
1049,6777.21301,6781.59229,4.37928
1050,6775.65843,6778.94531,3.28689
1051,6739.47576,6777.92041,38.44465
1052,6728.97149,6744.54980,15.57831
1053,6730.83154,6736.27100,5.43945
1054,6707.50342,6738.30029,30.79687
1055,6679.11408,6719.86133,40.74725
1056,6718.64252,6698.55371,20.08881
1057,6747.53691,6729.82568,17.71123
1058,6791.25765,6755.16943,36.08821
1059,6833.57499,6799.16113,34.41386
1060,6862.23297,6840.91602,21.31695
1061,6866.60330,6865.75635,0.84695
1062,6880.57487,6869.50635,11.06852
1063,6905.26202,6881.09229,24.16973
1064,6891.04742,6902.54199,11.49457
1065,6863.35061,6889.56836,26.21775
1066,6887.16028,6864.90674,22.25355
1067,6908.78006,6885.26221,23.51785
1068,6885.69236,6904.96436,19.27200
1069,6904.86429,6883.39551,21.46879
1070,6926.23534,6900.82129,25.41405
1071,6950.69463,6921.27490,29.41973
1072,6951.03942,6941.23096,9.80846
1073,6933.77398,6941.53711,7.76313
1074,6925.42379,6927.50684,2.08305
1075,6922.48251,6918.94922,3.53329
1076,6926.84718,6914.57324,12.27393
1077,6929.65454,6918.13818,11.51635
1078,6886.20734,6920.42139,34.21404
1079,6830.08791,6873.54053,43.45262
1080,6815.25143,6815.51465,0.26321
1081,6820.75925,6801.06494,19.69431
1082,6826.55178,6807.13281,19.41897
1083,6835.92623,6813.42480,22.50143
1084,6847.14802,6823.58398,23.56404
1085,6829.55032,6834.90771,5.35739
1086,6805.78399,6817.73828,11.95429
1087,6763.56166,6794.50635,30.94469
1088,6740.67495,6754.77246,14.09751
1089,6694.04134,6735.78662,41.74528
1090,6698.42324,6700.27686,1.85361
1091,6720.21386,6705.11426,15.09960
1092,6756.33467,6724.08154,32.25313
1093,6799.70599,6757.06982,42.63616
1094,6833.59205,6801.07568,32.51637
1095,6877.82513,6835.14600,42.67914
1096,6910.74264,6876.39014,34.35250
1097,6934.93863,6907.14746,27.79117
1098,6945.23661,6928.91211,16.32450
1099,6886.24832,6937.13184,50.88351
1100,6844.22815,6883.97559,39.74743
1101,6824.41854,6844.76758,20.34904
1102,6799.14088,6825.89307,26.75219
1103,6810.66605,6800.89600,9.77006
1104,6830.69099,6812.73877,17.95222
1105,6851.35005,6832.66846,18.68160
1106,6863.51538,6851.92676,11.58863
1107,6875.12398,6863.25537,11.86861
1108,6865.40408,6873.58398,8.17991
1109,6887.33570,6863.36230,23.97339
1110,6875.64321,6882.74365,7.10045
1111,6851.06691,6870.09131,19.02439
1112,6813.76572,6844.06396,30.29825
1113,6766.62666,6806.73047,40.10380
1114,6758.34761,6761.35010,3.00249
1115,6762.94891,6754.51025,8.43866
1116,6790.40606,6759.96875,30.43731
1117,6816.89047,6787.00635,29.88412
1118,6817.83381,6814.47510,3.35871
1119,6833.71483,6816.19873,17.51610
1120,6850.61390,6832.07861,18.53529
1121,6877.49319,6847.92432,29.56888
1122,6905.68243,6873.54883,32.13361
1123,6869.62758,6900.28027,30.65269
1124,6864.55808,6865.25684,0.69876
1125,6814.69786,6860.14990,45.45205
1126,6823.59933,6812.08838,11.51095
1127,6853.35055,6821.10596,32.24459
1128,6879.48323,6849.92090,29.56233
1129,6891.17212,6875.32275,15.84936
1130,6902.55055,6886.45166,16.09889
1131,6896.13544,6897.69629,1.56085
1132,6914.89611,6891.40967,23.48644
1133,6959.49283,6910.36670,49.12613
1134,6957.02436,6946.93555,10.08881
1135,6968.06503,6945.61475,22.45028
1136,6952.50508,6952.39307,0.11201
1137,6875.63453,6942.99072,67.35619
1138,6844.00193,6867.27002,23.26809
1139,6835.62006,6833.89551,1.72455
1140,6851.84571,6825.44971,26.39601
1141,6866.88851,6841.84668,25.04183
1142,6880.01450,6857.92627,22.08823
1143,6891.27092,6871.97266,19.29826
1144,6855.00394,6883.78613,28.78220
1145,6861.86343,6845.44092,16.42251
1146,6827.79671,6852.39502,24.59831
1147,6813.90375,6817.08350,3.17975
1148,6824.72470,6803.46484,21.25985
1149,6838.44241,6814.93213,23.51028
1150,6859.07602,6829.70068,29.37534
1151,6877.86315,6850.81787,27.04528
1152,6892.09895,6870.84326,21.25569
1153,6862.49686,6885.68164,23.18478
1154,6847.33109,6855.08398,7.75289
1155,6837.16449,6840.16797,3.00348
1156,6829.30957,6831.01074,1.70118
1157,6833.57073,6823.91455,9.65618
1158,6829.04592,6828.59473,0.45119
1159,6842.53833,6824.18652,18.35180
1160,6858.85761,6837.39111,21.46649
1161,6876.24849,6853.50488,22.74361
1162,6879.10756,6871.18311,7.92445
1163,6874.88196,6874.05420,0.82776
1164,6823.73710,6869.99268,46.25558
1165,6849.74364,6819.17236,30.57128
1166,6871.90406,6844.95605,26.94800
1167,6876.02849,6867.26074,8.76775
1168,6852.03861,6871.04590,19.00729
1169,6859.93821,6846.44678,13.49144
1170,6894.43964,6854.41309,40.02656
1171,6898.35594,6889.76514,8.59080
1172,6929.03071,6893.84814,35.18257
1173,6964.21700,6925.21191,39.00509
1174,6954.48467,6950.94775,3.53692
1175,6903.30909,6945.49658,42.18749
1176,6873.62441,6899.25635,25.63193
1177,6846.42389,6867.56250,21.13861
1178,6809.25733,6838.79785,29.54052
1179,6791.68728,6801.01367,9.32640
1180,6793.87494,6784.76318,9.11176
1181,6824.14072,6787.37207,36.76865
1182,6840.20926,6817.97266,22.23661
1183,6851.85628,6834.82324,17.03304
1184,6857.44940,6846.75000,10.69940
1185,6875.21104,6852.31934,22.89171
1186,6888.17683,6870.91699,17.25984
1187,6832.20893,6884.39111,52.18219
1188,6759.81937,6826.87012,67.05075
1189,6746.98708,6758.37012,11.38304
1190,6773.14994,6748.27979,24.87016
1191,6789.24403,6772.54004,16.70400
1192,6805.05464,6787.93701,17.11763
1193,6812.63573,6804.61426,8.02148
1194,6823.08023,6813.33301,9.74722
1195,6831.67981,6824.66113,7.01867
1196,6846.53431,6833.62061,12.91371
1197,6869.83919,6848.25830,21.58089
1198,6825.58376,6870.84570,45.26195
1199,6793.54723,6827.60986,34.06263
1200,6798.84092,6795.48779,3.35313
1201,6782.32496,6800.74316,18.41821
1202,6791.80585,6784.99121,6.81464
1203,6773.83893,6794.67627,20.83734
1204,6781.68662,6778.38867,3.29795
1205,6812.29179,6786.18457,26.10722
1206,6822.75637,6817.06152,5.69485
1207,6848.87960,6827.91455,20.96505
1208,6867.45768,6853.22119,14.23649
1209,6895.95739,6870.29102,25.66637
1210,6849.81611,6897.07422,47.25811
1211,6806.23088,6851.64551,45.41463
1212,6770.23223,6808.30469,38.07246
1213,6791.32067,6774.55615,16.76452
1214,6831.27936,6794.08936,37.19000
1215,6868.71780,6834.02832,34.68948
1216,6871.55043,6870.54346,1.00697
1217,6903.46446,6873.31787,30.14659
1218,6923.55267,6905.13379,18.41888
1219,6925.47313,6924.40527,1.06786
1220,6914.82102,6926.22266,11.40164
1221,6844.85179,6916.49268,71.64089
1222,6807.82698,6844.60498,36.77800
1223,6798.48728,6806.94238,8.45510
1224,6805.45531,6797.23730,8.21801
1225,6824.59409,6803.98975,20.60434
1226,6843.58065,6823.45215,20.12850
1227,6869.53496,6842.56885,26.96611
1228,6872.43987,6869.18457,3.25530
1229,6884.50974,6872.21680,12.29294
1230,6900.89575,6884.69482,16.20093
1231,6895.86768,6902.19922,6.33154
1232,6797.78998,6896.70947,98.91949
1233,6770.88353,6794.93066,24.04714
1234,6769.05839,6771.28271,2.22432
1235,6781.88016,6770.33057,11.54959
1236,6798.40699,6782.20801,16.19898
1237,6801.58643,6797.99951,3.58692
1238,6813.23579,6802.00488,11.23091
1239,6828.72357,6814.68213,14.04144
1240,6850.48269,6830.99170,19.49099
1241,6843.17281,6853.13574,9.96293
1242,6828.42774,6845.83643,17.40869
1243,6822.84307,6830.99951,8.15644
1244,6818.69955,6825.25049,6.55094
1245,6818.94337,6820.95312,2.00976
1246,6777.91594,6821.28711,43.37117
1247,6784.85700,6782.07471,2.78229
1248,6793.99443,6788.73584,5.25859
1249,6791.50477,6798.07812,6.57335
1250,6816.57940,6796.38525,20.19415
1251,6830.62130,6822.30371,8.31759
1252,6823.14620,6836.52197,13.37577
1253,6783.85092,6829.12598,45.27506
1254,6808.24973,6789.95557,18.29416
1255,6777.24219,6813.65723,36.41504
1256,6790.20047,6783.81787,6.38260
1257,6829.10893,6795.78613,33.32280
1258,6860.18324,6834.46484,25.71840
1259,6893.57627,6865.05908,28.51719
1260,6926.81040,6897.94678,28.86362
1261,6899.22343,6929.22949,30.00606
1262,6869.47024,6903.83496,34.36472
1263,6796.39340,6873.56104,77.16764
1264,6771.83908,6800.25684,28.41776
1265,6793.72441,6778.51074,15.21367
1266,6792.25639,6798.43701,6.18062
1267,6796.50952,6796.88965,0.38012
1268,6817.45373,6800.98242,16.47131
1269,6847.94308,6822.09229,25.85080
1270,6858.53609,6852.47314,6.06295
1271,6858.08013,6862.94629,4.86616
1272,6830.65422,6862.40088,31.74666
1273,6869.09865,6834.54443,34.55421
1274,6862.95507,6872.96582,10.01075
1275,6798.66963,6866.55762,67.88798
1276,6768.38531,6800.83643,32.45111
1277,6766.74549,6774.37939,7.63391
1278,6806.26022,6773.52051,32.73971
1279,6810.62253,6809.95508,0.66745
1280,6863.59329,6815.02002,48.57327
1281,6905.16154,6868.90967,36.25187
1282,6941.54036,6911.10986,30.43050
1283,6957.49681,6941.57129,15.92553
1284,6973.63958,6951.73340,21.90618
1285,6958.52218,6960.10693,1.58475
1286,6971.35060,6953.05518,18.29542
1287,6947.93549,6960.00244,12.06695
1288,6888.49620,6947.38330,58.88710
1289,6863.74297,6892.31348,28.57050
1290,6832.51837,6865.08398,32.56562
1291,6850.61315,6831.77637,18.83678
1292,6880.18786,6851.36230,28.82555
1293,6895.20802,6883.23633,11.97169
1294,6910.30618,6900.12695,10.17923
1295,6920.64416,6916.52588,4.11829
1296,6954.84871,6926.61133,28.23738
1297,6930.87152,6952.65674,21.78522
1298,6898.22115,6935.28564,37.06450
1299,6866.02871,6902.08154,36.05284
1300,6880.34703,6864.30273,16.04430
1301,6886.54549,6881.19043,5.35506
1302,6865.94852,6888.48096,22.53244
1303,6867.45723,6864.66553,2.79170
1304,6874.76241,6866.76807,7.99434
1305,6901.10349,6875.54150,25.56199
1306,6910.98338,6906.00049,4.98289
1307,6927.98204,6916.90479,11.07725
1308,6959.97396,6932.80322,27.17074
1309,6966.83112,6955.31934,11.51178
1310,6932.74995,6959.35840,26.60845
1311,6904.95000,6937.36426,32.41426
1312,6892.50631,6910.86816,18.36185
1313,6879.87748,6896.31934,16.44185
1314,6886.70272,6881.72607,4.97664
1315,6912.16646,6889.76172,22.40475
1316,6965.81764,6918.93018,46.88746
1317,7001.77542,6959.44531,42.33011
1318,6983.64900,6974.64502,9.00398
1319,6958.64094,6968.13623,9.49529
1320,6929.74824,6956.01514,26.26690
1321,6829.51112,6935.56104,106.04991
1322,6811.21568,6824.61523,13.39955
1323,6830.12612,6806.16113,23.96498
1324,6861.83385,6826.08105,35.75279
1325,6868.72927,6861.27002,7.45925
1326,6875.14817,6869.37695,5.77122
1327,6907.49763,6877.11621,30.38142
1328,6917.53371,6914.76709,2.76662
1329,6874.51992,6924.95752,50.43760
1330,6839.95111,6877.01660,37.06550
1331,6808.36396,6838.88721,30.52325
1332,6785.53829,6806.64453,21.10624
1333,6806.03948,6786.63232,19.40715
1334,6839.30547,6805.86621,33.43926
1335,6839.31102,6840.69629,1.38527
1336,6867.55820,6841.15674,26.40146
1337,6887.76471,6871.93848,15.82623
1338,6907.88298,6894.62695,13.25603
1339,6917.83237,6916.25049,1.58188
1340,6910.09390,6925.63721,15.54331
1341,6930.51564,6918.49072,12.02492
1342,6932.38074,6936.45312,4.07238
1343,6902.13863,6938.05176,35.91313
1344,6840.82350,6910.60352,69.78002
1345,6832.69218,6843.43604,10.74386
1346,6840.19543,6834.90332,5.29211
1347,6863.89696,6843.30469,20.59227
1348,6879.30985,6868.82520,10.48466
1349,6902.33894,6886.08936,16.24958
1350,6931.12013,6911.34619,19.77394
1351,6932.94637,6937.54883,4.60246
1352,6920.12750,6939.09766,18.97016
1353,6851.48144,6928.52002,77.03858
1354,6807.39092,6853.81738,46.42647
1355,6807.32199,6807.87598,0.55399
1356,6836.62381,6808.15869,28.46511
1357,6862.40955,6838.60498,23.80457
1358,6892.84888,6866.60791,26.24097
1359,6924.73153,6901.22998,23.50155
1360,6941.13851,6932.89600,8.24251
1361,6926.84743,6945.34570,18.49827
1362,6952.24913,6934.73682,17.51232
1363,6960.11926,6952.52686,7.59241
1364,6979.65912,6957.09766,22.56146
1365,6988.94614,6966.67920,22.26694
1366,6947.58797,6970.77393,23.18596
1367,6891.82528,6950.63428,58.80899
1368,6895.24708,6899.89111,4.64403
1369,6913.38654,6904.04004,9.34650
1370,6930.17094,6923.67871,6.49223
1371,6947.76945,6938.44434,9.32511
1372,6941.28150,6951.12402,9.84253
1373,6966.39911,6946.81641,19.58270
1374,6992.41638,6962.13477,30.28162
1375,6977.33981,6973.80225,3.53756
1376,6971.01565,6968.07080,2.94485
1377,6935.82237,6965.48193,29.65956
1378,6880.68748,6943.59277,62.90529
1379,6868.56039,6885.21338,16.65299
1380,6882.14345,6870.24512,11.89833
1381,6910.03030,6887.50146,22.52884
1382,6916.17852,6920.82520,4.64668
1383,6943.01868,6927.03711,15.98157
1384,6943.24084,6948.83984,5.59900
1385,6962.67832,6949.02686,13.65146
1386,6974.12017,6961.12646,12.99370
1387,6949.23208,6966.88428,17.65219
1388,6881.68103,6953.31348,71.63245
1389,6876.26036,6887.74902,11.48867
1390,6892.31232,6881.22852,11.08380
1391,6911.48140,6901.32568,10.15572
1392,6934.95600,6922.99268,11.96333
1393,6926.53911,6943.22168,16.68257
1394,6919.82439,6936.64209,16.81770
1395,6896.54381,6931.03564,34.49184
1396,6853.59215,6907.21338,53.62123
1397,6802.61255,6856.68018,54.06762
1398,6798.73766,6804.50244,5.76478
1399,6808.26440,6801.51709,6.74731
1400,6832.89028,6811.20361,21.68667
1401,6839.85003,6836.55908,3.29094
1402,6866.25353,6844.48730,21.76622
1403,6893.12710,6873.52490,19.60220
1404,6909.17334,6904.76660,4.40674
1405,6923.40958,6921.73779,1.67179
1406,6924.29941,6934.38330,10.08389
1407,6900.17652,6935.14014,34.96361
1408,6897.49483,6912.91943,15.42460
1409,6884.12370,6910.12988,26.00618
1410,6855.42396,6895.08057,39.65661
1411,6826.88320,6862.92480,36.04160
1412,6831.29865,6833.26465,1.96600
1413,6851.95108,6838.38037,13.57071
1414,6867.33518,6860.63086,6.70432
1415,6859.21996,6877.34473,18.12476
1416,6851.56223,6868.70068,17.13845
1417,6849.74034,6860.78906,11.04872
1418,6834.69608,6858.69043,23.99435
1419,6792.16285,6842.62061,50.45776
1420,6783.06568,6800.93994,17.87426
1421,6802.86814,6793.29004,9.57810
1422,6838.74616,6811.81396,26.93220
1423,6865.90399,6848.18604,17.71795
1424,6868.65081,6877.01318,8.36237
1425,6849.89169,6880.27148,30.37980
1426,6830.71695,6860.68018,29.96323
1427,6808.81106,6841.19434,32.38328
1428,6825.08432,6819.98584,5.09848
1429,6843.63920,6836.66895,6.97026
1430,6868.05879,6856.12402,11.93476
1431,6874.87541,6881.38965,6.51423
1432,6912.02032,6888.62012,23.40020
1433,6936.79785,6925.73438,11.06347
1434,6943.12457,6944.60059,1.47601
1435,6977.24801,6948.73926,28.50875
1436,7009.21445,6965.79297,43.42148
1437,7007.13630,6976.88672,30.24958
1438,6977.35927,6976.73975,0.61953
1439,6922.59197,6966.99707,44.40510
1440,6889.42165,6935.28174,45.86008
1441,6887.15946,6903.01318,15.85372
1442,6884.20707,6900.19385,15.98678
1443,6894.08232,6896.69336,2.61104
1444,6907.36344,6908.25293,0.88949
1445,6889.65586,6922.05127,32.39541
1446,6849.31921,6903.30518,53.98596
1447,6769.72728,6856.93652,87.20924
1448,6726.40807,6778.83301,52.42493
1449,6710.61690,6743.88721,33.27031
1450,6746.05705,6732.56934,13.48772
1451,6792.01861,6761.59912,30.41948
1452,6827.11213,6803.53760,23.57454
1453,6846.12271,6838.76758,7.35514
1454,6855.05431,6859.22705,4.17274
1455,6873.38128,6868.95459,4.42669
1456,6904.22622,6889.80322,14.42300
1457,6916.03099,6922.39111,6.36012
1458,6859.59739,6932.82568,73.22829
1459,6831.13781,6875.44141,44.30359
1460,6848.85492,6846.50781,2.34710
1461,6852.64261,6864.85547,12.21286
1462,6843.17128,6868.94434,25.77305
1463,6848.76419,6859.52734,10.76316
1464,6856.51866,6865.42236,8.90370
1465,6878.71763,6873.60645,5.11119
1466,6919.93572,6897.23193,22.70378
1467,6948.00469,6935.84619,12.15850
1468,6935.57543,6954.18506,18.60963
1469,6952.23695,6946.62988,5.60707
1470,6947.61233,6955.93701,8.32468
1471,6911.34233,6953.28369,41.94136
1472,6892.45071,6927.14404,34.69333
1473,6883.85310,6908.72803,24.87493
1474,6905.20041,6898.96484,6.23556
1475,6938.24786,6921.81592,16.43194
1476,6941.38827,6948.19482,6.80656
1477,6934.92427,6950.28711,15.36283
1478,6936.68188,6946.08057,9.39868
1479,6943.19520,6947.44775,4.25255
1480,6927.28171,6951.88037,24.59866
1481,6885.59887,6941.09277,55.49390
1482,6862.89061,6901.08496,38.19435
1483,6870.89132,6873.65527,2.76396
1484,6887.47627,6883.27148,4.20479
1485,6909.11483,6903.46436,5.65048
1486,6928.92146,6926.32324,2.59821
1487,6943.07362,6942.82568,0.24794
1488,6967.00340,6952.59277,14.41063
1489,6993.93445,6965.73730,28.19715
1490,6995.34093,6976.43701,18.90392
1491,6956.00025,6976.96875,20.96850
1492,6906.53467,6960.41357,53.87891
1493,6890.64458,6924.08496,33.44038
1494,6894.49621,6907.36816,12.87195
1495,6901.15892,6911.85547,10.69654
1496,6894.00623,6919.00098,24.99474
1497,6899.60588,6911.55322,11.94735
1498,6919.68273,6917.59863,2.08409
1499,6927.64060,6935.93652,8.29592
1500,6938.08869,6942.26758,4.17888
1501,6903.94505,6949.65283,45.70778
1502,6879.90580,6922.15527,42.24947
1503,6870.83123,6895.38818,24.55695
1504,6884.19337,6884.28027,0.08691
1505,6885.62802,6900.76953,15.14151
1506,6909.79818,6902.59961,7.19857
1507,6932.39266,6927.86914,4.52351
1508,6966.75938,6946.01465,20.74473
1509,7011.53587,6965.91016,45.62571
1510,7027.26330,6981.83008,45.43323
1511,7006.33948,6985.84082,20.49866
1512,6981.79296,6980.46875,1.32421
1513,6925.66880,6972.40771,46.73891
1514,6910.67045,6941.34717,30.67672
1515,6919.92351,6928.92480,9.00129
1516,6922.39789,6936.82617,14.42828
1517,6921.64648,6938.91064,17.26417
1518,6915.88749,6938.33740,22.44991
1519,6906.33632,6933.65625,27.31993
1520,6865.03627,6925.22266,60.18639
1521,6810.62481,6878.45752,67.83271
1522,6817.57266,6821.66943,4.09677
1523,6835.23526,6829.28027,5.95498
1524,6863.11108,6847.54443,15.56664
1525,6891.77855,6877.64258,14.13597
1526,6909.11298,6911.28662,2.17364
1527,6924.98977,6928.34619,3.35642
1528,6932.23773,6941.43213,9.19440
1529,6938.82483,6946.71631,7.89147
1530,6937.09625,6951.09180,13.99554
1531,6963.52877,6950.03613,13.49264
1532,6958.65957,6964.63916,5.97959
1533,6941.66272,6962.33984,20.67713
1534,6888.53938,6953.02148,64.48211
1535,6867.49330,6908.82080,41.32750
1536,6886.00722,6884.46143,1.54579
1537,6913.52384,6906.28711,7.23673
1538,6929.61190,6932.71924,3.10733
1539,6950.05443,6945.16309,4.89134
1540,6968.64237,6957.90234,10.74002
1541,6949.97119,6967.10938,17.13818
1542,6955.66422,6958.22803,2.56381
1543,6931.60632,6961.47314,29.86682
1544,6876.27580,6947.05371,70.77791
1545,6857.04871,6894.17041,37.12170
1546,6865.58988,6871.65527,6.06540
1547,6878.10225,6881.61084,3.50859
1548,6902.65297,6896.93701,5.71595
1549,6912.07354,6923.63965,11.56610
1550,6904.64670,6932.05322,27.40652
1551,6893.71237,6925.62939,31.91702
1552,6903.29518,6915.10693,11.81175
1553,6870.98869,6924.57617,53.58749
1554,6817.67795,6889.46973,71.79178
1555,6814.87144,6833.55176,18.68032
1556,6810.89172,6831.24316,20.35144
1557,6840.24640,6827.94043,12.30597
1558,6844.56848,6857.64551,13.07703
1559,6851.35374,6862.56494,11.21121
1560,6877.39664,6869.89258,7.50407
1561,6928.71329,6898.98730,29.72599
1562,6955.92243,6945.03662,10.88581
1563,6980.85248,6960.62598,20.22650
1564,6980.22720,6971.06543,9.16177
1565,6961.31212,6971.07861,9.76649
1566,6945.51409,6963.64600,18.13190
1567,6951.65885,6955.90967,4.25082
1568,6966.67568,6959.37500,7.30068
1569,6963.57088,6966.52783,2.95695
1570,6973.43017,6965.25098,8.17919
1571,6955.70076,6969.52832,13.82756
1572,6964.48414,6961.77002,2.71413
1573,6955.82408,6966.01416,10.19008
1574,6930.97305,6962.09717,31.12412
1575,6888.48691,6947.72168,59.23477
1576,6903.93336,6910.87842,6.94506
1577,6914.85482,6926.29199,11.43717
1578,6916.34684,6935.68896,19.34212
1579,6899.21893,6936.94580,37.72687
1580,6910.29812,6921.86572,11.56760
1581,6870.86410,6932.20166,61.33756
1582,6858.00412,6890.16650,32.16238
1583,6858.64569,6875.53906,16.89337
1584,6864.40440,6876.79443,12.39004
1585,6846.31475,6883.63867,37.32393
1586,6863.96813,6864.36182,0.39369
1587,6895.10956,6883.95215,11.15741
1588,6927.79207,6918.90283,8.88923
1589,6931.89660,6945.96338,14.06678
1590,6935.96237,6948.77539,12.81303
1591,6934.38901,6951.40479,17.01577
1592,6937.08654,6950.45068,13.36414
1593,6890.31653,6952.14355,61.82703
1594,6840.66521,6914.82910,74.16389
1595,6844.51335,6861.14160,16.62825
1596,6854.17899,6865.24756,11.06857
1597,6848.53675,6875.55908,27.02233
1598,6861.47080,6869.85498,8.38418
1599,6883.20639,6883.93457,0.72818
1600,6909.14439,6908.23633,0.90806
1601,6940.76153,6932.12158,8.63994
1602,6950.16424,6954.03027,3.86604
1603,6960.00353,6959.32568,0.67785
1604,6943.21916,6964.25488,21.03572
1605,6918.26697,6955.87549,37.60852
1606,6897.53989,6939.66992,42.13003
1607,6856.76527,6922.40234,65.63708
1608,6834.27762,6878.36182,44.08420
1609,6849.76908,6855.67822,5.90914
1610,6875.67394,6871.63867,4.03527
1611,6906.70654,6900.46094,6.24560
1612,6939.12908,6930.66211,8.46697
1613,6961.47503,6953.52588,7.94915
1614,6969.37411,6965.00977,4.36435
1615,6950.03849,6968.58545,18.54696
1616,6916.09230,6959.93408,43.84178
1617,6881.80572,6938.38965,56.58393
1618,6875.19629,6907.11377,31.91748
1619,6883.28547,6899.77979,16.49432
1620,6904.98169,6908.83252,3.85083
1621,6925.92106,6929.79785,3.87679
1622,6942.33082,6945.93555,3.60473
1623,6965.61463,6956.20361,9.41102
1624,6968.12893,6967.67529,0.45364
1625,6962.81658,6968.77148,5.95490
1626,6930.81045,6966.54199,35.73154
1627,6897.60824,6949.37549,51.76725
1628,6868.38412,6923.48633,55.10221
1629,6867.42904,6892.31787,24.88883
1630,6885.38485,6891.28125,5.89640
1631,6896.35999,6911.51025,15.15027
1632,6912.34511,6922.54150,10.19639
1633,6939.33466,6936.27979,3.05487
1634,6965.32470,6954.93115,10.39354
1635,6988.81150,6968.01025,20.80124
1636,7020.47761,6976.81348,43.66413
1637,7022.32283,6985.79834,36.52449
1638,6972.53910,6986.44580,13.90670
1639,6933.08254,6971.35791,38.27537
1640,6922.15693,6951.25732,29.10039
1641,6918.41517,6943.75342,25.33824
1642,6933.20410,6941.00830,7.80420
1643,6948.81958,6951.42822,2.60865
1644,6967.74239,6960.54883,7.19356
1645,6967.44359,6969.54443,2.10084
1646,6966.93615,6969.43213,2.49598
1647,6931.90475,6969.24512,37.34036
1648,6924.58764,6950.71533,26.12769
1649,6920.49090,6945.80664,25.31574
1650,6925.20324,6942.86279,17.65955
1651,6926.61680,6946.29590,19.67909
1652,6944.38667,6947.31787,2.93120
1653,6941.67653,6958.56641,16.88988
1654,6946.72009,6957.03662,10.31653
1655,6932.90869,6959.90430,26.99561
