Time,Actual,Predicted
20,6795.90547761149,6769.44
21,6778.806005726254,6792.4575
22,6736.883785988363,6773.8037
23,6744.41798599611,6733.564
24,6766.733930752397,6740.769
25,6767.200099540833,6763.298
26,6798.491305657083,6763.6714
27,6827.341751394739,6791.4956
28,6842.070353905421,6828.11
29,6810.700339130636,6838.916
30,6777.717951529839,6796.983
31,6790.754795752732,6767.487
32,6742.1996883829,6778.367
33,6703.844464156654,6735.668
34,6687.555913989155,6695.033
35,6702.225831567588,6676.8857
36,6715.855435983868,6694.642
37,6733.555828894098,6708.3228
38,6739.464657639614,6725.6924
39,6762.047732999987,6731.3555
40,6742.273708235354,6753.7656
41,6698.977324058978,6733.951
42,6653.42243640472,6690.0054
43,6637.275962402231,6639.1226
44,6663.2329743005785,6623.95
45,6696.027351561643,6660.6074
46,6717.956985658324,6692.985
47,6767.245489376875,6710.878
48,6828.626051611756,6754.5703
49,6876.366383201046,6822.788
50,6883.369108490728,6855.877
51,6799.7602494644325,6852.809
52,6725.4364839873,6769.712
53,6685.026400005403,6711.646
54,6667.126216025533,6674.774
55,6672.523363055238,6657.2485
56,6684.491771230659,6664.363
57,6696.269593617576,6676.509
58,6727.273513611083,6688.445
59,6740.380001208747,6714.2847
60,6744.25398925969,6725.108
61,6702.8482232830165,6728.22
62,6641.885541037474,6694.0366
63,6602.254936680984,6624.378
64,6606.594933579861,6603.476
65,6626.533030571187,6606.334
66,6654.546014026709,6618.0874
67,6674.888752742246,6650.019
68,6698.939773736125,6674.6445
69,6713.218209881052,6693.846
70,6711.828474731372,6706.549
71,6705.499417605957,6713.263
72,6691.857642082777,6709.8706
73,6695.787482340637,6699.8374
74,6703.762628476236,6702.7246
75,6685.023760290424,6707.942
76,6681.293802213521,6691.5264
77,6691.174019966689,6687.9175
78,6695.869495207366,6697.349
79,6708.391031150803,6701.8813
80,6737.184203775792,6711.8037
81,6763.046452816705,6735.8403
82,6795.6761216638815,6758.9473
83,6772.309336135013,6784.6016
84,6759.183551656774,6761.181
85,6721.376599049826,6750.253
86,6697.210871086562,6715.193
87,6655.12421978076,6692.31
88,6661.8341508927415,6642.8013
89,6697.356888589501,6654.1167
90,6733.763459507323,6694.297
91,6765.956327740392,6726.167
92,6802.257818876108,6756.4966
93,6830.030992090365,6788.531
94,6840.940787338507,6824.5566
95,6842.828377838589,6831.0864
96,6836.401610028143,6828.453
97,6811.75044597825,6817.4824
98,6744.630699170201,6784.0796
99,6737.372464550977,6729.2305
100,6712.253904138371,6722.3286
101,6693.605557777652,6700.204
102,6715.684295583555,6681.6274
103,6734.269644233289,6703.729
104,6763.831109470508,6719.459
105,6777.954240759166,6746.057
106,6781.935212332512,6757.318
107,6751.016888530549,6760.3003
108,6722.354897927543,6734.8125
109,6688.950994047365,6706.982
110,6649.903712934949,6667.2446
111,6642.695324173138,6622.3306
112,6654.872681976254,6619.7495
113,6665.127295520465,6636.6934
114,6674.304644884851,6654.6675
115,6690.346236081055,6666.956
116,6701.267665807655,6684.288
117,6700.289470212126,6696.842
118,6730.544825946143,6696.8516
119,6734.379491409964,6721.636
120,6724.8564661525215,6724.981
121,6730.279615702275,6716.6714
122,6677.682621140381,6720.561
123,6671.091609506131,6672.946
124,6700.53495143668,6668.0474
125,6735.803900155983,6698.8022
126,6760.12431143378,6727.6396
127,6775.116339499245,6751.3047
128,6760.151994876928,6764.3203
129,6750.869648333459,6749.347
130,6766.288419915036,6739.6196
131,6834.690348964751,6753.305
132,6816.726158876249,6832.2734
133,6773.159278366341,6798.9307
134,6766.40212724381,6755.378
135,6782.670773837709,6749.81
136,6805.565960620749,6763.367
137,6821.17338263657,6783.197
138,6827.845823141104,6803.9014
139,6835.585447323553,6811.9746
140,6817.294614252334,6821.0684
141,6781.114261525741,6792.5015
142,6765.9767568713005,6760.1143
143,6736.205536043598,6748.4077
144,6744.386391232244,6717.755
145,6763.5871431329815,6727.086
146,6782.258073708587,6749.3613
147,6777.400781924914,6765.911
148,6777.193783363083,6761.9473
149,6744.059453562409,6761.7686
150,6710.572418847637,6726.397
151,6679.1750412007295,6684.692
152,6630.593304004096,6648.826
153,6621.609055808999,6608.642
154,6615.103203542277,6609.061
155,6634.886052603909,6609.7896
156,6662.126171392006,6623.295
157,6710.788604452106,6657.824
158,6739.121764181746,6701.0005
159,6739.00058547954,6721.8
160,6736.629626332162,6722.3457
161,6734.869777059344,6720.846
162,6718.061094183782,6719.4766
163,6687.400321627138,6707.2354
164,6661.389669680671,6681.761
165,6652.775143864455,6660.2944
166,6628.3262969974085,6649.962
167,6642.624811504391,6623.5103
168,6663.53263032552,6641.2104
169,6698.89018551872,6670.7363
170,6720.706560281438,6704.2295
171,6737.162895149698,6719.0967
172,6765.680315699093,6729.36
173,6801.952854635648,6751.3003
174,6822.08271406057,6782.6704
175,6807.368591258206,6808.016
176,6688.54269017767,6779.856
177,6643.045297913761,6678.8037
178,6615.564892367513,6627.0117
179,6622.796321459082,6610.6147
180,6664.451371097806,6617.0356
181,6708.150684898208,6667.854
182,6744.031505535437,6707.4443
183,6726.674140748454,6729.5894
184,6742.569578742141,6718.0596
185,6756.05360876413,6727.0825
186,6753.432742072669,6735.155
187,6746.474153658458,6732.472
188,6738.193372866169,6726.4785
189,6712.360106898694,6718.909
190,6672.411881018229,6697.5986
191,6678.3681105196,6662.9185
192,6706.212381465822,6669.704
193,6721.386295461726,6696.0645
194,6744.580070255778,6708.5425
195,6703.866371395747,6726.3965
196,6681.477561809121,6693.963
197,6680.267837900915,6672.09
198,6632.283553205552,6669.4253
199,6626.405600962273,6614.199
200,6630.429749079845,6610.387
201,6660.86505310236,6614.716
202,6742.2497520382585,6651.892
203,6779.478107988504,6725.536
204,6754.635754434439,6756.9824
205,6677.156808793289,6734.8325
206,6664.236666449623,6670.627
207,6662.280274024565,6659.5205
208,6663.05398435872,6659.2827
209,6674.347938827395,6662.4985
210,6707.897370356343,6675.05
211,6750.03331576892,6706.897
212,6745.306754594842,6734.7827
213,6706.945226393829,6730.37
214,6674.938158090502,6704.04
215,6646.657899071113,6674.4106
216,6661.374352203393,6639.987
217,6664.981187411944,6664.164
218,6673.080967899975,6669.0996
219,6702.586111350497,6675.2056
220,6723.686046557455,6702.4653
221,6731.918249223458,6715.84
222,6707.119795348258,6719.822
223,6735.616264728656,6702.527
224,6710.343833382298,6723.2812
225,6687.4503395543015,6705.077
226,6702.600723059169,6679.921
227,6712.726377711223,6695.841
228,6715.999424004986,6703.8574
229,6719.647254300619,6705.0347
230,6725.037804958984,6706.644
231,6728.192532476969,6710.59
232,6660.544459673817,6713.043
233,6636.975559248346,6642.0093
234,6629.897493541004,6617.3545
235,6641.530987911538,6614.566
236,6663.8636027489,6624.4136
237,6696.645068617099,6655.555
238,6737.54343521671,6688.5693
239,6766.270590022587,6721.936
240,6788.349216086935,6745.3926
241,6756.558798183883,6763.956
242,6744.477929599787,6735.4604
243,6680.826284615611,6725.68
244,6632.48449636229,6672.2993
245,6625.199394244827,6618.811
246,6641.614064969174,6616.5483
247,6663.884010056961,6632.825
248,6715.36045891611,6666.769
249,6728.347079868799,6712.361
250,6717.838855772287,6719.7915
251,6732.770202590383,6713.8965
252,6713.865375379872,6722.5737
253,6713.2850639368135,6709.843
254,6704.56165147006,6707.2964
255,6726.798858304578,6698.0107
256,6686.710637003313,6713.2134
257,6650.263904578292,6675.9634
258,6646.16613637013,6633.5005
259,6669.5056693007655,6632.0166
260,6708.034828219189,6667.427
261,6740.577047719808,6704.231
262,6741.085660115354,6728.19
263,6711.626395054158,6728.678
264,6718.027028138271,6706.0767
265,6712.812796774236,6708.9624
266,6731.90336420054,6702.682
267,6711.207693202045,6716.0415
268,6691.714907154319,6696.814
269,6688.2402112894615,6675.5415
270,6698.730594658152,6673.105
271,6718.49495102365,6686.2363
272,6721.569914023018,6706.955
273,6722.233594781017,6709.4443
274,6754.484873581897,6709.8667
275,6715.292979975988,6736.2783
276,6687.085953861073,6703.5796
277,6666.036160444061,6672.309
278,6696.374927193572,6644.849
279,6682.229291640672,6679.717
280,6689.169640453024,6661.9497
281,6721.298604435259,6671.4766
282,6743.414545080717,6708.7944
283,6743.185940131444,6728.1807
284,6729.902062731463,6727.523
285,6731.9564588557805,6715.4194
286,6759.494527051015,6716.8745
287,6738.46804289038,6741.4824
288,6699.992074813637,6722.13
289,6650.638134792008,6683.4316
290,6651.023495317381,6621.3247
291,6664.1676665867735,6625.0767
292,6684.124712826206,6647.272
293,6693.628526375464,6674.4243
294,6707.868037315523,6685.518
295,6716.433062248903,6701.7925
296,6721.410485525621,6709.704
297,6713.416840874447,6712.65
298,6728.07951155119,6704.3013
299,6713.896999059631,6715.5474
300,6727.050861215432,6702.6284
301,6718.098796327019,6712.911
302,6678.808780061238,6705.4556
303,6678.072056318423,6665.5557
304,6692.737353695016,6666.7173
305,6718.179158707241,6683.2974
306,6755.313148234682,6710.4854
307,6792.189568350127,6740.8364
308,6815.6370765968695,6772.9556
309,6786.073488567438,6800.6934
310,6750.162458750798,6761.114
311,6715.062350965706,6732.7397
312,6717.485624792755,6702.37
313,6673.216007917086,6703.7056
314,6634.277394010324,6647.454
315,6638.567802857435,6609.842
316,6666.321137776084,6616.1836
317,6691.194899360764,6652.9834
318,6719.14174820573,6684.249
319,6722.016752627846,6711.8174
320,6726.398039285403,6713.8833
321,6751.5535906749865,6717.2085
322,6760.416738567689,6734.4204
323,6695.936163423275,6739.885
324,6685.056649562589,6686.2847
325,6683.198379287875,6675.9883
326,6685.539501246112,6675.8853
327,6703.832936171641,6679.724
328,6739.313722161537,6699.4365
329,6747.537153962008,6727.781
330,6747.337018498233,6733.9995
331,6762.638264971295,6733.94
332,6731.303860808593,6745.385
333,6740.208404449113,6720.9185
334,6715.44109975805,6726.5586
335,6685.964207476256,6704.486
336,6708.223892998058,6669.9966
337,6703.942538394132,6694.328
338,6699.639635688005,6688.4688
339,6711.32659636488,6683.964
340,6721.261030678585,6698.8086
341,6727.918351496758,6709.704
342,6733.420054126215,6716.2183
343,6707.204277053003,6721.06
344,6677.315103874667,6693.6733
345,6647.544094649332,6656.518
346,6634.852120917495,6618.271
347,6661.10469252972,6612.7373
348,6679.52152384059,6642.1978
349,6678.25892659168,6671.868
350,6700.718426814652,6672.418
351,6711.447337093117,6696.6836
352,6736.968998781501,6707.616
353,6745.604035012948,6729.6187
354,6757.84058437425,6736.3394
355,6735.142352875897,6745.6494
356,6737.247503706005,6726.4946
357,6752.195468425864,6727.6543
358,6785.591733805424,6738.502
359,6797.459899362018,6765.252
360,6733.750527179369,6774.767
361,6707.072602688982,6722.6787
362,6727.296904206964,6700.927
363,6733.382544802557,6718.4473
364,6750.486639699109,6722.622
365,6735.148224482828,6734.071
366,6713.865393447607,6721.1963
367,6685.032084955239,6699.8403
368,6693.335808321086,6663.779
369,6720.51545980734,6672.845
370,6704.0134087213455,6704.6973
371,6698.016385905857,6683.916
372,6690.900507805064,6676.811
373,6685.622320131171,6670.4062
374,6694.827502506468,6666.736
375,6714.842998321689,6679.3574
376,6739.299618507544,6704.6816
377,6778.4935956337295,6728.1343
378,6771.747671122564,6761.8706
379,6764.532123282359,6756.4897
380,6696.391121673039,6750.504
381,6675.271790691109,6683.425
382,6647.504381218345,6657.7886
383,6634.17611470246,6623.1187
384,6634.038891199997,6616.9023
385,6649.291251897535,6620.409
386,6670.277832056648,6639.2197
387,6703.743599237004,6673.083
388,6733.363216131236,6707.2544
389,6772.869039074682,6730.125
390,6797.700751671135,6758.4688
391,6761.670246144262,6777.543
392,6767.516082921488,6747.3193
393,6721.055450794273,6750.8003
394,6676.490612714911,6716.6113
395,6638.859754403639,6677.2505
396,6635.676303993733,6631.591
397,6626.746467581477,6632.159
398,6648.096556512276,6627.3467
399,6664.607854135177,6653.706
400,6701.97209705877,6678.159
401,6725.8258763794,6714.008
402,6776.989359342306,6729.63
403,6822.148852058577,6761.516
404,6826.114164296814,6808.1455
405,6834.622288146356,6808.85
406,6764.988770050782,6818.999
407,6699.101040724251,6748.088
408,6703.0012016693145,6700.976
409,6698.651813240371,6705.55
410,6713.671854776567,6702.3066
411,6707.568841853975,6714.45
412,6693.804144626623,6710.204
413,6716.716001634256,6698.7646
414,6758.646359254733,6718.854
415,6798.194101595736,6747.2656
416,6781.939632035141,6774.1396
417,6786.662524487723,6762.163
418,6745.883863623201,6765.8086
419,6742.56165161738,6735.656
420,6775.825058968076,6732.735
421,6804.8978634318,6760.181
422,6802.057366682449,6783.4326
423,6826.238382439016,6780.7227
424,6828.758791610215,6809.0435
425,6773.063747635243,6812.8877
426,6752.267609023488,6757.873
427,6734.196823795542,6739.8687
428,6708.699847490922,6722.972
429,6702.2153139954,6694.7666
430,6699.936523248152,6686.0283
431,6719.383928718962,6684.44
432,6737.850307459384,6707.99
433,6760.385551497075,6726.253
434,6747.065377346168,6746.7554
435,6713.894719700074,6734.7056
436,6676.559581941509,6699.5586
437,6628.93428741101,6648.103
438,6628.159350659639,6610.506
439,6622.5691704056335,6614.5073
440,6637.06742905374,6615.8496
441,6664.715973596998,6627.636
442,6678.758008239131,6665.339
443,6699.084295970939,6684.3774
444,6729.567194691848,6704.859
445,6729.137791422201,6729.767
446,6728.010059935878,6729.706
447,6746.386100925511,6729.09
448,6721.40692976221,6743.1133
449,6726.580357259738,6722.9375
450,6732.721418729668,6726.8135
451,6731.258012223222,6731.1763
452,6747.141360300486,6729.8223
453,6772.077718490431,6742.075
454,6787.293221114288,6763.753
455,6765.118681656003,6776.1113
456,6742.23864781872,6755.95
457,6706.323106913456,6736.5156
458,6678.403731100738,6705.5684
459,6681.760754450796,6675.1724
460,6698.903060719902,6676.469
461,6710.009014758971,6693.128
462,6719.243349332653,6703.7524
463,6692.943939906081,6711.989
464,6683.8735079442895,6682.453
465,6681.880641461607,6672.8794
466,6704.218015527025,6672.637
467,6736.762145415079,6700.932
468,6756.842079833787,6733.4277
469,6717.987794190165,6750.4893
470,6698.628931367856,6715.1943
471,6693.755917808492,6696.101
472,6701.5413734273125,6692.163
473,6711.029844081376,6701.753
474,6689.404506265954,6711.847
475,6674.305858300266,6688.844
476,6713.696907197177,6670.1924
477,6700.4742962930295,6717.157
478,6709.554546498768,6702.941
479,6679.842751641544,6712.0083
480,6663.196988649899,6677.458
481,6669.875096401967,6653.9795
482,6678.006365304774,6667.8374
483,6715.01502119687,6680.799
484,6763.654310037793,6721.003
485,6783.663965142888,6765.751
486,6794.172607176566,6781.8755
487,6814.870976901456,6789.358
488,6826.895962964392,6811.8467
489,6820.131935138976,6825.1094
490,6816.417382990674,6810.1665
491,6772.734349463876,6802.3774
492,6724.451696986032,6763.4893
493,6717.588430877951,6727.0903
494,6719.570826349101,6720.9404
495,6739.017281701163,6721.8555
496,6755.845217691161,6736.3047
497,6752.740110315345,6748.97
498,6750.287544307785,6745.787
499,6746.442807415643,6743.255
500,6793.764123304368,6739.035
501,6793.37198543223,6778.5103
502,6784.869342097179,6779.473
503,6798.067702048569,6774.987
504,6747.166450268173,6786.507
505,6736.827617338343,6737.8154
506,6726.049140910392,6726.706
507,6735.9140923238365,6715.3716
508,6750.996828358721,6726.5684
509,6775.453375028125,6743.076
510,6790.704937333076,6768.4277
511,6791.59585113793,6783.33
512,6795.335209119509,6784.0156
513,6771.450270520904,6787.144
514,6746.234183367638,6764.2266
515,6784.105914977236,6735.9707
516,6806.267364703299,6776.582
517,6801.154076193098,6797.834
518,6795.34856625531,6792.028
519,6796.048768663263,6786.439
520,6805.01725931994,6786.8545
521,6837.992222221594,6795.108
522,6857.089268456346,6834.554
523,6875.469790362227,6854.349
524,6915.401483653944,6865.6255
525,6910.4837333158885,6888.9688
526,6843.122382971292,6878.3413
527,6802.05692624093,6820.1
528,6747.887816850917,6789.9087
529,6723.301638779999,6738.121
530,6747.57857525158,6711.0693
531,6761.947477442504,6739.747
532,6763.546683674367,6757.27
533,6762.350896284118,6759.3984
534,6796.536695000414,6758.1465
535,6842.923754341864,6786.878
536,6803.407221561513,6819.778
537,6787.66839686673,6790.999
538,6773.680220996972,6780.757
539,6748.697128001078,6769.5234
540,6742.725458005589,6741.6875
541,6750.525834762194,6735.5996
542,6770.148399554622,6745.0537
543,6777.451614180034,6768.154
544,6810.049184122959,6774.696
545,6799.915198111993,6799.032
546,6832.874411393024,6791.9536
547,6839.911528946441,6827.7803
548,6813.915469854773,6834.4824
549,6750.012711958644,6804.5083
550,6732.614721047007,6741.0293
551,6708.322250527997,6721.201
552,6697.650623956986,6693.6846
553,6714.597981369845,6682.1265
554,6746.394581796395,6708.896
555,6755.089150396594,6740.5757
556,6736.817150395516,6749.977
557,6720.726581792757,6730.898
558,6772.783481362282,6715.362
559,6782.759186442662,6768.95
560,6767.519586439042,6777.323
561,6752.849831350061,6763.532
562,6749.373763017355,6748.6025
563,6751.287855816156,6744.962
564,6770.184894546014,6747.3604
565,6774.901268730629,6767.1055
566,6790.080618689231,6771.6167
567,6791.415200656293,6785.7183
568,6788.780482869464,6787.436
569,6763.938446158685,6785.1816
570,6750.698326757412,6760.2837
571,6691.9700798901695,6745.2183
572,6664.730612981741,6679.147
573,6661.015125941465,6643.6714
574,6679.430311129239,6645.512
575,6676.256862990477,6677.389
576,6709.554738473144,6677.231
577,6753.185640883239,6714.867
578,6796.886158624548,6749.5537
579,6845.418985850064,6789.0376
580,6876.4839327693535,6849.4185
581,6875.48035447715,6873.211
582,6840.906909113878,6865.85
583,6811.54855466831,6825.1704
584,6759.895908223359,6796.2227
585,6709.704227362167,6757.685
586,6695.776631761788,6719.335
587,6733.515273072079,6705.5728
588,6751.947141784401,6740.086
589,6771.109188665871,6754.7246
590,6791.812181297044,6770.38
591,6764.069741914609,6784.525
592,6743.853455750152,6763.6694
593,6754.7072154920015,6745.079
594,6700.201181043351,6754.3003
595,6682.145589485957,6700.399
596,6678.394593985798,6673.4985
597,6671.791571230312,6671.8213
598,6674.4853876861935,6667.125
599,6732.111224524398,6675.4297
600,6750.77877055925,6738.495
601,6772.363355553822,6753.392
602,6774.209198881076,6771.849
603,6758.883491788734,6773.4326
604,6754.389094117168,6759.8516
605,6795.040606739539,6755.5513
606,6821.082346889238,6793.232
607,6804.404967122399,6822.3936
608,6762.754450026461,6799.7124
609,6743.886851690447,6760.443
610,6729.10182273835,6742.8003
611,6737.604977313134,6731.9546
612,6755.709998380345,6738.7573
613,6752.331268840184,6755.4277
614,6720.201765115092,6752.077
615,6670.14792330816,6724.281
616,6670.399552741788,6668.0767
617,6680.9260144535865,6669.602
618,6701.54973158548,6682.938
619,6701.004598061928,6707.0806
620,6715.4611888116,6707.8364
621,6752.5907253656205,6722.027
622,6761.066783931748,6754.148
623,6776.317886472283,6762.969
624,6778.563196439924,6776.7812
625,6791.144705072536,6778.439
626,6748.655478107347,6790.253
627,6714.287055432415,6750.409
628,6718.6512785446375,6721.4595
629,6716.134731111099,6726.077
630,6734.293707844225,6724.472
631,6754.437825018934,6739.995
632,6766.121126575743,6759.2983
633,6763.224850598455,6771.2534
634,6759.662893595589,6768.227
635,6759.724521691068,6763.6597
636,6816.307845420697,6762.6343
637,6819.006611183088,6823.336
638,6789.832856139137,6824.436
639,6709.971422147362,6790.6475
640,6696.474271460848,6709.3125
641,6733.7799725721525,6692.199
642,6780.378163398014,6733.8467
643,6795.99316549813,6781.3794
644,6823.230604660045,6796.339
645,6834.429520569478,6826.0845
646,6865.289506692465,6836.0576
647,6843.758057825126,6861.648
648,6794.7608806422095,6837.457
649,6737.049033700122,6791.8228
650,6727.35557439558,6735.691
651,6718.545455489381,6727.8506
652,6710.314882391701,6720.936
653,6714.202390190908,6713.386
654,6736.165794311705,6719.741
655,6763.816371299392,6740.388
656,6781.648087524351,6767.3574
657,6798.59783657094,6783.1978
658,6781.646774331632,6797.4575
659,6777.688252466685,6783.514
660,6794.612825276747,6779.493
661,6814.017207565587,6793.896
662,6789.928042691523,6811.106
663,6757.186893826781,6788.9976
664,6730.515830147081,6757.294
665,6732.538202772537,6732.3643
666,6769.262401437694,6734.5527
667,6782.085000641987,6772.532
668,6819.314475087024,6784.6284
669,6857.036877689695,6824.9194
670,6859.898109426002,6857.785
671,6854.84613219706,6855.4854
672,6853.111454542014,6847.6787
673,6797.418572340224,6843.825
674,6772.632654766017,6795.829
675,6782.958982729068,6772.957
676,6758.019929215519,6782.8955
677,6768.713349157791,6753.629
678,6793.549275034232,6768.597
679,6823.091179048511,6792.842
680,6842.542275205981,6818.592
681,6853.571724565694,6833.299
682,6864.815570637543,6841.4883
683,6838.490255698469,6850.363
684,6835.973786646321,6827.54
685,6809.072487586544,6825.326
686,6770.948371371722,6802.758
687,6780.804894421294,6766.698
688,6811.588252878852,6778.8364
689,6797.592206165978,6805.194
690,6797.318236765346,6794.0737
691,6802.413606151718,6794.2183
692,6820.039077844986,6798.847
693,6828.304203730124,6815.567
694,6811.933406014058,6822.579
695,6759.912635553264,6807.236
696,6726.984103424945,6751.28
697,6761.924610080979,6719.2954
698,6759.71184551738,6755.733
699,6739.0160230228,6753.613
700,6748.32620916177,6733.551
701,6780.633723736403,6743.1655
702,6796.303884712188,6781.9995
703,6800.838002455043,6796.256
704,6793.686371118541,6800.7666
705,6786.792128951491,6794.381
706,6755.8199351412495,6787.9854
707,6714.655217008977,6750.894
708,6711.236205255072,6711.0337
709,6718.030770471818,6709.746
710,6724.0868746154965,6720.995
711,6762.800556739986,6728.026
712,6781.18944764197,6766.1895
713,6807.899381409694,6786.4424
714,6845.446583206052,6815.9155
715,6873.411253704679,6851.76
716,6858.405144342562,6867.7534
717,6849.550964108905,6851.791
718,6802.278395416086,6842.542
719,6742.3602250043,6803.5996
720,6711.827138969125,6744.5024
721,6721.354230047373,6715.6655
722,6743.764157393385,6729.4272
723,6791.960643761917,6749.3677
724,6819.517371541167,6797.157
725,6830.018113648356,6820.667
726,6856.650648373679,6827.891
727,6834.777176239133,6846.5083
728,6761.070145194261,6829.143
729,6726.389418597238,6764.2607
730,6727.479723974178,6731.1826
731,6742.249925841436,6732.153
732,6774.738849899233,6745.6675
733,6819.879842669243,6780.5503
734,6836.850776440218,6818.4146
735,6853.390751376276,6830.997
736,6865.202258078437,6844.5205
737,6832.089611560013,6854.27
738,6846.635569376594,6828.8037
739,6811.5448657093975,6838.5
740,6752.6584866832245,6811.0747
741,6737.519040163262,6752.8184
742,6760.074233704521,6738.1196
743,6766.907264884977,6760.2476
744,6777.455520397299,6769.3223
745,6799.424596058607,6782.2446
746,6811.052895241893,6801.7954
747,6845.201030140889,6812.7334
748,6850.174551342718,6838.975
749,6808.3385292980665,6841.4556
750,6766.254455740191,6808.4146
751,6742.265803084885,6764.8257
752,6745.751826586412,6737.4634
753,6731.1447850578425,6741.8794
754,6739.092037925964,6730.5767
755,6751.573805016323,6738.9736
756,6771.020748987803,6751.5254
757,6782.22547382971,6776.1685
758,6787.889751357758,6789.1567
759,6774.762685644964,6795.038
760,6776.921627049032,6781.0737
761,6740.801178596489,6783.129
762,6712.856172117629,6739.0293
763,6737.357230182881,6711.0757
764,6738.742249566712,6739.1904
765,6704.780612538058,6741.299
766,6687.611705211178,6705.513
767,6713.047187338489,6689.3022
768,6737.000364717733,6722.8125
769,6768.078678866127,6745.366
770,6790.93649758932,6779.464
771,6817.5205029085055,6806.0054
772,6858.174696818382,6835.0664
773,6823.894402035151,6865.6045
774,6804.199508015101,6834.9473
775,6823.954429500714,6814.6836
776,6844.442262049095,6832.646
777,6798.720942865886,6847.8203
778,6757.394977257384,6806.2515
779,6775.092128120402,6763.879
780,6816.82382702857,6783.595
781,6826.989461072452,6824.6377
782,6877.276143018504,6832.228
783,6890.166378596495,6868.804
784,6846.49400614817,6874.6123
785,6833.381886005411,6839.175
786,6826.41297311468,6829.3164
787,6777.973925141953,6823.124
788,6743.40009909746,6776.8564
789,6755.476310214513,6735.5454
790,6736.60613766201,6747.7803
791,6756.21326673276,6733.2744
792,6786.025370828295,6752.407
793,6804.221988984442,6790.066
794,6824.001853009754,6806.714
795,6870.782411913724,6823.091
796,6847.73137528534,6853.8486
797,6847.454604388958,6837.671
798,6798.5983101384345,6837.0493
799,6786.716382189825,6800.6416
800,6783.7280975624,6789.3438
801,6807.262849520875,6786.311
802,6821.5211700496775,6808.718
803,6819.0999293471095,6821.362
804,6826.466162149708,6820.6816
805,6809.632205758447,6827.0596
806,6818.910326526602,6812.558
807,6809.029819742234,6821.354
808,6843.035495361204,6811.682
809,6817.429481740625,6838.3213
810,6817.48452377278,6817.8286
811,6808.7212622197285,6816.9795
812,6784.853473999075,6807.4453
813,6792.805738528074,6780.208
814,6789.435155005101,6791.168
815,6806.102754609039,6787.306
816,6826.933887191367,6805.9346
817,6875.490227470457,6827.174
818,6871.3554030509695,6863.5503
819,6833.228854775594,6857.8164
820,6806.063127041068,6829.424
821,6781.17107194694,6804.5186
822,6763.0931688329165,6774.8315
823,6734.925204031237,6750.4946
824,6740.104190741271,6727.442
825,6747.9472489792815,6735.31
826,6742.270525584523,6743.493
827,6738.19524928396,6740.478
828,6720.693191464881,6738.806
829,6754.451080445134,6720.6367
830,6732.503124592312,6756.8374
831,6704.368840461607,6738.1064
832,6744.622871504004,6705.0444
833,6743.110479360403,6752.642
834,6749.889516976952,6752.002
835,6769.002123459859,6759.1196
836,6805.3655262402135,6781.9795
837,6840.741001360648,6821.475
838,6832.894351991324,6847.982
839,6775.883084618746,6845.385
840,6752.952973978197,6788.8
841,6719.130228579474,6761.1484
842,6693.231318898052,6727.1953
843,6668.169153803401,6698.5645
844,6682.920421385025,6677.116
845,6714.516846986034,6696.423
846,6744.057090206806,6732.7695
847,6776.61874225513,6761.0186
848,6765.162422649128,6795.7725
849,6766.517011536549,6780.9834
850,6698.690479750175,6782.3315
851,6692.247877870117,6714.64
852,6730.148230191354,6709.237
853,6768.4791688343485,6750.5547
854,6805.489795790223,6785.691
855,6828.434096167432,6828.284
856,6869.166182607427,6849.05
857,6908.835587525206,6877.8223
858,6912.068337764938,6910.6084
859,6893.951714666522,6906.8916
860,6854.441984568051,6878.749
861,6860.0979986826,6850.0415
862,6818.540762303124,6852.5303
863,6827.43631178732,6827.872
864,6787.74547819176,6831.287
865,6794.084198918111,6798.527
866,6811.329494238753,6803.006
867,6831.323349898928,6817.8022
868,6823.688461771199,6830.8784
869,6824.186746807672,6825.8584
870,6840.130061897021,6825.8447
871,6819.7471501977525,6833.7954
872,6823.644419822641,6818.102
873,6826.28334688102,6819.704
874,6795.278529019781,6821.107
875,6793.253159540959,6789.286
876,6797.322724889997,6787.31
877,6798.888312072782,6793.5264
878,6804.912016282862,6796.0894
879,6825.152726599015,6803.596
880,6830.825709389798,6825.582
881,6865.308333201755,6830.7637
882,6855.65658196437,6855.927
883,6842.876048963623,6848.0093
884,6848.424034324235,6838.536
885,6844.006032556436,6841.8057
886,6831.7152929973,6837.9478
887,6823.442788312151,6829.0947
888,6837.836329244058,6822.156
889,6846.918493642488,6833.4795
890,6852.59509315685,6839.51
891,6844.244852605032,6843.377
892,6852.486431780101,6837.111
893,6848.910422872707,6842.587
894,6848.300822542579,6839.7896
895,6826.804030665919,6838.85
896,6815.358750288977,6822.8135
897,6808.548001270402,6810.6055
898,6830.817752728228,6802.7397
899,6831.269161459139,6825.701
900,6836.321505737226,6826.024
901,6835.494414666774,6829.82
902,6796.602729096361,6829.608
903,6768.437066937084,6787.119
904,6740.060304879213,6751.476
905,6734.956157151046,6730.749
906,6693.8355683545215,6730.367
907,6714.903317690943,6692.178
908,6728.809811161466,6720.092
909,6738.89498381754,6740.2324
910,6769.190775405192,6753.0015
911,6761.68310776979,6778.2085
912,6797.181605548059,6771.3984
913,6793.748205406851,6809.7974
914,6757.220382293213,6805.8643
915,6747.025202539529,6766.5186
916,6753.3394737381695,6758.6016
917,6762.781047588624,6764.266
918,6799.890514284811,6774.249
919,6835.458923837801,6818.8496
920,6864.449429829967,6852.5864
921,6889.10847200837,6872.4917
922,6879.308191189912,6886.6694
923,6860.998482067671,6873.4146
924,6855.063203720806,6859.627
925,6870.151626769243,6854.724
926,6847.421909856146,6863.257
927,6802.725409139104,6845.6553
928,6805.550936849226,6811.551
929,6781.583065877808,6812.3765
930,6782.583844610567,6782.9443
931,6790.1785650722895,6783.6787
932,6802.715247436121,6791.891
933,6808.770147588497,6806.8555
934,6837.988853086559,6813.214
935,6855.20337849208,6835.7246
936,6877.744170832133,6845.8633
937,6827.064027234235,6860.4634
938,6833.407893849176,6824.4688
939,6810.654720657558,6829.09
940,6806.897067712524,6808.053
941,6775.725815159688,6804.078
942,6777.826743291734,6764.571
943,6787.36270015818,6768.5244
944,6807.909669583944,6781.6123
945,6846.797765103688,6809.2812
946,6834.985022537316,6844.3643
947,6820.541663422437,6835.982
948,6795.42642809097,6823.376
949,6775.721103293618,6792.62
950,6739.036192231374,6766.6187
951,6733.114853255896,6730.7114
952,6731.361584251378,6728.5205
953,6719.243909341128,6731.065
954,6737.217700433799,6719.609
955,6756.398129189145,6747.0283
956,6777.60285639042,6765.4336
957,6792.658654738103,6785.696
958,6796.711448612575,6803.642
959,6858.781035716762,6809.2593
960,6900.143511214735,6866.2363
961,6883.434803418233,6898.4595
962,6840.26414690357,6875.6855
963,6771.317545477745,6844.9023
964,6766.615023606074,6781.856
965,6780.143135586681,6777.7466
966,6804.224923412293,6791.672
967,6813.766057517515,6819.4434
968,6832.9694631918055,6828.4478
969,6856.661417563023,6841.466
970,6858.851403520374,6855.758
971,6853.860665797866,6856.1265
972,6831.567677749557,6851.765
973,6811.362568857334,6835.3315
974,6792.793423286611,6815.9946
975,6755.771811448366,6791.3003
976,6749.039628903259,6749.6904
977,6767.447307196872,6746.062
978,6786.022725689313,6765.0254
979,6815.856666315246,6786.216
980,6836.261856809397,6820.92
981,6834.26524360707,6838.3325
982,6815.118096757396,6838.022
983,6800.890236191745,6821.2695
984,6774.621214197999,6802.7466
985,6747.085147528501,6770.2
986,6731.95601118219,6745.4634
987,6732.560379029202,6728.719
988,6749.124889012163,6734.2256
989,6793.486232374687,6758.0303
990,6844.029912877717,6802.5825
991,6872.834810709891,6853.226
992,6904.577762558275,6875.148
993,6906.537375366012,6904.004
994,6885.073503936002,6902.584
995,6886.512196481995,6874.488
996,6814.642962708736,6874.807
997,6775.639839951251,6823.115
998,6753.001657175486,6782.4307
999,6756.9890958405285,6763.864
1000,6781.597445445769,6768.388
1001,6792.179837093173,6791.841
1002,6814.829667650517,6803.473
1003,6841.915623576804,6826.19
1004,6883.969938344394,6843.1455
1005,6912.137979991132,6872.374
1006,6912.232764134545,6906.149
1007,6914.289834828411,6903.6777
1008,6855.330593582931,6903.9604
1009,6794.245324931051,6845.7354
1010,6780.502053128314,6794.1426
1011,6780.447051248695,6780.755
1012,6798.184693587336,6781.564
1013,6826.491596021228,6800.9673
1014,6843.732846963082,6828.0815
1015,6837.248915516092,6839.439
1016,6847.733327387636,6835.4087
1017,6835.242737029544,6842.445
1018,6814.21817305753,6833.5293
1019,6812.025423982091,6815.018
1020,6798.217208899935,6810.505
1021,6762.365447155255,6792.4385
1022,6732.650728093798,6754.2607
1023,6737.680032067514,6723.986
1024,6763.964348066547,6738.152
1025,6798.860294590536,6769.926
1026,6835.953851585976,6804.539
1027,6867.030102926155,6840.5454
1028,6863.6176428636445,6869.655
1029,6837.561798875,6866.5195
1030,6834.966629464481,6843.691
1031,6837.233946103142,6840.968
1032,6831.713992530483,6842.343
1033,6780.711786156754,6837.3735
1034,6764.851499591808,6781.557
1035,6772.9355253737895,6769.0957
1036,6802.745373170942,6776.6587
1037,6815.584735907198,6809.6265
1038,6825.643374608653,6825.4214
1039,6840.818278788354,6835.0684
1040,6823.300037513689,6847.686
1041,6841.894310306658,6832.349
1042,6843.948949464623,6847.5107
1043,6774.359444671822,6846.8
1044,6759.654731630953,6767.879
1045,6741.820542951694,6754.4917
1046,6759.91905787932,6736.977
1047,6776.1122195116905,6762.4966
1048,6780.347463460945,6777.5083
1049,6777.213006208053,6781.8115
1050,6775.658426283182,6779.375
1051,6739.475756214503,6778.4937
1052,6728.971494726264,6740.848
1053,6730.831543760373,6729.6055
1054,6707.503421704622,6736.315
1055,6679.1140827881045,6712.2505
1056,6718.642524917125,6696.0825
1057,6747.536913890068,6736.075
1058,6791.257645571786,6774.54
1059,6833.574994342925,6814.7446
1060,6862.232965992659,6860.5327
1061,6866.603299889641,6884.146
1062,6880.574871245239,6886.829
1063,6905.2620193178,6898.0854
1064,6891.047424634537,6917.5312
1065,6863.350614189224,6901.263
1066,6887.16028406487,6872.741
1067,6908.780060464844,6895.8794
1068,6885.692359539134,6918.1255
1069,6904.864293440599,6892.1753
1070,6926.235337382288,6914.268
1071,6950.694632842336,6933.11
1072,6951.039415618259,6946.3574
1073,6933.77397925103,6945.3223
1074,6925.4237851029375,6935.278
1075,6922.482510368447,6928.165
1076,6926.847177022124,6921.219
1077,6929.654535059098,6921.6016
1078,6886.207343743233,6920.4414
1079,6830.08790633108,6865.3115
1080,6815.251433793083,6822.3296
1081,6820.759248927492,6804.7046
1082,6826.551782409711,6813.16
1083,6835.926234295571,6820.9688
1084,6847.148024042269,6830.28
1085,6829.550322804818,6838.5327
1086,6805.783992619174,6824.483
1087,6763.56165966572,6795.5244
1088,6740.674949086911,6756.1177
1089,6694.041344415692,6733.2764
1090,6698.423243900359,6696.0596
1091,6720.213859847661,6708.759
1092,6756.334673237837,6737.8955
1093,6799.705989092201,6786.436
1094,6833.592050856141,6816.963
1095,6877.825131691134,6846.384
1096,6910.742636910301,6884.1313
1097,6934.9386309708325,6922.044
1098,6945.236611645425,6939.057
1099,6886.248321687052,6942.0234
1100,6844.228152361325,6891.3564
1101,6824.418540171094,6854.0103
1102,6799.140880545023,6839.4067
1103,6810.666051123336,6816.724
1104,6830.6909908729,6828.0234
1105,6851.350052199802,6844.4575
1106,6863.515383101629,6859.5327
1107,6875.123982666567,6868.4917
1108,6865.404075731468,6878.9233
1109,6887.335697195668,6869.821
1110,6875.643205108244,6889.344
1111,6851.06691493641,6871.152
1112,6813.765717865731,6848.202
1113,6766.626664994701,6806.4404
1114,6758.347611496684,6758.628
1115,6762.948912309925,6755.463
1116,6790.406055239386,6766.7256
1117,6816.890468883617,6790.869
1118,6817.833808359206,6820.023
1119,6833.714825969496,6821.2827
1120,6850.613903318347,6838.0396
1121,6877.493194411578,6853.969
1122,6905.682433409151,6877.6177
1123,6869.627584935155,6911.1763
1124,6864.558080811843,6869.136
1125,6814.697856992971,6864.889
1126,6823.599329546463,6817.469
1127,6853.350550679879,6827.4424
1128,6879.4832283182495,6855.474
1129,6891.172116575963,6878.3965
1130,6902.5505485496615,6893.2036
1131,6896.135436229483,6906.7305
1132,6914.896112495361,6897.7715
1133,6959.492830947001,6918.9907
1134,6957.024361003766,6946.057
1135,6968.065026436943,6942.5605
1136,6952.505076783975,6946.869
1137,6875.634530924997,6937.812
1138,6844.001934162894,6863.149
1139,6835.620062711876,6838.833
1140,6851.845714777811,6830.754
1141,6866.888509885425,6845.2856
1142,6880.014496200074,6856.865
1143,6891.27091858975,6866.8545
1144,6855.003935450583,6877.1714
1145,6861.863428105385,6848.072
1146,6827.796706299705,6853.1333
1147,6813.903749356415,6820.4185
1148,6824.724698421779,6803.175
1149,6838.442409395311,6818.05
1150,6859.076023892085,6833.879
1151,6877.863147348389,6851.7427
1152,6892.09895106034,6865.969
1153,6862.496861419919,6879.3877
1154,6847.331094811967,6855.6846
1155,6837.164488758503,6843.561
1156,6829.309565989477,6833.6323
1157,6833.570730466506,6824.5728
1158,6829.0459188684745,6830.0537
1159,6842.53832684612,6824.3438
1160,6858.857607391062,6840.97
1161,6876.248490707652,6857.8354
1162,6879.107558039612,6874.395
1163,6874.8819596364265,6877.2935
1164,6823.737096096901,6873.779
1165,6849.743643593713,6816.837
1166,6871.904057438168,6849.274
1167,6876.028492821935,6870.9917
1168,6852.038613013929,6874.7266
1169,6859.938213086146,6851.278
1170,6894.439643065668,6859.1562
1171,6898.355939194816,6896.093
1172,6929.030712522019,6900.902
1173,6964.21700304498,6932.2866
1174,6954.484669709808,6951.7817
1175,6903.309087515815,6942.9507
1176,6873.624413140252,6898.647
1177,6846.423893692284,6866.572
1178,6809.257334378922,6842.7866
1179,6791.687275457655,6797.1396
1180,6793.874944833009,6782.0967
1181,6824.140718520742,6786.8506
1182,6840.209261653753,6821.06
1183,6851.856277906922,6839.075
1184,6857.449398375185,6850.1304
1185,6875.211043234144,6854.995
1186,6888.176829305907,6869.923
1187,6832.208926367385,6882.8364
1188,6759.819370816633,6830.45
1189,6746.987079322118,6756.631
1190,6773.149942573396,6746.492
1191,6789.2440342897,6786.5303
1192,6805.054638864641,6797.9443
1193,6812.635733013821,6810.6074
1194,6823.080227043184,6818.343
1195,6831.679806213741,6830.3496
1196,6846.534312714452,6840.091
1197,6869.839186483081,6855.7993
1198,6825.583755182865,6878.326
1199,6793.547232076226,6833.22
1200,6798.84092099817,6798.1064
1201,6782.324955294428,6802.38
1202,6791.805847826096,6790.719
1203,6773.838933292552,6798.1465
1204,6781.686618743714,6785.8525
1205,6812.291786223768,6792.1606
1206,6822.756373537736,6819.9155
1207,6848.879600928355,6832.6255
1208,6867.457678667108,6862.4834
1209,6895.957385906026,6879.176
1210,6849.816112859702,6906.908
1211,6806.230882135767,6856.1587
1212,6770.232232212744,6804.663
1213,6791.3206693695,6775.621
1214,6831.279357539818,6793.807
1215,6868.717804787568,6837.6714
1216,6871.550428830656,6875.425
1217,6903.464463685239,6877.8804
1218,6923.552672421787,6913.102
1219,6925.4731333165055,6927.509
1220,6914.821019204913,6927.707
1221,6844.8517872951625,6919.0034
1222,6807.8269756210975,6849.305
1223,6798.4872798049455,6809.056
1224,6805.455313915648,6798.95
1225,6824.5940907447175,6803.7085
1226,6843.580651603057,6825.6055
1227,6869.534956812542,6846.6387
1228,6872.439870826731,6870.1924
1229,6884.509736400944,6873.09
1230,6900.895753125511,6887.3804
1231,6895.867677272145,6905.7188
1232,6797.789980395833,6900.378
1233,6770.883526167957,6794.943
1234,6769.058394253065,6774.3906
1235,6781.880160183073,6777.8145
1236,6798.406986181733,6792.295
1237,6801.586431998543,6803.8823
1238,6813.235789814807,6806.275
1239,6828.723568811623,6817.075
1240,6850.482686112798,6834.4844
1241,6843.172810706271,6857.3184
1242,6828.427739314596,6850.6978
1243,6822.843070165895,6834.1016
1244,6818.699552329403,6827.1367
1245,6818.943366616438,6821.945
1246,6777.915943384637,6822.303
1247,6784.856998922076,6788.502
1248,6793.994429055293,6793.7876
1249,6791.504770084246,6800.2085
1250,6816.579399894791,6798.4565
1251,6830.621304665882,6822.1826
1252,6823.146198686679,6839.938
1253,6783.850917214981,6829.5767
1254,6808.2497296989,6790.497
1255,6777.242190819907,6809.0996
1256,6790.200473498378,6784.466
1257,6829.108933738742,6794.1064
1258,6860.1832441311335,6835.6426
1259,6893.5762710727,6872.705
1260,6926.810399666529,6908.08
1261,6899.223428135306,6930.9663
1262,6869.470242154822,6908.2896
1263,6796.393396982397,6874.4917
1264,6771.839075678369,6802.2266
1265,6793.72440775373,6786.7266
1266,6792.256392736738,6803.113
1267,6796.509524996024,6801.5625
1268,6817.453729128819,6804.3325
1269,6847.943081684921,6823.534
1270,6858.536089872869,6856.0054
1271,6858.080131763141,6865.231
1272,6830.654223064592,6864.971
1273,6869.098648015265,6838.3936
1274,6862.9550659716615,6875.4355
1275,6798.66963366743,6869.5527
1276,6768.385313988487,6804.4
1277,6766.745487055225,6782.876
1278,6806.260217767672,6785.044
1279,6810.622530142995,6815.8794
1280,6863.593291321942,6819.371
1281,6905.1615367466175,6874.5854
1282,6941.540358451274,6919.8364
1283,6957.496814575159,6942.0273
1284,6973.639576164729,6954.1357
1285,6958.5221788160725,6964.731
1286,6971.350598523444,6951.5996
1287,6947.935492677107,6962.6836
1288,6888.496196584685,6939.99
1289,6863.74297421152,6892.313
1290,6832.518367167675,6866.342
1291,6850.613147811708,6840.142
1292,6880.187858885131,6855.9673
1293,6895.20801704048,6884.382
1294,6910.306181586008,6899.4453
1295,6920.64416422629,6912.6123
1296,6954.84870845143,6921.057
1297,6930.871518345857,6950.7793
1298,6898.221147619981,6925.853
1299,6866.028707251597,6899.117
1300,6880.347032102562,6863.617
1301,6886.545493991987,6880.078
1302,6865.948516128407,6886.9707
1303,6867.457231812981,6864.0493
1304,6874.762409427422,6866.0566
1305,6901.103490577147,6875.647
1306,6910.983380693301,6905.0776
1307,6927.982038569443,6915.482
1308,6959.973960909126,6929.385
1309,6966.831118589731,6960.6514
1310,6932.749945741485,6966.2964
1311,6904.950002546296,6930.158
1312,6892.506310305968,6907.9844
1313,6879.877484430379,6896.1655
1314,6886.702715216182,6882.441
1315,6912.166464208053,6890.4243
1316,6965.817637277945,6914.5166
1317,7001.775424327066,6966.3945
1318,6983.648995498836,6987.36
1319,6958.640939982668,6977.4683
1320,6929.748236960001,6953.7666
1321,6829.511122797335,6924.316
1322,6811.215679683669,6827.2495
1323,6830.126116451378,6815.7803
1324,6861.833846888354,6833.1035
1325,6868.729269908463,6864.0513
1326,6875.148169144245,6871.904
1327,6907.497631809119,6879.371
1328,6917.533706402413,6909.623
1329,6874.519920896611,6917.486
1330,6839.951105727039,6880.2188
1331,6808.363955205107,6843.5996
1332,6785.5382878850905,6816.4126
1333,6806.039478521983,6804.0693
1334,6839.30547360462,6820.561
1335,6839.311021288988,6848.3823
1336,6867.558201956727,6848.3228
1337,6887.764708358239,6875.141
1338,6907.88298039409,6898.4575
1339,6917.832370077725,6918.0366
1340,6910.093898540507,6926.337
1341,6930.515638955981,6921.8496
1342,6932.380743979947,6935.545
1343,6902.138627996392,6936.6616
1344,6840.823497511484,6914.8843
1345,6832.692178593383,6850.957
1346,6840.1954266478,6843.3335
1347,6863.896959695141,6850.4785
1348,6879.30985262816,6875.259
1349,6902.3389402967405,6893.79
1350,6931.120130576598,6915.1206
1351,6932.94636982268,6935.4946
1352,6920.127497752267,6936.76
1353,6851.481437338954,6925.804
1354,6807.390915927747,6857.0127
1355,6807.321987989447,6817.761
1356,6836.6238055471895,6820.824
1357,6862.409550185128,6846.132
1358,6892.84887614249,6873.293
1359,6924.731530653285,6906.0967
1360,6941.138509159062,6929.874
1361,6926.847428599487,6946.2983
1362,6952.249133764721,6931.0303
1363,6960.119264091724,6960.5776
1364,6979.659118453125,6967.2095
1365,6988.946142234448,6980.3516
1366,6947.587969353687,6984.659
1367,6891.82528498056,6951.861
1368,6895.247082475144,6903.224
1369,6913.386535897905,6906.165
1370,6930.17094028238,6918.661
1371,6947.769447272748,6930.216
1372,6941.281496990397,6953.011
1373,6966.399108079445,6943.3936
1374,6992.416384698285,6972.3438
1375,6977.339805578981,6987.5293
1376,6971.015653551795,6978.5923
1377,6935.822371606532,6973.1406
1378,6880.687479013719,6929.081
1379,6868.56039105105,6886.6187
1380,6882.1434497325245,6874.068
1381,6910.030302063696,6889.7695
1382,6916.178517668753,6913.8413
1383,6943.018677399591,6917.9946
1384,6943.240841155277,6941.2153
1385,6962.678320344191,6942.5566
1386,6974.120169662177,6968.6753
1387,6949.23208260348,6978.0767
1388,6881.681026521089,6951.7495
1389,6876.260355384105,6890.9854
1390,6892.312317516161,6885.762
1391,6911.481398716778,6901.7197
1392,6934.956004436186,6916.611
1393,6926.539111819165,6932.66
1394,6919.824386134329,6926.143
1395,6896.543805249867,6922.9414
1396,6853.592151334105,6907.9014
1397,6802.612554168632,6860.9717
1398,6798.737664816396,6824.6567
1399,6808.26439977031,6827.768
1400,6832.890284638089,6836.684
1401,6839.850026245151,6853.545
1402,6866.253527694144,6858.683
1403,6893.12710202844,6886.7427
1404,6909.173339623403,6910.2637
1405,6923.409579577141,6921.1885
1406,6924.299411872307,6932.934
1407,6900.176523619588,6936.0366
1408,6897.494831724214,6917.959
1409,6884.123701725421,6916.0957
1410,6855.42395987366,6906.2144
1411,6826.883202974522,6877.796
1412,6831.298647190829,6851.1763
1413,6851.951084103696,6854.786
1414,6867.33517755545,6875.1064
1415,6859.219962590498,6892.8354
1416,6851.562233596983,6884.147
1417,6849.740342202336,6875.488
1418,6834.696079133566,6872.1655
1419,6792.162845739884,6854.749
1420,6783.065679498658,6820.869
1421,6802.868143069429,6815.8022
1422,6838.746160291236,6837.6836
1423,6865.903987622258,6866.126
1424,6868.650810311626,6894.9326
1425,6849.8916868678525,6898.0444
1426,6830.716945999525,6878.8096
1427,6808.811059881018,6859.7397
1428,6825.084321217894,6842.158
1429,6843.63920301148,6856.3306
1430,6868.058785934371,6874.6895
1431,6874.875413582652,6901.4507
1432,6912.020321324427,6907.206
1433,6936.797849562861,6934.277
1434,6943.1245713873695,6963.968
1435,6977.248007482141,6968.186
1436,7009.214446382715,6987.237
1437,7007.136302676809,6994.078
1438,6977.359272474705,6992.9785
1439,6922.591969450616,6983.706
1440,6889.421654970508,6932.162
1441,6887.159461104341,6908.3994
1442,6884.207065152302,6906.608
1443,6894.082318632375,6904.8145
1444,6907.363441599588,6911.6714
1445,6889.655855166648,6919.6475
1446,6849.319214421199,6909.125
1447,6769.7272790837,6873.4214
1448,6726.408073402588,6808.868
1449,6710.616895247447,6792.6113
1450,6746.057052810099,6803.685
1451,6792.018605176538,6831.6616
1452,6827.112134484179,6861.084
1453,6846.1227142233865,6879.142
1454,6855.054311796363,6891.6406
1455,6873.3812762929765,6898.13
1456,6904.226219399457,6910.8394
1457,6916.030994780734,6935.098
1458,6859.5973932047855,6954.8784
1459,6831.137814080631,6904.536
1460,6848.854915236714,6884.781
1461,6852.642609606564,6897.6797
1462,6843.171282578876,6900.7314
1463,6848.764186518267,6894.3257
1464,6856.518660402007,6898.497
1465,6878.7176319365,6904.585
1466,6919.93571544718,6920.005
1467,6948.0046922505535,6964.812
1468,6935.575428647885,6985.472
1469,6952.236950788174,6975.8306
1470,6947.612329474027,6982.4375
1471,6911.342331712641,6973.5947
1472,6892.450708343496,6927.397
1473,6883.853100603162,6914.547
1474,6905.200405589013,6908.7607
1475,6938.247862670744,6922.8735
1476,6941.388268254005,6962.7676
1477,6934.924274432517,6965.684
1478,6936.681883523223,6958.1196
1479,6943.195198935139,6960.138
1480,6927.281713947732,6966.6226
1481,6885.598871690724,6946.8843
1482,6862.890606317737,6908.23
1483,6870.891318313902,6887.6963
1484,6887.476274677781,6894.4717
1485,6909.114834045827,6908.8247
1486,6928.921456181059,6924.3525
1487,6943.073624384187,6948.778
1488,6967.003401731385,6966.5986
1489,6993.934454727852,6985.6357
1490,6995.340928247265,6995.0757
1491,6956.000249859401,6994.943
1492,6906.534665168813,6976.074
1493,6890.644579916529,6921.1343
1494,6894.496212132945,6910.13
1495,6901.1589238992165,6912.875
1496,6894.006232127693,6917.9043
1497,6899.605877404053,6913.109
1498,6919.682726706934,6917.363
1499,6927.640598524915,6936.8037
1500,6938.088694789739,6947.4453
1501,6903.945051600715,6960.546
1502,6879.905802761958,6920.828
1503,6870.831229958935,6902.8027
1504,6884.193368390514,6894.8174
1505,6885.628019968535,6906.6255
1506,6909.798179034757,6907.932
1507,6932.392655239012,6926.685
1508,6966.759377157898,6954.653
1509,7011.535865510994,6985.6577
1510,7027.263303430715,6998.0967
1511,7006.339480136952,6999.5625
1512,6981.792961894546,6996.6177
1513,6925.668804362595,6990.647
1514,6910.670448466617,6943.8823
1515,6919.923510745622,6926.5264
1516,6922.397889554233,6937.028
1517,6921.6464769456825,6940.114
1518,6915.887493191763,6939.2188
1519,6906.3363193847545,6932.827
1520,6865.036265347028,6922.829
1521,6810.624810814437,6892.074
1522,6817.5726603372605,6860.0396
1523,6835.235257486556,6867.777
1524,6863.111076193311,6880.1353
1525,6891.778548472556,6897.481
1526,6909.112976429011,6916.904
1527,6924.9897705463445,6933.5522
1528,6932.237728618557,6952.034
1529,6938.824834922729,6960.829
1530,6937.096254322924,6969.224
1531,6963.528769094217,6969.576
1532,6958.659572275839,6988.7617
1533,6941.662715060902,6986.629
1534,6888.539375993802,6975.124
1535,6867.493302924379,6917.697
1536,6886.007218451598,6903.351
1537,6913.523840898167,6916.3267
1538,6929.611903681547,6945.5522
1539,6950.054430345508,6964.027
1540,6968.642368389033,6981.21
1541,6949.971194578447,6990.6113
1542,6955.664218734777,6979.9097
1543,6931.606324916648,6982.279
1544,6876.275802942263,6959.221
1545,6857.048707071225,6903.5386
1546,6865.589876351897,6891.4966
1547,6878.10224926453,6897.7505
1548,6902.652965651361,6906.7183
1549,6912.0735441574525,6927.629
1550,6904.646701722589,6939.079
1551,6893.712372433696,6930.7
1552,6903.29518280744,6919.613
1553,6870.988686733975,6930.656
1554,6817.677948185749,6904.3555
1555,6814.87144020718,6873.7656
1556,6810.891722306304,6875.9795
1557,6840.24640027029,6877.0537
1558,6844.568478335635,6892.439
1559,6851.353735776842,6895.103
1560,6877.396644134365,6899.5474
1561,6928.713294042273,6915.277
1562,6955.922429216035,6969.0347
1563,6980.8524753458105,6988.419
1564,6980.227199730265,6995.6807
1565,6961.31212401357,6994.8027
1566,6945.514094801962,6988.516
1567,6951.65885114109,6979.641
1568,6966.675676658127,6983.0474
1569,6963.57088092196,6989.8364
1570,6973.430165531529,6988.2314
1571,6955.7007622154215,6991.408
1572,6964.484144730096,6983.346
1573,6955.824081518557,6987.543
1574,6930.973048876476,6982.8003
1575,6888.486909563074,6963.5356
1576,6903.933361335824,6919.4556
1577,6914.854823609509,6933.6455
1578,6916.34684473676,6945.747
1579,6899.218932640297,6946.686
1580,6910.298120283945,6925.064
1581,6870.864103034071,6937.056
1582,6858.004124421976,6904.197
1583,6858.645692468121,6898.459
1584,6864.40439518981,6900.1343
1585,6846.314746107679,6904.2905
1586,6863.968126815927,6895.922
1587,6895.1095550801465,6905.9243
1588,6927.792066499421,6928.939
1589,6931.896602855979,6964.2603
1590,6935.96236528353,6968.5264
1591,6934.389014692405,6973.1084
1592,6937.086544610931,6972.133
1593,6890.316528758557,6975.071
1594,6840.665211190642,6927.6294
1595,6844.513347819219,6896.8633
1596,6854.1789898800025,6899.711
1597,6848.536753145787,6905.244
1598,6861.470798841241,6902.735
1599,6883.206394102161,6910.0806
1600,6909.144387151391,6924.15
1601,6940.761525382394,6951.913
1602,6950.164235631795,6980.0137
1603,6960.003534243119,6985.4014
1604,6943.219158195613,6989.4673
1605,6918.266966471461,6980.283
1606,6897.539887174107,6959.042
1607,6856.765265567043,6937.4434
1608,6834.27761854762,6907.34
1609,6849.769078483554,6897.589
1610,6875.673942850822,6905.263
1611,6906.706535787147,6919.5767
1612,6939.129079643652,6949.879
1613,6961.475028366527,6978.9126
1614,6969.3741127268495,6990.1885
1615,6950.038489359741,6992.3955
1616,6916.092299502535,6984.142
1617,6881.80572195878,6957.4126
1618,6875.196290149567,6924.233
1619,6883.285467146442,6918.9883
1620,6904.981694323233,6925.8843
1621,6925.921056871235,6946.8696
1622,6942.330815745951,6966.8354
1623,6965.614630525398,6979.897
1624,6968.12893175187,6991.2554
1625,6962.816582385293,6991.857
1626,6930.810451413202,6989.786
1627,6897.608239721061,6970.3145
1628,6868.384117924318,6939.534
1629,6867.429040349195,6915.169
1630,6885.38485290502,6914.3267
1631,6896.359985300228,6927.008
1632,6912.345112183021,6936.5327
1633,6939.334656134448,6953.4414
1634,6965.324696136292,6976.371
1635,6988.8114971892455,6990.5366
1636,7020.477609688166,6996.2134
1637,7022.322825820149,6999.8066
1638,6972.539101634688,6999.5903
1639,6933.082540562234,6990.804
1640,6922.156932200618,6968.753
1641,6918.415173414234,6960.0684
1642,6933.204104658187,6956.868
1643,6948.819575148961,6969.1577
1644,6967.742386320595,6980.1587
1645,6967.443592362452,6989.3325
1646,6966.9361455402295,6989.2124
1647,6931.904753295593,6988.8457
1648,6924.587643536803,6968.452
1649,6920.490900104314,6962.4683
1650,6925.203244210943,6957.5957
1651,6926.616804896676,6961.119
1652,6944.386667418662,6961.911
1653,6941.676530222647,6974.783
1654,6946.720091860124,6973.0776
1655,6932.908687945147,6976.5835
