timestamp,actual,predicted
1999.2178,4.829999999999994,4.8770185
1999.2205,1.4300000000000055,4.8276224
1999.2233,1.930000000000002,2.7009037
1999.226,3.8300000000000014,2.9339898
1999.2288,5.83,4.1707397
1999.2315,5.230000000000005,5.5759406
1999.2342,4.329999999999997,5.400168
1999.237,5.93,4.9467196
1999.2397,7.530000000000001,6.0633426
1999.2425,3.630000000000003,7.210381
1999.2452,-0.7700000000000049,4.5433397
1999.2479,-0.5700000000000064,1.6706432
1999.2507,-0.9700000000000035,1.7436092
1999.2562,2.4299999999999984,1.3456035
1999.2589,3.2300000000000058,3.6358545
1999.2616,7.7299999999999995,4.147534
1999.2644,8.229999999999997,7.4998274
1999.2671,7.929999999999998,7.894491
1999.2699,8.329999999999995,7.8002744
1999.2726,9.130000000000003,8.033465
1999.2753,6.930000000000005,8.711403
1999.2781,10.529999999999992,7.1421514
1999.2808,6.629999999999995,9.907998
1999.2836,6.0299999999999985,6.96586
1999.2863,4.829999999999994,6.8232074
1999.289,2.729999999999996,5.824714
1999.2918,6.0299999999999985,4.3853564
1999.2945,6.229999999999997,6.5155787
1999.2973,1.2299999999999938,6.6561437
1999.3,6.529999999999995,3.1933784
1999.3027,3.430000000000004,6.9928284
1999.3055,1.0299999999999954,4.598467
1999.3082,2.929999999999995,3.204764
1999.311,-0.46999999999999403,4.3058324
1999.3137,-5.369999999999998,2.0157075
1999.3164,-5.269999999999999,-0.98663086
1999.3192,0.9299999999999959,-1.0482322
1999.3219,4.529999999999997,2.5147753
1999.3247,5.73,5.0831647
1999.3274,8.730000000000006,5.9633665
1999.3301,5.630000000000002,8.165777
1999.3329,1.6300000000000041,6.067357
1999.3356,-3.369999999999999,3.4006314
1999.3384,-1.3700000000000008,0.029693753
1999.3411,-4.470000000000005,1.1869826
1999.3438,1.8300000000000025,-0.8556579
1999.3466,2.2299999999999995,3.334616
1999.3493,2.629999999999997,3.3010688
1999.3521,-0.9700000000000035,3.857555
1999.3548,2.2299999999999995,1.401039
1999.3575,4.329999999999997,3.5316184
1999.3603,3.1299999999999932,4.667061
1999.363,5.430000000000003,4.086297
1999.3658,6.0299999999999985,5.6575174
1999.3685,8.229999999999997,6.2977037
1999.3712,3.5300000000000034,7.9660416
1999.374,8.529999999999994,4.7151537
1999.3767,10.029999999999996,8.264863
1999.3795,9.729999999999999,9.263076
1999.3822,10.229999999999995,9.26124
1999.3849,15.129999999999999,9.655273
1999.3877,15.329999999999998,13.244891
1999.3904,9.130000000000003,13.54133
1999.3932,6.529999999999995,9.313747
1999.3959,7.929999999999998,7.390638
1999.3986,7.7299999999999995,8.270048
1999.4014,7.030000000000005,8.110607
1999.4041,7.030000000000005,7.6566896
1999.4068,7.4300000000000015,7.5996842
1999.4096,8.730000000000006,7.9958754
1999.4123,7.630000000000001,8.934988
1999.4151,7.630000000000001,8.05466
1999.4178,10.830000000000004,7.9919868
1999.4205,11.23,10.419173
1999.4233,11.53,10.725338
1999.426,11.829999999999997,11.038228
1999.4288,8.329999999999995,11.278636
1999.4315,3.330000000000005,8.795832
1999.4342,7.330000000000003,5.3386507
1999.437,4.429999999999997,7.9433827
1999.4397,1.6300000000000041,5.725817
1999.4425,5.530000000000002,3.9751666
1999.4452,8.930000000000003,6.5240355
1999.4479,10.529999999999992,8.857005
1999.4507,5.530000000000002,10.106003
1999.4534,9.230000000000002,6.579142
1999.4562,8.529999999999994,9.2304535
1999.4589,9.629999999999999,8.593644
1999.4616,9.829999999999998,9.542496
1999.4644,11.929999999999996,9.573437
1999.4671,14.630000000000003,11.28614
1999.4699,12.530000000000005,13.32368
1999.4726,10.029999999999996,11.963419
1999.4753,5.73,10.083077
1999.4781,7.330000000000003,6.972544
1999.4808,6.3299999999999965,8.086063
1999.4836,4.229999999999999,7.182803
1999.4863,2.1300000000000003,5.7369223
1999.489,8.830000000000005,4.286074
1999.4918,11.23,9.031896
1999.4945,12.930000000000001,10.641435
1999.4973,9.130000000000003,12.016024
1999.5,7.530000000000001,9.283177
1999.5027,9.230000000000002,8.272843
1999.5055,12.930000000000001,9.327956
1999.5082,10.730000000000004,11.99422
1999.511,8.229999999999997,10.366015
1999.5137,6.529999999999995,8.882131
1999.5164,4.229999999999999,7.585167
1999.5192,6.429999999999996,5.959723
1999.5219,12.630000000000004,7.2401795
1999.5247,10.229999999999995,11.69804
1999.5274,13.629999999999997,10.013068
1999.5301,12.830000000000002,12.787204
1999.5329,11.33,12.015925
1999.5356,13.629999999999997,11.153506
1999.5384,9.729999999999999,12.768574
1999.5411,6.529999999999995,9.899843
1999.5438,7.530000000000001,7.6858225
1999.5466,5.630000000000002,8.372686
1999.5493,12.430000000000005,6.891451
1999.5521,10.930000000000003,11.91527
1999.5548,14.730000000000002,10.688105
1999.5575,10.329999999999995,13.686057
1999.5603,12.430000000000005,10.371655
1999.563,7.630000000000001,12.066534
1999.5658,6.930000000000005,8.280817
1999.5685,4.729999999999995,8.054808
1999.5712,2.729999999999996,6.165855
1999.574,6.930000000000005,5.044215
1999.5767,9.43,7.6865516
1999.5795,7.530000000000001,9.57982
1999.5822,10.429999999999993,8.142571
1999.5849,4.329999999999997,10.432248
1999.5877,10.630000000000004,5.806322
1999.5904,12.029999999999996,10.504345
1999.5932,10.830000000000004,11.186717
1999.5959,12.230000000000008,10.632487
1999.5986,13.13,11.698503
1999.6014,10.229999999999995,12.487963
1999.6041,12.830000000000002,10.299278
1999.6068,7.829999999999999,12.38215
1999.6096,8.029999999999998,8.436922
1999.6123,10.429999999999993,8.873043
1999.6151,8.830000000000005,10.354139
1999.6178,11.929999999999996,9.208236
1999.6205,12.730000000000004,11.555912
1999.6233,12.029999999999996,12.199602
1999.626,15.329999999999998,11.722885
1999.6288,18.230000000000004,14.2465515
1999.6315,12.630000000000004,16.174501
1999.6342,9.030000000000003,12.348056
1999.637,7.230000000000003,9.894223
1999.6397,5.430000000000003,8.381949
1999.6425,3.630000000000003,7.0680714
1999.6452,4.829999999999994,5.7327113
1999.6479,7.4300000000000015,6.4592743
1999.6507,10.830000000000004,8.252139
1999.6534,10.429999999999993,10.720538
1999.6562,7.829999999999999,10.391211
1999.6589,7.630000000000001,8.570271
1999.6616,10.529999999999992,8.362064
1999.6644,7.929999999999998,10.411263
1999.6671,10.930000000000003,8.438709
1999.6699,10.429999999999993,10.779344
1999.6726,16.030000000000005,10.35774
1999.6753,13.23,14.689792
1999.6781,10.529999999999992,12.55896
1999.6808,12.830000000000002,10.803608
1999.6836,12.330000000000005,12.32649
1999.6863,13.030000000000001,11.982155
1999.689,16.030000000000005,12.475519
1999.6918,10.730000000000004,14.669031
1999.6945,8.029999999999998,10.912874
1999.6973,10.730000000000004,9.249553
1999.7,9.43,10.942316
1999.7027,10.830000000000004,9.842165
1999.7055,10.029999999999996,10.968968
1999.7082,15.03,10.385451
1999.711,15.830000000000007,14.048063
1999.7137,10.730000000000004,14.655411
1999.7164,12.230000000000008,11.079377
1999.7192,16.330000000000002,12.162433
1999.7219,17.929999999999993,15.03391
1999.7247,23.530000000000005,16.232635
1999.7274,15.630000000000008,20.436089
1999.7301,15.930000000000007,14.742572
1999.7329,18.430000000000003,15.398053
1999.7356,17.529999999999994,16.962029
1999.7384,17.13,16.239298
1999.7411,20.729999999999997,15.960466
1999.7438,23.330000000000005,18.754221
1999.7466,20.030000000000005,20.680798
1999.7493,20.030000000000005,18.507248
1999.7521,18.83,18.442095
1999.7548,16.630000000000003,17.590612
1999.7575,12.730000000000004,16.08451
1999.7603,10.429999999999993,13.192805
1999.763,5.030000000000006,11.437782
1999.7658,11.23,7.497235
1999.7685,12.430000000000005,11.932926
1999.7712,11.53,12.502312
1999.774,13.829999999999995,11.983983
1999.7767,8.229999999999997,13.581324
1999.7795,9.43,9.476642
1999.7822,10.529999999999992,10.293049
1999.7849,4.329999999999997,10.831669
1999.7877,2.929999999999995,6.3287005
1999.7904,2.8299999999999956,5.487686
1999.7932,1.8300000000000025,5.2030463
1999.7959,4.03,4.432209
1999.7986,9.629999999999999,5.8644624
1999.8014,8.129999999999997,9.659589
1999.8041,8.529999999999994,8.620717
1999.8068,10.329999999999995,9.127667
1999.8096,17.329999999999995,10.220322
1999.8123,16.630000000000003,15.387837
1999.8151,19.730000000000004,14.934354
1999.8178,18.73,17.47476
1999.8205,18.73,16.766413
1999.8233,13.729999999999995,17.09277
1999.826,9.729999999999999,13.406118
1999.8288,14.430000000000003,10.626048
1999.8315,16.130000000000006,13.768993
1999.8342,14.130000000000006,15.010283
1999.837,16.130000000000006,13.66096
1999.8397,7.330000000000003,15.185517
1999.8452,9.330000000000002,8.792637
1999.8479,9.829999999999998,10.455138
1999.8507,3.9300000000000006,10.343587
1999.8534,5.330000000000004,6.2164
1999.8562,0.7299999999999974,7.1863556
1999.8589,-0.3699999999999947,4.041182
1999.8616,9.629999999999999,3.2560797
1999.8644,15.229999999999999,9.947018
1999.8671,12.029999999999996,13.733786
1999.8699,12.330000000000005,11.791913
1999.8726,11.53,12.2258
1999.8753,9.629999999999999,11.41354
1999.8781,10.830000000000004,10.107608
1999.8836,4.729999999999995,10.858434
1999.8863,10.730000000000004,6.3720922
1999.889,9.829999999999998,10.9838295
1999.8918,7.929999999999998,10.128045
1999.8945,7.929999999999998,8.9241
1999.8973,6.529999999999995,8.790766
1999.9,6.129999999999998,7.735282
1999.9027,12.530000000000005,7.396593
1999.9055,9.130000000000003,12.000119
1999.9082,15.830000000000007,9.350293
1999.911,17.029999999999998,14.72804
1999.9137,18.53,15.387438
1999.9164,21.930000000000003,16.84528
1999.9192,19.129999999999995,19.294886
1999.9219,14.93,17.40592
1999.9247,13.329999999999998,14.476183
1999.9274,7.4300000000000015,13.439442
1999.9301,6.629999999999995,8.900362
1999.9329,11.33,8.470918
1999.9356,13.629999999999997,11.608777
1999.9384,10.329999999999995,13.283869
1999.9411,8.730000000000006,11.006748
1999.9438,6.3299999999999965,9.870724
1999.9466,15.429999999999996,7.8968663
1999.9493,16.230000000000004,14.614562
1999.9521,10.930000000000003,14.863833
1999.9548,9.43,11.416272
1999.9575,9.230000000000002,10.396676
1999.9603,15.329999999999998,10.197235
1999.963,13.329999999999998,14.507362
1999.9658,8.529999999999994,12.945944
1999.9685,3.430000000000004,9.601196
1999.9712,4.129999999999999,6.1060333
1999.974,3.430000000000004,6.398135
1999.9767,5.630000000000002,5.549701
1999.9795,6.729999999999993,7.090955
1999.9822,9.230000000000002,7.8084087
1999.9849,10.329999999999995,9.83794
1999.9877,9.53,10.548676
1999.9904,6.429999999999996,9.946058
1999.9932,1.0299999999999954,7.624214
1999.9959,1.330000000000006,4.107015
1999.9986,1.8300000000000025,4.1105046
2000.0014,2.329999999999999,4.242886
2000.0041,3.1299999999999932,4.508251
2000.0068,10.029999999999996,5.0529523
2000.0096,14.330000000000005,10.008381
2000.0123,13.329999999999998,13.104621
2000.015,8.129999999999997,12.5924225
2000.0178,12.029999999999996,8.842901
2000.0205,10.129999999999995,11.794044
2000.0232,4.329999999999997,10.249588
2000.026,5.430000000000003,6.276299
2000.0287,1.1299999999999946,6.9115314
2000.0314,0.7299999999999974,4.1015363
2000.0342,-0.5700000000000064,3.9114072
2000.0369,1.4300000000000055,2.8126929
2000.0396,3.9300000000000006,3.8626418
2000.0423,10.029999999999996,5.4692383
2000.0451,14.029999999999994,9.90968
2000.0478,14.029999999999994,12.729617
2000.0505,5.230000000000005,13.087406
2000.0533,8.529999999999994,6.781196
2000.056,7.130000000000004,9.31348
2000.0587,8.429999999999994,7.9025836
2000.0615,4.229999999999999,9.077998
2000.0642,6.0299999999999985,5.943328
2000.0669,8.830000000000005,7.496352
2000.0697,11.13,9.281111
2000.0724,12.029999999999996,11.141638
2000.0751,12.530000000000005,11.604461
2000.0779,17.729999999999993,12.239966
2000.0806,12.930000000000001,16.014355
2000.0833,7.230000000000003,12.664912
2000.0861,6.429999999999996,8.615021
2000.0888,6.930000000000005,8.000416
2000.0915,3.2300000000000058,8.291971
2000.0943,2.1300000000000003,5.678859
2000.097,5.73,4.8772497
2000.0997,12.230000000000008,7.207284
2000.1025,11.030000000000003,11.932639
2000.1052,10.029999999999996,11.0860615
2000.1079,9.929999999999996,10.458053
2000.1107,7.829999999999999,10.362063
2000.1134,4.829999999999994,8.896579
2000.1161,0.7299999999999974,6.624432
2000.1189,1.930000000000002,3.866341
2000.1216,1.4300000000000055,4.580166
2000.1243,0.42999999999999955,4.2841964
2000.127,3.730000000000002,3.5562394
2000.1298,2.5299999999999976,5.489284
2000.1325,1.4300000000000055,4.67289
2000.1352,0.9299999999999959,4.0412803
2000.138,-1.6699999999999986,3.5363898
2000.1407,1.930000000000002,1.7936498
2000.1434,0.9299999999999959,4.0866895
2000.1462,-0.6700000000000057,3.3436472
2000.1489,3.430000000000004,2.3896387
2000.1516,0.8299999999999967,4.95416
2000.1544,-0.6700000000000057,3.2972782
2000.1571,3.8300000000000014,2.4159203
2000.1598,9.729999999999999,5.124923
2000.1626,5.030000000000006,9.319296
2000.1653,9.030000000000003,6.085504
2000.168,5.430000000000003,9.229802
2000.1708,5.430000000000003,6.3778934
2000.1735,2.729999999999996,6.787194
2000.1762,-0.26999999999999547,4.6886973
2000.179,7.829999999999999,2.8651507
2000.1817,7.530000000000001,8.244509
2000.1844,7.230000000000003,8.105164
2000.1872,1.930000000000002,8.018436
2000.1899,-0.9700000000000035,4.39539
2000.1926,0.42999999999999955,2.6222203
2000.1954,2.329999999999999,3.3618011
2000.1981,4.329999999999997,4.3690734
2000.2008,6.0299999999999985,5.5626774
2000.2036,3.630000000000003,7.0111294
2000.2063,2.2299999999999995,5.4189734
2000.209,1.930000000000002,4.5851965
2000.2117,-0.5700000000000064,4.2358723
2000.2145,4.930000000000007,2.5716333
2000.2172,12.830000000000002,6.1158285
2000.2199,8.429999999999994,11.818194
2000.2227,8.830000000000005,8.7647505
2000.2254,11.729999999999997,9.467183
2000.2281,7.829999999999999,11.464576
2000.2309,9.729999999999999,8.67403
2000.2336,6.830000000000006,10.119273
2000.2363,5.73,7.7801585
2000.2391,7.230000000000003,7.221956
2000.2418,4.930000000000007,8.334592
2000.2445,14.230000000000006,6.6188407
2000.2473,14.630000000000003,13.429577
2000.25,15.930000000000007,13.6586895
2000.2527,12.130000000000008,15.006528
2000.2555,12.029999999999996,12.235524
2000.2582,12.830000000000002,12.254512
2000.2609,12.930000000000001,12.741283
2000.2637,5.630000000000002,12.965766
2000.2664,6.529999999999995,7.516545
2000.2691,3.330000000000005,8.449282
2000.2719,9.230000000000002,5.953501
2000.2746,12.029999999999996,10.159162
2000.2773,17.729999999999993,11.920483
2000.2801,16.130000000000006,16.245087
2000.2828,17.529999999999994,15.186505
2000.2855,10.830000000000004,16.581505
2000.2883,13.329999999999998,11.426663
2000.291,14.330000000000005,13.558427
2000.2937,14.93,13.904829
2000.2964,13.729999999999995,14.648292
2000.2992,11.23,13.733645
2000.3019,12.630000000000004,12.166327
2000.3046,12.530000000000005,13.068432
2000.3074,11.729999999999997,12.999825
2000.3101,10.229999999999995,12.209376
2000.3128,14.93,11.19427
2000.3156,11.030000000000003,14.5552025
2000.3183,7.330000000000003,11.743372
2000.321,9.829999999999998,9.18997
2000.3238,8.329999999999995,10.845619
2000.3265,9.729999999999999,9.658496
2000.3292,12.130000000000008,10.748256
2000.332,9.53,12.378864
2000.3347,8.129999999999997,10.477944
2000.3374,11.829999999999997,9.646515
2000.3402,10.830000000000004,12.200807
2000.3429,12.230000000000008,11.300125
2000.3456,11.929999999999996,12.530415
2000.3484,11.33,12.244143
2000.3511,11.030000000000003,11.903934
2000.3538,12.530000000000005,11.695251
2000.3566,8.930000000000003,12.760558
2000.3593,11.13,10.044121
2000.362,13.429999999999998,11.841519
2000.3648,16.630000000000003,13.340881
2000.3675,13.929999999999994,15.794055
2000.3702,15.730000000000008,13.847263
2000.373,15.03,15.339317
2000.3757,20.83,14.749893
2000.3784,22.63,19.117664
2000.3811,18.53,20.261093
2000.3839,18.63,17.61545
2000.3866,16.630000000000003,17.789303
2000.3893,14.029999999999994,16.40461
2000.3921,16.93,14.473254
2000.3948,13.829999999999995,16.50547
2000.3975,17.629999999999995,14.173095
2000.4003,13.729999999999995,17.15632
2000.403,14.530000000000003,14.151613
2000.4057,16.030000000000005,14.893254
2000.4085,14.430000000000003,15.801909
2000.4112,10.129999999999995,14.755702
2000.4139,12.330000000000005,11.524629
2000.4167,6.3299999999999965,13.207834
2000.4194,9.929999999999996,8.511668
2000.4221,13.329999999999998,11.3756485
2000.4249,13.030000000000001,13.462325
2000.4276,13.429999999999998,13.4335985
2000.4303,14.029999999999994,13.779693
2000.4331,13.030000000000001,14.210734
2000.4358,12.430000000000005,13.342983
2000.4385,13.23,13.047258
2000.4413,16.630000000000003,13.417196
2000.444,15.930000000000007,15.967789
2000.4467,12.730000000000004,15.5099125
2000.4495,9.53,13.361193
2000.4522,8.529999999999994,10.9795
2000.4549,12.130000000000008,10.175711
2000.4577,9.53,12.663049
2000.4604,4.229999999999999,10.673826
2000.4631,6.129999999999998,6.9126806
2000.4658,11.729999999999997,8.238056
2000.4686,13.729999999999995,12.196519
2000.4713,18.83,13.591847
2000.474,17.629999999999995,17.275011
2000.4768,12.830000000000002,16.547432
2000.4795,13.030000000000001,13.472485
2000.4822,12.630000000000004,13.517929
2000.485,14.330000000000005,12.968218
2000.4877,10.529999999999992,14.265336
2000.4904,12.530000000000005,11.611236
2000.4932,16.53,13.161535
2000.4959,13.23,15.921287
2000.4986,8.229999999999997,13.622956
2000.5014,11.23,10.031419
2000.5041,10.029999999999996,12.155223
2000.5068,15.03,11.018336
2000.5096,13.030000000000001,14.844699
2000.5123,15.229999999999999,13.237373
2000.515,12.930000000000001,15.132484
2000.5178,15.429999999999996,13.498318
2000.5205,15.329999999999998,15.380046
2000.5232,17.929999999999993,15.006858
2000.526,17.13,17.11557
2000.5287,17.529999999999994,16.462217
2000.5314,15.930000000000007,17.039682
2000.5342,10.529999999999992,15.745303
2000.5369,13.829999999999995,12.009739
2000.5396,9.330000000000002,14.285423
2000.5423,12.130000000000008,10.867192
2000.5451,15.129999999999999,12.988754
2000.5478,2.929999999999995,14.984955
2000.5505,5.73,6.40304
2000.5533,7.829999999999999,8.351128
2000.556,10.229999999999995,9.419195
2000.5587,5.530000000000002,11.139578
2000.5615,15.730000000000008,7.694952
2000.5642,16.030000000000005,15.16447
2000.5669,17.529999999999994,15.256486
2000.5697,14.630000000000003,16.901226
2000.5724,15.429999999999996,14.412887
2000.5751,11.629999999999997,15.283335
2000.5779,10.529999999999992,12.409693
2000.5806,19.630000000000006,11.799537
2000.5833,15.830000000000007,18.00942
2000.5861,15.229999999999999,15.471544
2000.5888,10.029999999999996,15.403119
2000.5915,11.729999999999997,11.588984
2000.5943,15.730000000000008,12.639219
2000.597,13.529999999999998,15.428812
2000.5997,14.330000000000005,13.844475
2000.6025,14.430000000000003,14.527905
2000.6052,14.029999999999994,14.660427
2000.6079,11.729999999999997,14.48993
2000.6107,16.030000000000005,12.775363
2000.6134,15.229999999999999,15.759176
2000.6161,12.430000000000005,15.162108
2000.6189,8.930000000000003,13.398783
2000.6216,16.53,10.681414
2000.6243,22.130000000000003,16.167461
2000.627,21.229999999999993,20.087107
2000.6298,12.029999999999996,19.697882
2000.6325,13.030000000000001,13.172346
2000.6352,24.23,14.067191
2000.638,15.329999999999998,21.911957
2000.6407,14.330000000000005,15.395229
2000.6434,15.03,14.898845
2000.6462,16.630000000000003,15.3201685
2000.6489,15.429999999999996,16.686602
2000.6516,14.430000000000003,15.688803
2000.6544,14.029999999999994,14.802401
2000.6571,9.729999999999999,14.554461
2000.6598,8.830000000000005,11.697494
2000.6626,10.830000000000004,10.7324
2000.6653,15.529999999999996,11.952167
2000.668,17.729999999999993,15.400869
2000.6708,19.029999999999998,17.077236
2000.6735,12.730000000000004,18.105347
2000.6762,13.429999999999998,13.639176
2000.679,13.429999999999998,14.263774
2000.6817,15.329999999999998,13.991605
2000.6844,16.53,15.332024
2000.6872,16.73,16.15646
2000.6899,10.229999999999995,16.512966
2000.6926,17.229999999999997,11.871627
2000.6954,16.030000000000005,17.039213
2000.6981,15.329999999999998,15.758826
2000.7008,11.729999999999997,15.59734
2000.7036,13.829999999999995,12.846017
2000.7063,14.730000000000002,14.490077
2000.709,17.029999999999998,14.9582815
2000.7117,19.029999999999998,16.763926
2000.7145,19.430000000000007,18.003555
2000.7172,18.030000000000005,18.647575
2000.7199,17.929999999999993,17.636484
2000.7227,18.130000000000003,17.637304
2000.7254,13.23,17.618078
2000.7281,12.930000000000001,14.2169695
2000.7309,15.630000000000008,14.015154
2000.7336,13.729999999999995,15.845006
2000.7363,14.430000000000003,14.4177065
2000.7391,21.129999999999995,15.068837
2000.7418,24.729999999999997,19.743767
2000.7445,25.830000000000002,22.44708
2000.7473,24.829999999999995,23.536406
2000.75,23.03000000000001,22.845926
2000.7527,26.13,21.655336
2000.7555,22.929999999999996,24.226871
2000.7582,19.630000000000006,21.616787
2000.7609,22.829999999999995,19.314814
2000.7637,22.929999999999996,21.716131
2000.7664,14.830000000000002,21.811035
2000.7691,22.63,16.01282
2000.7719,22.43,21.590063
2000.7746,17.82999999999999,21.158882
2000.7773,24.429999999999996,18.227156
2000.7801,22.529999999999998,22.84
2000.7828,21.530000000000005,21.33572
2000.7855,21.029999999999998,20.953632
2000.7883,24.03,20.514828
2000.791,22.529999999999998,22.565477
2000.7937,17.929999999999993,21.582426
2000.7964,14.830000000000002,18.328932
2000.7992,14.330000000000005,15.943896
2000.8019,10.630000000000004,15.550046
2000.8046,17.329999999999995,12.673923
2000.8074,15.630000000000008,17.458048
2000.8101,17.429999999999996,15.983322
2000.8128,18.83,17.589996
2000.8156,27.030000000000005,18.428844
2000.8183,25.630000000000003,24.636992
2000.821,18.230000000000004,23.392458
2000.8238,14.330000000000005,18.38595
2000.8265,21.029999999999998,15.407968
2000.8292,23.530000000000005,20.260511
2000.832,21.429999999999993,21.8268
2000.8347,21.82999999999999,20.538818
2000.8374,17.82999999999999,20.866682
2000.8402,17.529999999999994,18.201223
2000.8429,14.230000000000006,17.938711
2000.8456,12.930000000000001,15.247777
2000.8484,17.429999999999996,14.194163
2000.8511,19.029999999999998,17.508713
2000.8538,17.729999999999993,18.628391
2000.8566,17.529999999999994,17.745863
2000.8593,10.529999999999992,17.660915
2000.862,10.730000000000004,12.565546
2000.8648,21.129999999999995,12.720803
2000.8675,18.93,19.830479
2000.8702,16.73,18.153019
2000.873,12.830000000000002,17.021235
2000.8757,13.429999999999998,14.188713
2000.8784,13.329999999999998,14.614681
2000.8811,14.330000000000005,14.3391075
2000.8839,15.730000000000008,14.87903
2000.8866,12.130000000000008,15.829564
2000.8893,12.230000000000008,13.52408
2000.8921,13.23,13.570716
2000.8948,13.13,14.125184
2000.8975,16.030000000000005,13.9687
2000.9003,14.530000000000003,16.108053
2000.903,17.13,14.9988985
2000.9057,13.729999999999995,16.977654
2000.9085,14.93,14.487211
2000.9112,17.329999999999995,15.467165
2000.9139,13.23,17.023952
2000.9167,10.930000000000003,14.189434
2000.9194,14.93,12.545129
2000.9221,8.830000000000005,15.381567
2000.9249,10.930000000000003,10.778518
2000.9276,8.329999999999995,12.568348
2000.9303,9.230000000000002,10.268092
2000.9331,11.929999999999996,11.089972
2000.9358,13.13,12.943176
2000.9385,14.230000000000006,13.81202
2000.9413,14.93,14.569272
2000.944,14.730000000000002,15.279012
2000.9467,13.529999999999998,15.029237
2000.9495,15.930000000000007,14.283055
2000.9522,16.53,15.911113
2000.9549,17.13,16.366999
2000.9577,14.530000000000003,16.935593
2000.9604,6.930000000000005,15.107513
2000.9631,8.029999999999998,9.644966
2000.9658,6.830000000000006,10.381794
2000.9686,8.930000000000003,9.179383
2000.9713,7.330000000000003,10.7204895
2000.974,15.03,9.4336
2000.9768,16.53,15.135932
2000.9795,16.030000000000005,16.127104
2000.9822,17.529999999999994,16.120728
2000.985,19.730000000000004,17.037867
2000.9877,17.529999999999994,18.765186
2000.9904,17.929999999999993,17.207293
2000.9932,18.73,17.652348
2000.9959,15.830000000000007,18.094381
2000.9986,11.729999999999997,16.282732
2001.0014,14.830000000000002,13.370351
2001.0041,11.629999999999997,15.523407
2001.0068,10.429999999999993,12.981467
2001.0096,15.730000000000008,12.307972
2001.0123,18.73,15.88385
2001.0151,16.430000000000003,18.057835
2001.0178,9.829999999999998,16.566818
2001.0205,12.230000000000008,11.965129
2001.0233,11.829999999999997,13.581633
2001.026,10.329999999999995,13.1227045
2001.0288,11.030000000000003,12.030611
2001.0315,7.230000000000003,12.435673
2001.0342,7.030000000000005,9.720322
2001.037,5.83,9.651798
2001.0397,5.83,8.550232
2001.0425,6.0299999999999985,8.313229
2001.0452,6.0299999999999985,8.431835
2001.0479,3.1299999999999932,8.440033
2001.0507,4.329999999999997,6.354639
2001.0534,5.130000000000005,7.11828
2001.0562,4.03,7.4330134
2001.0589,5.230000000000005,6.7548304
2001.0616,12.230000000000008,7.4654956
2001.0644,9.53,12.501114
2001.0671,14.330000000000005,10.547064
2001.0699,13.030000000000001,14.373272
2001.0726,13.929999999999994,13.225028
2001.0753,15.229999999999999,14.25573
2001.0781,11.929999999999996,15.105075
2001.0808,8.029999999999998,12.827337
2001.0836,4.529999999999997,9.964674
2001.0863,-2.9700000000000024,7.635824
2001.089,-3.9699999999999953,2.629367
2001.0918,0.13000000000000167,1.9103644
2001.0945,3.029999999999994,4.1083045
2001.0973,6.229999999999997,5.903517
2001.1,5.130000000000005,8.028106
2001.1027,14.430000000000003,7.259167
2001.1055,17.629999999999995,14.102273
2001.1082,13.629999999999997,16.399656
2001.111,3.8300000000000014,13.762036
2001.1137,5.030000000000006,6.8533072
2001.1164,7.330000000000003,7.7290177
2001.1192,12.330000000000005,9.028764
2001.1219,17.329999999999995,12.84479
2001.1247,14.630000000000003,16.214594
2001.1274,7.929999999999998,14.799338
2001.1301,9.629999999999999,10.180706
2001.1329,9.130000000000003,11.262311
2001.1356,10.930000000000003,10.3846035
2001.1384,16.53,11.961303
2001.1411,20.43,16.023197
2001.1438,15.129999999999999,19.04092
2001.1466,12.130000000000008,15.491044
2001.1493,9.829999999999998,13.638104
2001.1521,6.729999999999993,11.62115
2001.1548,13.929999999999994,9.400375
2001.1575,15.03,14.481761
2001.1603,11.33,15.146988
2001.163,13.429999999999998,12.787919
2001.1658,14.230000000000006,14.470003
2001.1685,16.130000000000006,14.937507
2001.1712,21.129999999999995,16.322683
2001.174,16.230000000000004,19.813446
2001.1767,13.629999999999997,16.35331
2001.1795,16.83,14.863462
2001.1822,17.429999999999996,17.043396
2001.1849,18.430000000000003,17.368639
2001.1877,17.429999999999996,18.21022
2001.1904,19.229999999999997,17.529236
2001.1932,20.63,18.95006
2001.1959,21.730000000000004,19.970554
2001.1986,15.930000000000007,20.744179
2001.2014,14.330000000000005,16.634096
2001.2041,9.130000000000003,15.672653
2001.2068,11.829999999999997,11.691706
2001.2096,15.129999999999999,13.674882
2001.2123,13.529999999999998,15.726357
2001.2151,16.53,14.727466
2001.2178,16.030000000000005,16.978354
2001.2205,18.93,16.620754
2001.2233,15.429999999999996,18.688948
2001.226,16.030000000000005,16.122725
2001.2288,14.130000000000006,16.580032
2001.2315,12.630000000000004,15.157561
2001.2342,16.030000000000005,14.199124
2001.237,18.83,16.48054
2001.2397,21.129999999999995,18.50785
2001.2425,19.029999999999998,20.255943
2001.2452,19.430000000000007,18.909521
2001.2479,18.83,19.229887
2001.2507,17.229999999999997,18.749891
2001.2534,23.93,17.632805
2001.2562,16.430000000000003,22.462564
2001.2589,22.23,17.016294
2001.2616,20.23,21.571602
2001.2644,17.629999999999995,19.844723
2001.2671,15.329999999999998,18.269712
2001.2699,19.029999999999998,16.439468
2001.2726,15.830000000000007,19.116297
2001.2753,13.429999999999998,16.614792
2001.2781,10.830000000000004,15.142518
2001.2808,11.13,12.972415
2001.2836,15.129999999999999,13.310479
2001.2863,20.929999999999996,15.990392
2001.289,17.729999999999993,20.047262
2001.2918,17.82999999999999,17.786978
2001.2945,15.529999999999996,18.236607
2001.2973,15.529999999999996,16.390772
2001.3,15.630000000000008,16.461517
2001.3027,17.82999999999999,16.263863
2001.3055,20.330000000000002,17.931269
2001.3082,20.330000000000002,19.749077
2001.311,20.330000000000002,19.966406
2001.3137,19.53000000000001,19.954319
2001.3164,19.029999999999998,19.460024
2001.3192,18.030000000000005,19.073318
2001.3219,23.230000000000008,18.356867
2001.3247,16.430000000000003,22.095095
2001.3274,21.029999999999998,17.163214
2001.3301,17.729999999999993,20.771364
2001.3329,20.43,18.155626
2001.3356,21.329999999999995,20.344332
2001.3384,21.530000000000005,20.757296
2001.3411,17.929999999999993,21.080156
2001.3438,16.53,18.420843
2001.3466,17.229999999999997,17.635048
2001.3493,15.329999999999998,17.822634
2001.3521,20.83,16.563168
2001.3548,17.929999999999993,20.393082
2001.3575,20.53,18.317581
2001.3603,23.330000000000005,20.384954
2001.363,24.529999999999998,22.310839
2001.3658,22.729999999999997,23.351294
2001.3685,26.03,22.023026
2001.3712,24.23,24.784346
2001.374,23.530000000000005,23.249895
2001.3767,25.93,22.976501
2001.3795,21.129999999999995,24.786924
2001.3822,18.430000000000003,21.100706
2001.3849,18.430000000000003,19.29179
2001.3877,19.630000000000006,19.151176
2001.3904,20.929999999999996,19.86456
2001.3932,19.229999999999997,20.834887
2001.3959,19.53000000000001,19.580374
2001.3986,21.129999999999995,19.886448
2001.4014,21.229999999999993,21.011219
2001.4041,24.429999999999996,21.023144
2001.4068,22.829999999999995,23.444271
2001.4096,21.129999999999995,22.196093
2001.4123,19.029999999999998,21.120676
2001.4151,21.629999999999992,19.58359
2001.4178,20.63,21.382467
2001.4205,22.929999999999996,20.54597
2001.4233,22.130000000000003,22.380386
2001.426,21.329999999999995,21.6892
2001.4288,25.530000000000005,21.297682
2001.4315,20.23,24.493113
2001.4342,19.329999999999995,20.39089
2001.437,19.029999999999998,19.857986
2001.4397,18.83,19.514997
2001.4425,18.73,19.348824
2001.4452,18.53,19.260344
2001.4479,22.130000000000003,19.075813
2001.4507,22.529999999999998,21.67424
2001.4534,21.129999999999995,22.052298
2001.4562,23.430000000000007,21.013742
2001.4589,21.629999999999992,22.698454
2001.4616,22.43,21.360249
2001.4644,19.229999999999997,22.054651
2001.4671,25.32999999999999,19.638865
2001.4699,26.229999999999997,24.373392
2001.4726,24.929999999999993,25.004623
2001.4753,24.929999999999993,24.278053
2001.4781,17.629999999999995,24.179941
2001.4808,20.43,18.79207
2001.4836,21.930000000000003,20.789513
2001.4863,20.43,21.62298
2001.489,24.03,20.536402
2001.4918,18.130000000000003,23.388288
2001.4945,20.929999999999996,19.02559
2001.4973,21.029999999999998,21.187517
2001.5,18.93,20.98732
2001.5027,21.429999999999993,19.494616
2001.5055,21.629999999999992,21.275835
2001.5082,28.429999999999996,21.425543
2001.511,29.53,26.88732
2001.5137,24.729999999999997,27.840725
2001.5164,24.829999999999995,24.159231
2001.5192,31.63,24.382822
2001.5219,28.629999999999995,29.89827
2001.5247,22.729999999999997,27.36417
2001.5274,22.829999999999995,22.844812
2001.5301,21.629999999999992,22.857908
2001.5329,22.929999999999996,21.888548
2001.5356,23.830000000000002,22.919075
2001.5384,23.230000000000008,23.405132
2001.5411,25.129999999999992,22.981133
2001.5438,25.129999999999992,24.720215
2001.5466,23.129999999999995,24.645988
2001.5493,23.730000000000004,22.955564
2001.5521,19.930000000000003,23.457422
2001.5548,21.930000000000003,20.56358
2001.5575,24.429999999999996,22.063124
2001.5603,21.730000000000004,23.844566
2001.563,26.33,21.77086
2001.5658,21.730000000000004,25.591217
2001.5685,23.530000000000005,21.807673
2001.5712,23.430000000000007,23.353094
2001.574,25.029999999999994,23.050062
2001.5767,24.03,24.442007
2001.5795,23.03000000000001,23.567045
2001.5822,22.729999999999997,22.958347
2001.5849,25.630000000000003,22.560888
2001.5877,25.32999999999999,25.071129
2001.5904,24.13,24.659567
2001.5932,28.529999999999994,23.85891
2001.5959,21.329999999999995,27.4294
2001.5986,22.33,21.6374
2001.6014,25.630000000000003,22.543903
2001.6041,22.43,24.946848
2001.6068,22.63,22.404018
2001.6096,23.129999999999995,22.68643
2001.6123,25.32999999999999,22.972605
2001.6151,25.230000000000004,24.778685
2001.6178,25.93,24.769457
2001.6205,30.630000000000006,25.304348
2001.6233,29.53,29.176268
2001.626,26.13,28.425098
2001.6288,25.830000000000002,25.783161
2001.6315,28.029999999999998,25.52572
2001.6342,26.629999999999995,27.29716
2001.637,23.630000000000003,26.177803
2001.6397,20.330000000000002,23.789356
2001.6425,29.83,21.113157
2001.6452,27.030000000000005,28.812391
2001.6479,21.429999999999993,26.319378
2001.6507,26.829999999999995,22.032959
2001.6534,27.53,26.264881
2001.6562,27.630000000000003,26.835646
2001.6589,23.230000000000008,27.038267
2001.6616,24.829999999999995,23.333742
2001.6644,27.53,24.666334
2001.6671,30.230000000000008,26.942566
2001.6699,25.830000000000002,29.174103
2001.6726,25.430000000000003,25.419851
2001.6753,27.130000000000006,25.391476
2001.6781,22.829999999999995,26.693182
2001.6808,26.730000000000008,23.171612
2001.6836,23.129999999999995,26.233898
2001.6863,24.829999999999995,23.150913
2001.689,26.730000000000008,24.849176
2001.6918,21.429999999999993,26.21531
2001.6945,16.030000000000005,21.886482
2001.6973,19.430000000000007,18.052608
2001.7,19.730000000000004,20.394989
2001.7027,21.629999999999992,20.304934
2001.7055,21.329999999999995,21.79216
2001.7082,21.329999999999995,21.427204
2001.711,18.73,21.612568
2001.7137,14.430000000000003,19.744328
2001.7164,17.13,16.548098
2001.7192,17.529999999999994,18.23885
2001.7219,20.83,18.460543
2001.7247,18.230000000000004,20.86423
2001.7274,20.729999999999997,18.995604
2001.7301,19.53000000000001,20.90905
2001.7329,22.43,19.962257
2001.7356,22.63,22.150501
2001.7384,27.030000000000005,22.070984
2001.7411,25.73,25.885962
2001.7438,20.330000000000002,24.80704
2001.7466,25.530000000000005,20.916967
2001.7493,29.53,24.878801
2001.7521,35.03,28.121883
2001.7548,31.929999999999996,32.758297
2001.7575,28.13,30.421844
2001.7603,25.32999999999999,27.6482
2001.763,28.629999999999995,25.42463
2001.7658,26.33,28.060738
2001.7685,26.13,25.934565
2001.7712,23.230000000000008,25.967041
2001.774,23.830000000000002,23.589046
2001.7767,26.730000000000008,24.160744
2001.7795,22.23,26.341377
2001.7822,20.43,22.631304
2001.7849,17.629999999999995,21.349543
2001.7877,20.030000000000005,19.218943
2001.7904,21.429999999999993,20.833946
2001.7932,19.630000000000006,21.677519
2001.7959,20.23,20.39999
2001.7986,24.33,20.894722
2001.8014,24.03,24.026688
2001.8041,28.329999999999995,23.65968
2001.8068,25.630000000000003,27.272356
2001.8096,22.03,25.016983
2001.8123,20.130000000000003,22.403515
2001.8151,19.830000000000005,20.917038
2001.8178,29.030000000000005,20.565233
2001.8205,25.630000000000003,27.770752
2001.8233,28.729999999999993,25.056156
2001.826,30.930000000000003,27.915184
2001.8288,29.73,29.638536
2001.8315,28.82999999999999,28.905584
2001.8342,22.729999999999997,28.149847
2001.837,24.03,23.192581
2001.8397,23.530000000000005,24.248304
2001.8425,22.63,23.783504
2001.8452,21.82999999999999,23.014524
2001.8479,25.32999999999999,22.286694
2001.8507,24.929999999999993,25.214792
2001.8534,19.029999999999998,24.800018
2001.8562,17.629999999999995,20.328531
2001.8589,24.529999999999998,19.17125
2001.8616,26.03,24.242756
2001.8644,23.129999999999995,25.416965
2001.8671,16.83,23.181385
2001.8699,12.530000000000005,18.57791
2001.8726,22.130000000000003,15.551475
2001.8753,19.129999999999995,22.224308
2001.8781,22.43,19.698133
2001.8808,24.829999999999995,22.281992
2001.8836,16.93,24.13353
2001.8863,12.630000000000004,18.593758
2001.889,18.130000000000003,15.457826
2001.8918,24.429999999999996,19.03561
2001.8945,21.930000000000003,23.506432
2001.8973,21.229999999999993,21.879658
2001.9,21.429999999999993,21.43482
2001.9027,21.530000000000005,21.623232
2001.9055,17.13,21.81601
2001.9082,14.130000000000006,18.490978
2001.911,15.129999999999999,16.196531
2001.9137,14.130000000000006,16.882631
2001.9164,17.429999999999996,16.144312
2001.9192,17.329999999999995,18.48028
2001.9219,13.329999999999998,18.26834
2001.9247,16.73,15.567106
2001.9274,18.73,18.053505
2001.9301,12.830000000000002,19.206373
2001.9329,9.929999999999996,14.9736185
2001.9356,14.630000000000003,13.035116
2001.9384,13.329999999999998,16.17336
2001.9411,12.730000000000004,15.195137
2001.9438,10.730000000000004,14.835814
2001.9466,8.229999999999997,13.234809
2001.9493,11.23,11.556802
2001.9521,10.529999999999992,13.639324
2001.9548,12.029999999999996,12.865881
2001.9575,12.530000000000005,13.894445
2001.9603,17.929999999999993,14.328002
2001.963,18.030000000000005,18.285435
2001.9658,22.929999999999996,18.300905
2001.9685,22.829999999999995,21.97615
2001.9712,26.930000000000007,21.89854
2001.974,22.03,25.655516
2001.9767,21.530000000000005,21.65025
2001.9795,27.53,21.590792
2001.9822,30.930000000000003,26.28379
2001.9849,23.830000000000002,29.320482
2001.9877,16.230000000000004,23.6597
2001.9904,18.230000000000004,18.238148
2001.9932,22.130000000000003,19.451693
2001.9959,19.329999999999995,22.177197
2001.9986,18.93,20.02374
2002.0014,17.13,19.863768
2002.0041,9.43,18.571337
2002.0068,9.829999999999998,13.25304
2002.0096,10.830000000000004,13.313598
2002.0123,18.030000000000005,13.588646
2002.0151,15.630000000000008,18.77732
2002.0178,16.230000000000004,17.009974
2002.0205,19.129999999999995,17.641563
2002.0233,14.530000000000003,19.588257
2002.026,18.330000000000002,16.409088
2002.0288,18.53,19.027208
2002.0315,15.129999999999999,18.975004
2002.0342,18.83,16.679232
2002.037,20.729999999999997,19.513903
2002.0397,23.03000000000001,20.701307
2002.0425,21.930000000000003,22.532175
2002.0452,18.230000000000004,21.829014
2002.0479,20.53,19.241602
2002.0507,19.930000000000003,20.911692
2002.0534,23.730000000000004,20.398947
2002.0562,24.829999999999995,23.30777
2002.0589,25.530000000000005,24.245993
2002.0616,25.630000000000003,25.092113
2002.0644,24.429999999999996,25.266317
2002.0671,24.03,24.402386
2002.0699,23.830000000000002,24.002157
2002.0726,23.330000000000005,23.924448
2002.0753,27.030000000000005,23.496265
2002.0781,19.329999999999995,26.586508
2002.0808,11.929999999999996,20.497887
2002.0836,14.830000000000002,15.407084
2002.0863,13.23,17.16615
2002.089,14.029999999999994,15.754405
2002.0918,10.830000000000004,16.290257
2002.0945,15.329999999999998,13.889877
2002.0973,18.030000000000005,17.121063
2002.1,11.53,18.959526
2002.1027,19.229999999999997,14.357534
2002.1055,24.629999999999995,19.709812
2002.1082,26.33,23.589033
2002.111,26.33,25.335773
2002.1137,29.030000000000005,25.429283
2002.1164,23.129999999999995,27.812098
2002.1192,18.430000000000003,23.202377
2002.1219,15.930000000000007,19.937553
2002.1247,13.729999999999995,17.712189
2002.1274,20.130000000000003,16.168484
2002.1301,20.83,20.742975
2002.1329,21.129999999999995,21.086098
2002.1356,23.03000000000001,21.4872
2002.1384,22.729999999999997,22.900803
2002.1411,21.429999999999993,22.82963
2002.1438,30.230000000000008,21.854013
2002.1466,28.729999999999993,28.914412
2002.1493,26.33,27.666628
2002.1521,21.930000000000003,26.262897
2002.1548,24.33,22.636242
2002.1575,23.830000000000002,24.662859
2002.1603,26.13,24.057327
2002.163,20.63,26.046886
2002.1658,19.229999999999997,21.45158
2002.1685,18.93,20.718214
2002.1712,20.63,20.212286
2002.174,28.229999999999997,21.473776
2002.1767,30.830000000000005,27.326195
2002.1795,25.73,29.57582
2002.1822,18.83,25.75372
2002.1849,22.529999999999998,20.59553
2002.1877,19.029999999999998,23.148441
2002.1904,14.230000000000006,20.284004
2002.1932,17.82999999999999,16.90038
2002.1959,13.23,19.313097
2002.1986,11.629999999999997,15.942789
2002.2014,11.929999999999996,14.960264
2002.2041,11.43,14.83126
2002.2068,19.630000000000006,14.3317995
2002.2096,22.23,20.14849
2002.2123,25.530000000000005,21.825539
2002.2151,21.82999999999999,24.631666
2002.2178,17.729999999999993,21.951235
2002.2205,13.429999999999998,19.19182
2002.2233,9.330000000000002,15.970003
2002.226,18.430000000000003,12.962417
2002.2288,22.929999999999996,19.163353
2002.2315,23.730000000000004,22.373512
2002.2342,26.930000000000007,23.307013
2002.237,27.130000000000006,26.031282
2002.2397,19.129999999999995,26.483429
2002.2425,16.73,20.35187
2002.2452,16.030000000000005,18.565107
2002.2479,15.930000000000007,17.695751
2002.2507,17.82999999999999,17.779116
2002.2534,17.929999999999993,19.14094
2002.2562,16.83,19.189173
2002.2589,21.229999999999993,18.512201
2002.2616,20.130000000000003,21.746323
2002.2644,14.029999999999994,20.731667
2002.2671,15.730000000000008,16.449305
2002.2699,17.529999999999994,17.569292
2002.2726,20.929999999999996,18.742954
2002.2753,25.029999999999994,21.274391
2002.2781,26.33,24.385008
2002.2808,27.83,25.650072
2002.2836,28.929999999999993,27.21025
2002.2863,22.729999999999997,28.202066
2002.289,23.430000000000007,23.139347
2002.2918,23.129999999999995,23.854887
2002.2945,23.129999999999995,23.459755
2002.2973,23.93,23.611362
2002.3,21.530000000000005,24.21489
2002.3027,23.230000000000008,22.3433
2002.3055,25.129999999999992,23.781145
2002.3082,28.029999999999998,25.276106
2002.311,26.930000000000007,27.568676
2002.3137,29.83,26.755436
2002.3164,34.43000000000001,29.310722
2002.3192,33.63000000000001,33.085896
2002.3219,28.329999999999995,32.61827
2002.3247,27.53,28.466043
2002.3274,28.929999999999993,27.898382
2002.3301,27.53,28.933737
2002.3329,27.53,27.759365
2002.3356,27.83,27.716492
2002.3384,29.63,27.959297
2002.3411,28.229999999999997,29.514647
2002.3438,23.730000000000004,28.380136
2002.3466,24.429999999999996,24.708508
2002.3493,28.029999999999998,25.259802
2002.3521,28.13,28.074512
2002.3548,26.429999999999996,28.136793
2002.3575,29.43,26.820547
2002.3603,34.63,29.302763
2002.363,30.230000000000008,33.573116
2002.3658,31.130000000000003,30.077475
2002.3685,30.930000000000003,30.879961
2002.3712,32.23,30.61833
2002.374,28.229999999999997,31.85475
2002.3767,29.230000000000004,28.522629
2002.3795,24.03,29.360546
2002.3822,26.629999999999995,25.022903
2002.3849,29.230000000000004,27.297377
2002.3877,33.03,29.080116
2002.3904,33.22999999999999,32.26636
2002.3932,33.63000000000001,32.461853
2002.3959,31.63,33.052994
2002.3986,27.53,31.4084
2002.4014,31.23,28.178776
2002.4041,27.93,31.028204
2002.4068,28.429999999999996,28.274416
2002.4096,26.930000000000007,28.785395
2002.4123,29.53,27.43797
2002.4151,25.73,29.607056
2002.4178,31.030000000000005,26.432861
2002.4205,28.329999999999995,30.83282
2002.4233,28.929999999999993,28.409285
2002.426,32.23,29.181255
2002.4288,30.53000000000001,31.659157
2002.4315,33.22999999999999,30.414215
2002.4342,37.03,32.67681
2002.437,37.13000000000001,35.774277
2002.4397,29.030000000000005,35.90948
2002.4425,29.929999999999996,29.56803
2002.4452,30.830000000000005,30.277945
2002.4479,33.13,30.792904
2002.4507,35.83,32.69242
2002.4534,39.23,34.801952
2002.4562,34.03000000000001,37.69486
2002.4589,34.830000000000005,33.666653
2002.4616,35.92999999999999,34.497086
2002.4644,24.929999999999993,35.142933
2002.4671,31.330000000000002,26.286726
2002.4699,32.129999999999995,31.501137
2002.4726,29.63,31.75928
2002.4753,32.72999999999999,29.971193
2002.4781,27.130000000000006,32.445896
2002.4808,26.730000000000008,27.851852
2002.4836,25.73,27.688368
2002.4863,30.730000000000004,26.58271
2002.489,22.33,30.527182
2002.4918,28.029999999999998,23.678099
2002.4945,24.429999999999996,28.52267
2002.4973,28.329999999999995,25.198845
2002.5,27.330000000000002,28.740307
2002.5027,28.629999999999995,27.53075
2002.5055,30.930000000000003,28.873354
2002.5082,27.93,30.614119
2002.511,26.53000000000001,28.318682
2002.5137,25.32999999999999,27.136738
2002.5164,29.83,26.189735
2002.5192,29.63,29.721922
2002.5219,28.529999999999994,29.577356
2002.5247,27.230000000000004,28.74875
2002.5274,26.13,27.734808
2002.5301,24.13,26.872564
2002.5329,28.13,25.198444
2002.5356,29.030000000000005,28.312693
2002.5384,34.63,28.95765
2002.5411,33.93000000000001,33.698288
2002.5438,31.43,33.155476
2002.5466,34.230000000000004,31.392046
2002.5493,33.73,33.648582
2002.5521,40.63,33.236122
2002.5548,30.630000000000006,38.824078
2002.5575,34.730000000000004,30.761122
2002.5603,35.03,34.410347
2002.563,37.23,34.380573
2002.5658,35.13,36.3899
2002.5685,26.930000000000007,34.543125
2002.5712,28.529999999999994,28.061186
2002.574,29.53,29.311186
2002.5767,27.130000000000006,29.89773
2002.5795,29.73,27.841173
2002.5822,34.730000000000004,29.952122
2002.5849,36.42999999999999,33.97688
2002.5877,36.42999999999999,35.515205
2002.5904,37.830000000000005,35.62704
2002.5932,35.529999999999994,36.757168
2002.5959,35.73,35.02465
2002.5986,34.830000000000005,35.33203
2002.6014,35.13,34.416447
2002.6041,36.13,34.7314
2002.6068,40.32999999999999,35.5484
2002.6096,42.33,39.011272
2002.6123,42.13,40.60219
2002.6151,38.330000000000005,40.55544
2002.6178,35.92999999999999,37.59107
2002.6205,28.13,35.741467
2002.6233,36.72999999999999,29.300829
2002.626,30.930000000000003,36.228264
2002.6288,36.42999999999999,31.15327
2002.6315,35.33,36.00288
2002.6342,36.029999999999994,34.770466
2002.637,43.63,35.721653
2002.6397,35.83,41.590523
2002.6425,32.029999999999994,35.46494
2002.6452,34.13000000000001,32.512634
2002.6479,35.73,34.123455
2002.6507,34.53,35.27493
2002.6534,34.830000000000005,34.351128
2002.6562,43.029999999999994,34.57717
2002.6589,43.23,41.24132
2002.6616,33.43,41.45497
2002.6644,38.43,33.723133
2002.6671,29.929999999999996,37.691452
2002.6699,33.83,30.679321
2002.6726,35.629999999999995,34.023937
2002.6753,34.53,35.01971
2002.6781,41.03000000000001,34.325096
2002.6808,34.43000000000001,39.6012
2002.6836,28.929999999999993,34.421604
2002.6863,40.43,30.035688
2002.689,37.13000000000001,39.151928
2002.6918,32.42999999999999,36.253056
2002.6945,33.03,32.866512
2002.6973,32.82999999999999,33.145668
2002.7,32.93,32.968807
2002.7027,31.23,33.128353
2002.7055,30.930000000000003,31.593323
2002.7082,35.83,31.240852
2002.711,34.43000000000001,35.33357
2002.7137,31.63,34.08131
2002.7164,30.33000000000001,31.94344
2002.7192,32.42999999999999,30.84946
2002.7219,28.429999999999996,32.533134
2002.7247,27.130000000000006,29.232271
2002.7274,27.93,28.143688
2002.7301,32.63,28.58048
2002.7329,33.22999999999999,32.517765
2002.7356,29.83,32.92218
2002.7384,27.93,30.266378
2002.7411,32.42999999999999,28.761965
2002.7438,31.43,32.403606
2002.7466,28.529999999999994,31.4506
2002.7493,26.730000000000008,29.18813
2002.7521,31.23,27.67521
2002.7548,31.23,31.38986
2002.7575,34.830000000000005,31.271778
2002.7603,28.729999999999993,34.274006
2002.763,24.429999999999996,29.2649
2002.7658,27.230000000000004,26.081884
2002.7685,30.030000000000012,28.082514
2002.7712,30.730000000000004,30.17544
2002.774,27.030000000000005,30.718662
2002.7767,24.529999999999998,27.864904
2002.7795,24.23,25.922087
2002.7822,24.929999999999993,25.603737
2002.7849,25.230000000000004,25.97228
2002.7877,30.53000000000001,26.127174
2002.7904,30.630000000000006,30.456478
2002.7932,32.93,30.56388
2002.7959,34.230000000000004,32.65951
2002.7986,32.029999999999994,33.688015
2002.8014,29.83,32.042316
2002.8041,32.63,30.347408
2002.8068,39.23,32.543575
2002.8096,46.82999999999999,37.77799
2002.8123,39.42999999999999,43.987385
2002.8151,37.93000000000001,38.2965
2002.8178,41.63,37.428394
2002.8205,42.03,40.276264
2002.8233,35.13,40.593037
2002.826,34.53,35.078514
2002.8288,32.029999999999994,34.69449
2002.8315,29.030000000000005,32.54984
2002.8342,25.230000000000004,30.187477
2002.837,25.630000000000003,26.807228
2002.8397,33.22999999999999,27.027498
2002.8425,30.930000000000003,33.072975
2002.8452,32.32999999999999,31.195114
2002.8479,30.53000000000001,32.436558
2002.8507,36.13,30.909443
2002.8534,30.129999999999995,35.690144
2002.8562,32.42999999999999,30.761333
2002.8589,31.83,32.684044
2002.8616,28.029999999999998,31.926693
2002.8644,30.129999999999995,29.137907
2002.8671,33.63000000000001,30.70065
2002.8699,34.63,33.387054
2002.8726,36.53,34.238846
2002.8753,33.22999999999999,35.949898
2002.8781,34.330000000000005,33.247887
2002.8808,28.729999999999993,34.288376
2002.8836,21.029999999999998,29.617847
2002.8863,30.129999999999995,23.53305
2002.889,31.330000000000002,30.577446
2002.8918,28.929999999999993,31.291355
2002.8945,27.130000000000006,29.601326
2002.8973,29.030000000000005,28.14024
2002.9,37.73,29.67418
2002.9027,31.729999999999997,36.73413
2002.9055,26.53000000000001,31.79998
2002.9082,25.530000000000005,27.760796
2002.911,22.529999999999998,26.913889
2002.9137,19.830000000000005,24.474686
2002.9164,25.630000000000003,22.166645
2002.9192,29.43,26.530504
2002.9219,25.32999999999999,29.508621
2002.9247,22.929999999999996,26.4713
2002.9274,19.930000000000003,24.584078
2002.9301,16.230000000000004,21.970469
2002.9329,17.13,19.289225
2002.9356,18.73,19.71087
2002.9384,25.129999999999992,20.571012
2002.9411,23.530000000000005,25.615242
2002.9438,28.629999999999995,24.367016
2002.9466,27.93,28.782682
2002.9493,27.53,28.079494
2002.9521,23.129999999999995,28.055685
2002.9548,21.730000000000004,24.338814
2002.9575,23.430000000000007,23.381514
2002.9603,25.93,24.520424
2002.963,27.030000000000005,26.64935
2002.9658,33.03,27.485592
2002.9685,30.730000000000004,32.505558
2002.9712,27.030000000000005,30.73409
2002.974,27.130000000000006,28.027016
2002.9767,23.93,27.951471
2002.9795,27.030000000000005,25.324402
2002.9822,30.630000000000006,27.808657
2002.9849,34.830000000000005,30.627178
2002.9877,34.330000000000005,34.144253
2002.9904,32.72999999999999,33.964535
2002.9932,31.030000000000005,32.867146
2002.9959,29.53,31.484358
2002.9986,26.930000000000007,30.251223
2003.0014,29.330000000000002,28.023281
2003.0041,34.43000000000001,29.941576
2003.0068,32.029999999999994,34.00251
2003.0096,27.93,32.176476
2003.0123,23.630000000000003,29.041847
2003.0151,19.830000000000005,25.52261
2003.0178,23.129999999999995,22.403963
2003.0205,24.729999999999997,24.78307
2003.0233,24.13,25.754435
2003.026,20.53,25.388098
2003.0288,23.630000000000003,22.622902
2003.0315,27.230000000000004,25.103962
2003.0342,31.63,27.778494
2003.037,34.730000000000004,31.439865
2003.0397,33.53,33.902794
2003.0425,34.43000000000001,33.260273
2003.0452,36.42999999999999,34.158264
2003.0479,32.82999999999999,35.804783
2003.0507,31.030000000000005,32.948715
2003.0534,29.53,31.615345
2003.0562,31.929999999999996,30.308718
2003.0589,31.53,32.255424
2003.0616,25.630000000000003,31.781433
2003.0644,27.430000000000003,27.095203
2003.0671,26.33,28.581553
2003.0699,28.729999999999993,27.524185
2003.0726,33.53,29.472853
2003.0753,34.330000000000005,33.22631
2003.0781,34.730000000000004,34.01807
2003.0808,30.730000000000004,34.564743
2003.0836,26.629999999999995,31.427765
2003.0863,28.229999999999997,28.10176
2003.089,32.32999999999999,29.297922
2003.0918,31.030000000000005,32.45348
2003.0945,29.330000000000002,31.395844
2003.0973,22.130000000000003,30.147442
2003.1,17.029999999999998,24.362608
2003.1027,20.53,20.486683
2003.1055,24.33,22.770159
2003.1082,23.830000000000002,25.439295
2003.111,26.229999999999997,25.078318
2003.1137,27.53,27.093094
2003.1164,25.230000000000004,28.201393
2003.1192,20.330000000000002,26.469107
2003.1219,18.73,22.504395
2003.1247,19.53000000000001,21.1263
2003.1274,22.929999999999996,21.593119
2003.1301,23.530000000000005,24.249887
2003.1329,27.53,24.625277
2003.1356,28.229999999999997,28.002155
2003.1384,25.630000000000003,28.644417
2003.1411,26.03,26.726772
2003.1438,24.23,26.966682
2003.1466,25.32999999999999,25.46138
2003.1493,23.230000000000008,26.41136
2003.1521,25.93,24.71571
2003.1548,24.529999999999998,26.929583
2003.1575,26.03,25.744892
2003.1603,25.129999999999992,27.119474
2003.163,24.629999999999995,26.241795
2003.1658,25.93,25.971756
2003.1685,23.430000000000007,26.899328
2003.1712,21.930000000000003,24.960209
2003.174,25.630000000000003,23.759453
2003.1767,29.63,26.668211
2003.1795,28.929999999999993,29.874607
2003.1822,31.729999999999997,29.443258
2003.1849,32.82999999999999,31.820375
2003.1877,37.73,32.76425
2003.1904,33.93000000000001,36.86329
2003.1932,31.43,33.822598
2003.1959,28.629999999999995,32.006798
2003.1986,24.23,29.69938
2003.2014,19.229999999999997,26.172745
2003.2041,22.729999999999997,22.074432
2003.2068,30.33000000000001,24.62417
2003.2096,25.830000000000002,30.507185
2003.2123,33.83,26.985298
2003.2151,26.13,33.61313
2003.2178,29.030000000000005,27.262835
2003.2205,35.03,30.072262
2003.2233,32.72999999999999,34.52723
2003.226,32.23,32.79742
2003.2288,30.030000000000012,32.563557
2003.2315,30.930000000000003,30.89131
2003.2342,32.42999999999999,31.632006
2003.237,33.93000000000001,32.806194
2003.2397,35.92999999999999,33.933487
2003.2425,37.830000000000005,35.637848
2003.2452,31.63,37.27044
2003.2479,32.23,32.337296
2003.2507,34.830000000000005,32.92028
2003.2534,31.729999999999997,34.8697
2003.2562,31.929999999999996,32.394554
2003.2589,30.630000000000006,32.630486
2003.2616,29.83,31.431248
2003.2644,28.329999999999995,30.865023
2003.2671,27.430000000000003,29.610756
2003.2699,31.43,28.761894
2003.2726,27.93,31.946066
2003.2753,26.829999999999995,29.057808
2003.2781,26.930000000000007,28.274801
2003.2808,26.629999999999995,28.21816
2003.2836,25.73,27.982573
2003.2863,27.83,27.20531
2003.289,31.23,28.876892
2003.2918,26.229999999999997,31.554464
2003.2945,25.430000000000003,27.611563
2003.2973,30.430000000000007,27.086767
2003.3,34.730000000000004,30.94913
2003.3027,36.32999999999999,34.44381
2003.3055,38.43,35.824738
2003.3082,35.73,37.623924
2003.311,31.729999999999997,35.618923
2003.3137,30.33000000000001,32.59468
2003.3164,37.03,31.372063
2003.3192,42.03,36.63285
2003.3219,41.23,40.632694
2003.3247,40.93,40.21619
2003.3274,40.22999999999999,40.09762
2003.3301,36.83,39.60808
2003.3329,33.13,36.938644
2003.3356,36.029999999999994,33.9644
2003.3384,30.630000000000006,36.16612
2003.3411,36.029999999999994,31.73395
2003.3438,40.63,36.25412
2003.3466,33.33,39.704624
2003.3493,33.63000000000001,34.065807
2003.3521,33.43,34.41698
2003.3548,31.330000000000002,34.091106
2003.3575,35.629999999999995,32.34052
2003.3603,31.43,35.732723
2003.363,31.43,32.23683
2003.3658,33.13,32.531384
2003.3685,34.230000000000004,33.74504
2003.3712,30.33000000000001,34.612583
2003.374,33.63000000000001,31.413065
2003.3767,34.53,34.130188
2003.3795,36.93,34.693
2003.3822,38.63,36.810226
2003.3849,34.730000000000004,38.058743
2003.3877,34.330000000000005,35.10592
2003.3904,37.73,34.893986
2003.3932,31.83,37.531128
2003.3959,40.22999999999999,32.73305
2003.3986,35.73,39.57775
2003.4014,33.13,35.784515
2003.4041,34.63,34.04552
2003.4068,34.93,35.038242
2003.4096,36.83,35.28712
2003.4123,40.63,36.78197
2003.4151,35.629999999999995,39.886654
2003.4178,34.53,35.83642
2003.4205,35.33,35.202152
2003.4233,34.230000000000004,35.686123
2003.426,39.23,34.806114
2003.4288,41.43000000000001,38.800907
2003.4315,36.22999999999999,40.53049
2003.4342,37.830000000000005,36.490078
2003.437,34.93,37.903778
2003.4397,32.529999999999994,35.407417
2003.4425,36.029999999999994,33.59803
2003.4452,37.43,36.252453
2003.4479,32.63,37.300915
2003.4507,31.729999999999997,33.54979
2003.4534,33.03,32.87789
2003.4562,32.82999999999999,33.77434
2003.4589,33.22999999999999,33.649235
2003.4616,34.13000000000001,33.88162
2003.4644,38.230000000000004,34.563004
2003.4671,39.03,37.904358
2003.4699,37.23,38.58771
2003.4726,40.32999999999999,37.234978
2003.4753,31.729999999999997,39.759407
2003.4781,36.42999999999999,32.872295
2003.4808,34.13000000000001,36.749874
2003.4836,30.33000000000001,34.616653
2003.4863,32.63,31.728367
2003.489,30.730000000000004,33.475487
2003.4918,35.73,31.865492
2003.4945,38.03000000000001,35.89912
2003.4973,41.730000000000004,37.66375
2003.5,42.13,40.731102
2003.5027,39.92999999999999,41.155838
2003.5055,42.53,39.52462
2003.5082,39.72999999999999,41.600716
2003.511,37.13000000000001,39.411842
2003.5137,36.22999999999999,37.40752
2003.5164,38.03000000000001,36.655914
2003.5192,33.73,38.084133
2003.5219,38.43,34.58656
2003.5247,40.93,38.41358
2003.5274,36.53,40.250748
2003.5301,37.33,36.87786
2003.5329,37.830000000000005,37.554413
2003.5356,40.53,37.84594
2003.5384,39.92999999999999,40.070896
2003.5411,37.33,39.650898
2003.5438,42.83,37.603676
2003.5466,37.03,42.061745
2003.5493,41.23,37.38079
2003.5521,46.43,40.853485
2003.5548,42.230000000000004,44.828503
2003.5575,45.330000000000005,41.593716
2003.5603,45.43000000000001,44.22199
2003.563,43.82999999999999,44.236958
2003.5658,47.029999999999994,42.967323
2003.5685,47.53,45.754185
2003.5712,40.93,46.1007
2003.574,43.93,40.872486
2003.5767,46.23,43.38402
2003.5795,45.53,45.150013
2003.5822,43.23,44.65283
2003.5849,44.13,42.83034
2003.5877,38.230000000000004,43.621952
2003.5904,41.63,38.958073
2003.5932,37.53000000000001,41.693203
2003.5959,41.330000000000005,38.111576
2003.5986,39.33,41.373184
2003.6014,40.43,39.63889
2003.6041,43.129999999999995,40.701954
2003.6068,43.63,42.556847
2003.6096,49.83,43.10672
2003.6123,37.13000000000001,48.167618
2003.6151,46.33,37.983864
2003.6178,52.03,45.33578
2003.6205,44.03,49.934235
2003.6233,44.13,43.469585
2003.626,40.32999999999999,43.625183
2003.6288,37.43,40.510117
2003.6315,41.43000000000001,38.352463
2003.6342,42.03,41.41566
2003.637,42.13,41.50032
2003.6397,42.33,41.903053
2003.6425,36.53,42.23065
2003.6452,34.93,37.54554
2003.6479,37.830000000000005,36.074802
2003.6507,36.029999999999994,38.35994
2003.6534,41.53000000000001,36.909565
2003.6562,39.42999999999999,41.31948
2003.6589,47.32999999999999,39.41475
2003.6616,43.23,46.04588
2003.6644,34.230000000000004,42.630226
2003.6671,35.529999999999994,35.52352
2003.6699,32.23,36.453842
2003.6726,34.03000000000001,33.701767
2003.6753,35.23,35.019115
2003.6781,35.33,35.855827
2003.6808,35.529999999999994,35.968296
2003.6836,37.830000000000005,36.294106
2003.6863,36.93,38.05615
2003.689,34.830000000000005,37.174076
2003.6918,38.93,35.54831
2003.6945,36.63,38.88358
2003.6973,31.729999999999997,36.974483
2003.7,33.93000000000001,33.164818
2003.7027,43.32999999999999,34.848457
