global_index,window_start,window_end,period_actual,period_pred,period_abs_error
20,0,20,1361.84060,1361.83203,0.00857
21,1,21,1361.82700,1361.81921,0.00779
22,2,22,1361.85880,1361.79663,0.06217
23,3,23,1361.90900,1361.86731,0.04169
24,4,24,1361.96140,1361.92639,0.03501
25,5,25,1361.94410,1361.97656,0.03246
26,6,26,1361.93100,1361.90515,0.02585
27,7,27,1361.94570,1361.88391,0.06179
28,8,28,1361.98420,1361.94800,0.03620
29,9,29,1362.03950,1362.01135,0.02815
30,10,30,1362.05060,1362.06433,0.01373
31,11,31,1362.02940,1362.03967,0.01027
32,12,32,1361.99140,1361.97620,0.01520
33,13,33,1361.92780,1361.92932,0.00152
34,14,34,1361.91450,1361.86169,0.05281
35,15,35,1361.95910,1361.89148,0.06762
36,16,36,1362.04370,1361.98535,0.05835
37,17,37,1362.14610,1362.07812,0.06797
38,18,38,1362.19790,1362.17883,0.01907
39,19,39,1362.17090,1362.20715,0.03625
40,20,40,1362.09400,1362.12598,0.03198
41,21,41,1361.94260,1362.01160,0.06900
42,22,42,1361.78130,1361.82605,0.04475
43,23,43,1361.77910,1361.67041,0.10869
44,24,44,1361.79000,1361.77771,0.01229
45,25,45,1361.78570,1361.80872,0.02302
46,26,46,1361.70100,1361.75183,0.05083
47,27,47,1361.44180,1361.58630,0.14450
48,28,48,1361.03890,1361.26074,0.22184
49,29,49,1360.53690,1360.65942,0.12252
50,30,50,1360.08390,1360.20215,0.11825
51,31,51,1360.01260,1359.93567,0.07693
52,32,52,1359.92280,1359.96179,0.03899
53,33,53,1360.08930,1360.02710,0.06220
54,34,54,1360.28390,1360.28711,0.00321
55,35,55,1360.52960,1360.55042,0.02082
56,36,56,1360.82500,1360.82288,0.00212
57,37,57,1361.09510,1361.09729,0.00219
58,38,58,1361.40370,1361.39246,0.01124
59,39,59,1361.72900,1361.67188,0.05713
60,40,60,1362.06660,1361.95117,0.11543
61,41,61,1362.23540,1362.23730,0.00190
62,42,62,1362.29540,1362.31165,0.01625
63,43,63,1362.22300,1362.29919,0.07619
64,44,64,1362.02380,1362.16113,0.13733
65,45,65,1361.77380,1361.85706,0.08326
66,46,66,1361.59970,1361.60107,0.00137
67,47,67,1361.62120,1361.54700,0.07420
68,48,68,1361.65310,1361.66382,0.01072
69,49,69,1361.72930,1361.69202,0.03728
70,50,70,1361.78580,1361.73694,0.04886
71,51,71,1361.83120,1361.78442,0.04678
72,52,72,1361.77860,1361.83887,0.06027
73,53,73,1361.64490,1361.72083,0.07593
74,54,74,1361.46650,1361.53601,0.06951
75,55,75,1361.34460,1361.34680,0.00220
76,56,76,1361.22800,1361.25220,0.02420
77,57,77,1361.29470,1361.15515,0.13955
78,58,78,1361.45920,1361.35632,0.10288
79,59,79,1361.66400,1361.61243,0.05157
80,60,80,1361.87450,1361.80652,0.06798
81,61,81,1362.00200,1361.99023,0.01177
82,62,82,1362.06070,1362.04553,0.01517
83,63,83,1361.96190,1362.07544,0.11354
84,64,84,1361.87940,1361.88440,0.00500
85,65,85,1361.72330,1361.78259,0.05929
86,66,86,1361.63270,1361.61475,0.01795
87,67,87,1361.65430,1361.58594,0.06836
88,68,88,1361.81520,1361.67908,0.13612
89,69,89,1361.84910,1361.88354,0.03444
90,70,90,1361.80470,1361.85962,0.05492
91,71,91,1361.71680,1361.73438,0.01758
92,72,92,1361.64100,1361.63342,0.00758
93,73,93,1361.46850,1361.58850,0.12000
94,74,94,1361.26870,1361.37305,0.10435
95,75,95,1361.05220,1361.10449,0.05229
96,76,96,1360.85350,1360.86426,0.01076
97,77,97,1360.67520,1360.67908,0.00388
98,78,98,1360.56960,1360.58923,0.01963
99,79,99,1360.66650,1360.55444,0.11206
100,80,100,1360.75670,1360.79211,0.03541
101,81,101,1360.96140,1360.93457,0.02683
102,82,102,1361.18590,1361.13245,0.05345
103,83,103,1361.40370,1361.39294,0.01076
104,84,104,1361.54490,1361.56470,0.01980
105,85,105,1361.55390,1361.62512,0.07122
106,86,106,1361.52330,1361.55103,0.02773
107,87,107,1361.54470,1361.49524,0.04946
108,88,108,1361.57500,1361.55811,0.01689
109,89,109,1361.60720,1361.59167,0.01553
110,90,110,1361.62570,1361.61243,0.01327
111,91,111,1361.66530,1361.62195,0.04335
112,92,112,1361.74140,1361.67017,0.07123
113,93,113,1361.76550,1361.76660,0.00110
114,94,114,1361.75260,1361.76941,0.01681
115,95,115,1361.75230,1361.71533,0.03697
116,96,116,1361.76030,1361.72925,0.03105
117,97,117,1361.73310,1361.75537,0.02227
118,98,118,1361.69520,1361.69067,0.00453
119,99,119,1361.69330,1361.64832,0.04498
120,100,120,1361.81070,1361.68335,0.12735
121,101,121,1361.98660,1361.86768,0.11892
122,102,122,1362.08870,1362.07471,0.01399
123,103,123,1362.20940,1362.13403,0.07537
124,104,124,1362.12430,1362.24780,0.12350
125,105,125,1361.91780,1362.05383,0.13603
126,106,126,1361.68920,1361.73193,0.04273
127,107,127,1361.54880,1361.49231,0.05649
128,108,128,1361.49180,1361.50305,0.01125
129,109,129,1361.50230,1361.49219,0.01011
130,110,130,1361.57290,1361.51819,0.05471
131,111,131,1361.65300,1361.59656,0.05644
132,112,132,1361.70170,1361.66870,0.03300
133,113,133,1361.62290,1361.70251,0.07961
134,114,134,1361.55040,1361.55640,0.00600
135,115,135,1361.62240,1361.49646,0.12594
136,116,136,1361.66890,1361.67297,0.00407
137,117,137,1361.61180,1361.70300,0.09120
138,118,138,1361.57850,1361.56421,0.01429
139,119,139,1361.55480,1361.53760,0.01720
140,120,140,1361.60280,1361.54089,0.06191
141,121,141,1361.59990,1361.63489,0.03499
142,122,142,1361.57270,1361.60205,0.02935
143,123,143,1361.56220,1361.54138,0.02082
144,124,144,1361.55240,1361.54224,0.01016
145,125,145,1361.47070,1361.53845,0.06775
146,126,146,1361.37390,1361.42480,0.05090
147,127,147,1361.28300,1361.30347,0.02047
148,128,148,1361.28170,1361.23621,0.04549
149,129,149,1361.32560,1361.29431,0.03129
150,130,150,1361.34060,1361.37415,0.03355
151,131,151,1361.34140,1361.36438,0.02298
152,132,152,1361.31860,1361.33313,0.01453
153,133,153,1361.29860,1361.29333,0.00527
154,134,154,1361.37720,1361.28564,0.09156
155,135,155,1361.46170,1361.42200,0.03970
156,136,156,1361.61710,1361.52026,0.09684
157,137,157,1361.82140,1361.69250,0.12890
158,138,158,1362.03120,1361.91101,0.12019
159,139,159,1362.25810,1362.12573,0.13237
160,140,160,1362.33460,1362.33887,0.00427
161,141,161,1362.25460,1362.33411,0.07951
162,142,162,1362.14010,1362.18591,0.04581
163,143,163,1362.04530,1362.03955,0.00575
164,144,164,1361.92780,1361.97388,0.04608
165,145,165,1361.82900,1361.85999,0.03099
166,146,166,1361.78590,1361.75781,0.02809
167,147,167,1361.79820,1361.73730,0.06090
168,148,168,1361.86380,1361.79456,0.06924
169,149,169,1361.85800,1361.87695,0.01895
170,150,170,1361.81380,1361.82166,0.00786
171,151,171,1361.78340,1361.73450,0.04890
172,152,172,1361.76760,1361.73096,0.03664
173,153,173,1361.77630,1361.74976,0.02654
174,154,174,1361.82150,1361.77686,0.04464
175,155,175,1361.89370,1361.84290,0.05080
176,156,176,1361.98250,1361.92444,0.05806
177,157,177,1362.05330,1362.02051,0.03279
178,158,178,1362.10280,1362.08325,0.01955
179,159,179,1362.17120,1362.11975,0.05145
180,160,180,1362.24220,1362.19714,0.04506
181,161,181,1362.16880,1362.25464,0.08584
182,162,182,1362.03180,1362.09729,0.06549
183,163,183,1361.94830,1361.89563,0.05267
184,164,184,1361.91830,1361.86768,0.05062
185,165,185,1361.85440,1361.89355,0.03915
186,166,186,1361.83330,1361.81055,0.02275
187,167,187,1361.82630,1361.78125,0.04505
188,168,188,1361.76750,1361.80054,0.03304
189,169,189,1361.63990,1361.70264,0.06274
190,170,190,1361.52010,1361.52881,0.00871
191,171,191,1361.45060,1361.44092,0.00968
192,172,192,1361.38710,1361.42566,0.03856
193,173,193,1361.22900,1361.36609,0.13709
194,174,194,1361.07420,1361.11731,0.04311
195,175,195,1360.79130,1360.95203,0.16073
196,176,196,1360.50490,1360.56836,0.06346
197,177,197,1360.33760,1360.29846,0.03914
198,178,198,1360.23470,1360.25366,0.01896
199,179,199,1360.23140,1360.24951,0.01811
200,180,200,1360.41420,1360.31543,0.09877
201,181,201,1360.80880,1360.65710,0.15170
202,182,202,1361.19920,1361.17688,0.02232
203,183,203,1361.62320,1361.54907,0.07413
204,184,204,1361.93120,1361.88184,0.04936
205,185,205,1362.10140,1362.05981,0.04159
206,186,206,1362.14730,1362.14307,0.00423
207,187,207,1362.16610,1362.18250,0.01640
208,188,208,1362.09760,1362.17859,0.08099
209,189,209,1361.97260,1362.02795,0.05535
210,190,210,1361.86430,1361.86377,0.00053
211,191,211,1361.82030,1361.78027,0.04003
212,192,212,1361.84860,1361.78772,0.06088
213,193,213,1361.89240,1361.87183,0.02057
214,194,214,1361.91490,1361.91138,0.00352
215,195,215,1361.90290,1361.91101,0.00811
216,196,216,1361.81010,1361.86487,0.05477
217,197,217,1361.63710,1361.72961,0.09251
218,198,218,1361.47470,1361.49768,0.02298
219,199,219,1361.35300,1361.37463,0.02163
220,200,220,1361.41880,1361.29077,0.12803
221,201,221,1361.56470,1361.47083,0.09387
222,202,222,1361.76790,1361.67590,0.09200
223,203,223,1361.90860,1361.88159,0.02701
224,204,224,1361.91900,1361.97778,0.05878
225,205,225,1361.88810,1361.90686,0.01876
226,206,226,1361.87220,1361.83777,0.03443
227,207,227,1361.91780,1361.84131,0.07649
228,208,228,1362.01010,1361.95215,0.05795
229,209,229,1362.09180,1362.06409,0.02771
230,210,230,1362.13290,1362.12927,0.00363
231,211,231,1362.14020,1362.14294,0.00274
232,212,232,1362.12850,1362.12024,0.00826
233,213,233,1361.98310,1362.08911,0.10601
234,214,234,1361.85430,1361.85803,0.00373
235,215,235,1361.57320,1361.72974,0.15654
236,216,236,1361.28040,1361.42456,0.14416
237,217,237,1361.00650,1361.10229,0.09579
238,218,238,1360.86930,1360.88928,0.01998
239,219,239,1360.91830,1360.88196,0.03634
240,220,240,1361.15020,1361.05542,0.09478
241,221,241,1361.52390,1361.34216,0.18174
242,222,242,1361.90610,1361.79138,0.11472
243,223,243,1362.06230,1362.10815,0.04585
244,224,244,1361.98380,1362.05823,0.07443
245,225,245,1361.73060,1361.88318,0.15258
246,226,246,1361.43460,1361.57776,0.14316
247,227,247,1361.20890,1361.20996,0.00106
248,228,248,1361.06750,1361.11401,0.04651
249,229,249,1361.15470,1361.05676,0.09794
250,230,250,1361.24390,1361.28235,0.03845
251,231,251,1361.49120,1361.42175,0.06945
252,232,252,1361.67530,1361.65039,0.02491
253,233,253,1361.77990,1361.80090,0.02100
254,234,254,1361.81610,1361.77832,0.03778
255,235,255,1361.79790,1361.77563,0.02227
256,236,256,1361.71600,1361.75525,0.03925
257,237,257,1361.54890,1361.64771,0.09881
258,238,258,1361.39080,1361.43066,0.03986
259,239,259,1361.22040,1361.26685,0.04645
260,240,260,1360.97100,1361.10229,0.13129
261,241,261,1360.70740,1360.74634,0.03894
262,242,262,1360.47250,1360.49963,0.02713
263,243,263,1360.30170,1360.34668,0.04498
264,244,264,1360.20700,1360.22180,0.01480
265,245,265,1360.18170,1360.18933,0.00763
266,246,266,1360.14090,1360.20898,0.06808
267,247,267,1360.20830,1360.15833,0.04997
268,248,268,1360.31880,1360.25293,0.06587
269,249,269,1360.48910,1360.44507,0.04403
270,250,270,1360.68940,1360.67566,0.01374
271,251,271,1360.93460,1360.90735,0.02725
272,252,272,1361.13820,1361.17944,0.04124
273,253,273,1361.34340,1361.35791,0.01451
274,254,274,1361.47580,1361.50256,0.02676
275,255,275,1361.52930,1361.56360,0.03430
276,256,276,1361.57970,1361.55249,0.02721
277,257,277,1361.62430,1361.59436,0.02994
278,258,278,1361.70790,1361.63513,0.07277
279,259,279,1361.81050,1361.72998,0.08052
280,260,280,1361.85270,1361.84570,0.00700
281,261,281,1361.90930,1361.86353,0.04577
282,262,282,1361.91750,1361.92151,0.00401
283,263,283,1361.91700,1361.90710,0.00990
284,264,284,1361.91480,1361.89075,0.02405
285,265,285,1361.81970,1361.89380,0.07410
286,266,286,1361.70110,1361.72095,0.01985
287,267,287,1361.61960,1361.57239,0.04721
288,268,288,1361.60540,1361.56226,0.04314
289,269,289,1361.60130,1361.60828,0.00698
290,270,290,1361.71080,1361.60840,0.10240
291,271,291,1361.86780,1361.76147,0.10633
292,272,292,1361.99820,1361.94556,0.05264
293,273,293,1362.13290,1362.05725,0.07565
294,274,294,1362.27360,1362.18750,0.08610
295,275,295,1362.34440,1362.31201,0.03239
296,276,296,1362.20570,1362.33521,0.12951
297,277,297,1362.08760,1362.10486,0.01726
298,278,298,1361.95280,1361.96204,0.00924
299,279,299,1361.74130,1361.86523,0.12393
300,280,300,1361.55410,1361.62219,0.06809
301,281,301,1361.34500,1361.45557,0.11057
302,282,302,1361.08030,1361.24622,0.16592
303,283,303,1360.67640,1360.95996,0.28356
304,284,304,1360.71000,1360.56604,0.14396
305,285,305,1360.73760,1360.79321,0.05561
306,286,306,1360.81200,1360.87830,0.06630
307,287,307,1360.90790,1360.88928,0.01862
308,288,308,1360.95560,1360.95190,0.00370
309,289,309,1360.90470,1360.98206,0.07736
310,290,310,1361.16200,1360.87939,0.28261
311,291,311,1361.43760,1361.31201,0.12559
312,292,312,1361.55990,1361.64783,0.08793
313,293,313,1361.69140,1361.64478,0.04662
314,294,314,1361.62680,1361.72888,0.10208
315,295,315,1361.53150,1361.58264,0.05114
316,296,316,1361.55820,1361.46851,0.08969
317,297,317,1361.77020,1361.58167,0.18853
318,298,318,1361.97550,1361.87354,0.10196
319,299,319,1362.13900,1362.08508,0.05392
320,300,320,1362.16070,1362.21094,0.05024
321,301,321,1362.20220,1362.15674,0.04546
322,302,322,1362.25560,1362.21533,0.04027
323,303,323,1362.20180,1362.27283,0.07103
324,304,324,1362.37670,1362.15247,0.22423
325,305,325,1362.46240,1362.40515,0.05725
326,306,326,1362.48020,1362.44629,0.03391
327,307,327,1362.51840,1362.44153,0.07687
328,308,328,1362.51930,1362.47388,0.04542
329,309,329,1362.54660,1362.46155,0.08505
330,310,330,1362.54070,1362.50061,0.04009
331,311,331,1362.49650,1362.47510,0.02140
332,312,332,1362.41240,1362.41028,0.00212
333,313,333,1362.27540,1362.32227,0.04687
334,314,334,1362.20590,1362.19922,0.00668
335,315,335,1362.38060,1362.15564,0.22496
336,316,336,1362.33230,1362.40454,0.07224
337,317,337,1362.30700,1362.29749,0.00951
338,318,338,1362.19480,1362.23169,0.03689
339,319,339,1362.33660,1362.09558,0.24102
340,320,340,1362.44940,1362.36047,0.08893
341,321,341,1362.40660,1362.43250,0.02590
342,322,342,1362.30560,1362.34143,0.03583
343,323,343,1362.27830,1362.21802,0.06028
344,324,344,1362.27310,1362.22827,0.04483
345,325,345,1362.25380,1362.26123,0.00743
346,326,346,1362.26390,1362.22900,0.03490
347,327,347,1362.20270,1362.24500,0.04230
348,328,348,1361.98820,1362.14514,0.15694
349,329,349,1361.75180,1361.83435,0.08255
350,330,350,1361.54250,1361.58386,0.04136
351,331,351,1361.54070,1361.45056,0.09014
352,332,352,1361.54790,1361.55347,0.00557
353,333,353,1361.72790,1361.58398,0.14392
354,334,354,1361.73860,1361.77124,0.03264
355,335,355,1361.48550,1361.71643,0.23093
356,336,356,1361.58840,1361.32971,0.25869
357,337,357,1361.55200,1361.62524,0.07324
358,338,358,1361.51520,1361.57788,0.06268
359,339,359,1361.51730,1361.48438,0.03292
360,340,360,1361.52790,1361.53833,0.01043
361,341,361,1361.54390,1361.55603,0.01213
362,342,362,1361.59400,1361.55505,0.03895
363,343,363,1361.51750,1361.62000,0.10250
364,344,364,1361.50520,1361.47253,0.03267
365,345,365,1361.40800,1361.48608,0.07808
366,346,366,1361.38500,1361.37207,0.01293
367,347,367,1361.48690,1361.37024,0.11666
368,348,368,1361.59670,1361.56201,0.03469
369,349,369,1361.67090,1361.67200,0.00110
370,350,370,1361.64660,1361.69971,0.05311
371,351,371,1361.44670,1361.61475,0.16805
372,352,372,1361.33810,1361.33472,0.00338
373,353,373,1361.39560,1361.27539,0.12021
374,354,374,1361.25730,1361.44849,0.19119
375,355,375,1361.20460,1361.21118,0.00658
376,356,376,1361.15480,1361.15283,0.00197
377,357,377,1361.11700,1361.15979,0.04279
378,358,378,1361.14600,1361.11060,0.03540
379,359,379,1361.34460,1361.18237,0.16223
380,360,380,1361.44340,1361.45972,0.01632
381,361,381,1361.51390,1361.52234,0.00844
382,362,382,1361.62800,1361.53296,0.09504
383,363,383,1361.57420,1361.65344,0.07924
384,364,384,1361.52990,1361.54053,0.01063
385,365,385,1361.50460,1361.48364,0.02096
386,366,386,1361.54370,1361.49866,0.04504
387,367,387,1361.63200,1361.57227,0.05973
388,368,388,1361.74490,1361.67175,0.07315
389,369,389,1361.83830,1361.79114,0.04716
390,370,390,1361.89810,1361.87268,0.02542
391,371,391,1361.82230,1361.91345,0.09115
392,372,392,1361.76040,1361.74866,0.01174
393,373,393,1361.87030,1361.68250,0.18780
394,374,394,1361.94870,1361.92883,0.01987
395,375,395,1361.95130,1362.00317,0.05187
396,376,396,1361.79470,1361.93030,0.13560
397,377,397,1361.62000,1361.63916,0.01916
398,378,398,1361.39100,1361.45044,0.05944
399,379,399,1361.47400,1361.25208,0.22192
400,380,400,1361.56460,1361.53552,0.02908
401,381,401,1361.64290,1361.66895,0.02605
402,382,402,1361.63140,1361.68152,0.05012
403,383,403,1361.70040,1361.60266,0.09774
404,384,404,1361.75900,1361.70801,0.05099
405,385,405,1361.81640,1361.77515,0.04125
406,386,406,1361.94150,1361.83118,0.11032
407,387,407,1362.09360,1361.99683,0.09677
408,388,408,1362.26440,1362.16736,0.09704
409,389,409,1362.34420,1362.32385,0.02035
410,390,410,1362.42770,1362.34424,0.08346
411,391,411,1362.41320,1362.40552,0.00768
412,392,412,1362.34070,1362.35925,0.01855
413,393,413,1362.17720,1362.25598,0.07878
414,394,414,1361.93040,1362.07080,0.14040
415,395,415,1361.76510,1361.77612,0.01102
416,396,416,1361.61270,1361.66699,0.05429
417,397,417,1361.46540,1361.54919,0.08379
418,398,418,1361.26130,1361.39270,0.13140
419,399,419,1361.18000,1361.15881,0.02119
420,400,420,1361.04460,1361.14612,0.10152
421,401,421,1361.00450,1361.03296,0.02846
422,402,422,1361.12140,1360.99304,0.12836
423,403,423,1361.23970,1361.19153,0.04817
424,404,424,1361.30350,1361.30530,0.00180
425,405,425,1361.21310,1361.34521,0.13211
426,406,426,1361.28000,1361.19019,0.08981
427,407,427,1361.51970,1361.33020,0.18950
428,408,428,1361.64090,1361.65247,0.01157
429,409,429,1361.68430,1361.70776,0.02346
430,410,430,1361.64330,1361.67957,0.03627
431,411,431,1361.61290,1361.59094,0.02196
432,412,432,1361.78100,1361.57715,0.20385
433,413,433,1361.96950,1361.85291,0.11659
434,414,434,1362.09340,1362.06921,0.02419
435,415,435,1362.07870,1362.14734,0.06864
436,416,436,1362.06860,1362.04297,0.02563
437,417,437,1362.08830,1362.01880,0.06950
438,418,438,1362.11190,1362.09863,0.01327
439,419,439,1362.15450,1362.13513,0.01937
440,420,440,1362.24050,1362.17920,0.06130
441,421,441,1362.10850,1362.25989,0.15139
442,422,442,1361.89610,1362.00854,0.11244
443,423,443,1361.73330,1361.70837,0.02493
444,424,444,1361.59090,1361.62390,0.03300
445,425,445,1361.65030,1361.54590,0.10440
446,426,446,1361.68330,1361.68970,0.00640
447,427,447,1361.72770,1361.69604,0.03166
448,428,448,1361.62970,1361.71790,0.08820
449,429,449,1361.48580,1361.53955,0.05375
450,430,450,1361.45870,1361.38208,0.07662
451,431,451,1361.46840,1361.44543,0.02297
452,432,452,1361.47080,1361.49670,0.02590
453,433,453,1361.27330,1361.49512,0.22182
454,434,454,1361.23050,1361.14294,0.08756
455,435,455,1361.19110,1361.17725,0.01385
456,436,456,1361.22550,1361.21655,0.00895
457,437,457,1361.25230,1361.26917,0.01687
458,438,458,1361.33730,1361.31763,0.01967
459,439,459,1361.59370,1361.41199,0.18171
460,440,460,1361.79460,1361.73010,0.06450
461,441,461,1361.80870,1361.90198,0.09328
462,442,462,1361.84700,1361.78870,0.05830
463,443,463,1361.89950,1361.82495,0.07455
464,444,464,1361.80960,1361.92273,0.11313
465,445,465,1361.75110,1361.74182,0.00928
466,446,466,1361.78470,1361.66968,0.11502
467,447,467,1361.91310,1361.80859,0.10451
468,448,468,1361.96600,1361.97839,0.01239
469,449,469,1361.82850,1361.99231,0.16381
470,450,470,1361.74700,1361.69958,0.04742
471,451,471,1361.67800,1361.63367,0.04433
472,452,472,1361.85260,1361.64294,0.20966
473,453,473,1362.00470,1361.93921,0.06549
474,454,474,1361.96790,1362.10327,0.13537
475,455,475,1361.94340,1361.92065,0.02275
476,456,476,1361.94940,1361.87134,0.07806
477,457,477,1361.93920,1361.93945,0.00025
478,458,478,1361.88790,1361.92358,0.03568
479,459,479,1361.85170,1361.82349,0.02821
480,460,480,1361.79040,1361.78943,0.00097
481,461,481,1361.71080,1361.72974,0.01894
482,462,482,1361.66370,1361.63708,0.02662
483,463,483,1361.57640,1361.61938,0.04298
484,464,484,1361.50500,1361.52283,0.01783
485,465,485,1361.47190,1361.45947,0.01243
486,466,486,1361.55370,1361.45959,0.09411
487,467,487,1361.64450,1361.61023,0.03427
488,468,488,1361.82350,1361.69788,0.12562
489,469,489,1361.87410,1361.89783,0.02373
490,470,490,1361.79330,1361.89465,0.10135
491,471,491,1361.71060,1361.71692,0.00632
492,472,492,1361.57670,1361.63452,0.05782
493,473,493,1361.40960,1361.50549,0.09589
494,474,494,1361.33810,1361.30530,0.03280
495,475,495,1361.27200,1361.25867,0.01333
496,476,496,1361.10460,1361.25916,0.15456
497,477,497,1361.06380,1360.99292,0.07088
498,478,498,1361.05440,1361.02917,0.02523
499,479,499,1361.03130,1361.09412,0.06282
500,480,500,1360.94300,1361.03040,0.08740
501,481,501,1361.08410,1360.89160,0.19250
502,482,502,1361.22580,1361.17639,0.04941
503,483,503,1361.48460,1361.34119,0.14341
504,484,504,1361.69580,1361.62854,0.06726
505,485,505,1361.73770,1361.81165,0.07395
506,486,506,1361.67960,1361.71863,0.03903
507,487,507,1361.65620,1361.60254,0.05366
508,488,508,1361.68520,1361.62634,0.05886
509,489,509,1361.59360,1361.71265,0.11905
510,490,510,1361.51180,1361.53723,0.02543
511,491,511,1361.46390,1361.42944,0.03446
512,492,512,1361.39790,1361.43726,0.03936
513,493,513,1361.35380,1361.36267,0.00887
514,494,514,1361.30390,1361.32886,0.02496
515,495,515,1361.18350,1361.27856,0.09506
516,496,516,1361.09690,1361.11572,0.01882
517,497,517,1360.97120,1361.04980,0.07860
518,498,518,1360.84410,1360.90735,0.06325
519,499,519,1360.60630,1360.74402,0.13772
520,500,520,1360.27080,1360.43152,0.16072
521,501,521,1359.77480,1360.03308,0.25828
522,502,522,1359.34290,1359.45532,0.11242
523,503,523,1359.10260,1359.09705,0.00555
524,504,524,1359.00110,1358.99561,0.00549
525,505,525,1359.18350,1359.05334,0.13016
526,506,526,1359.33280,1359.36255,0.02975
527,507,527,1359.67900,1359.61731,0.06169
528,508,528,1360.06040,1360.00098,0.05942
529,509,529,1360.40140,1360.39099,0.01041
530,510,530,1360.72370,1360.74683,0.02313
531,511,531,1361.03430,1361.02185,0.01245
532,512,532,1361.20300,1361.26807,0.06507
533,513,533,1361.15340,1361.31226,0.15886
534,514,534,1361.10570,1361.11670,0.01100
535,515,535,1361.03440,1361.05090,0.01650
536,516,536,1360.94580,1360.95740,0.01160
537,517,537,1360.77590,1360.85449,0.07859
538,518,538,1360.63150,1360.66895,0.03745
539,519,539,1360.66670,1360.61060,0.05610
540,520,540,1360.86770,1360.81458,0.05312
541,521,541,1361.18720,1361.11475,0.07245
542,522,542,1361.50930,1361.47620,0.03310
543,523,543,1361.81110,1361.68091,0.13019
544,524,544,1361.88520,1361.80469,0.08051
545,525,545,1361.67840,1361.77002,0.09162
546,526,546,1361.46040,1361.51501,0.05461
547,527,547,1361.29010,1361.34937,0.05927
548,528,548,1361.21190,1361.20105,0.01085
549,529,549,1361.25110,1361.18738,0.06372
550,530,550,1361.29400,1361.29883,0.00483
551,531,551,1361.51250,1361.35461,0.15789
552,532,552,1361.61980,1361.63831,0.01851
553,533,553,1361.63650,1361.70239,0.06589
554,534,554,1361.64180,1361.61572,0.02608
555,535,555,1361.56500,1361.58630,0.02130
556,536,556,1361.41990,1361.49316,0.07326
557,537,557,1361.48010,1361.34424,0.13586
558,538,558,1361.54810,1361.51050,0.03760
559,539,559,1361.66390,1361.61084,0.05306
560,540,560,1361.77610,1361.71973,0.05637
561,541,561,1361.81720,1361.82629,0.00909
562,542,562,1361.86760,1361.82751,0.04009
563,543,563,1361.81160,1361.87817,0.06657
564,544,564,1361.71100,1361.75171,0.04071
565,545,565,1361.49680,1361.61475,0.11795
566,546,566,1361.29060,1361.34595,0.05535
567,547,567,1361.01390,1361.12109,0.10719
568,548,568,1360.86130,1360.76819,0.09311
569,549,569,1360.67180,1360.68555,0.01375
570,550,570,1360.99740,1360.64246,0.35494
571,551,571,1361.19350,1361.19263,0.00087
572,552,572,1361.22730,1361.38794,0.16064
573,553,573,1361.26450,1361.27759,0.01309
574,554,574,1361.42590,1361.23657,0.18933
575,555,575,1361.60040,1361.47485,0.12555
576,556,576,1361.72140,1361.67749,0.04391
577,557,577,1361.71330,1361.75293,0.03963
578,558,578,1361.70470,1361.69360,0.01110
579,559,579,1361.63110,1361.67224,0.04114
580,560,580,1361.72450,1361.58203,0.14247
581,561,581,1361.83010,1361.76733,0.06277
582,562,582,1361.94630,1361.88428,0.06202
583,563,583,1361.99140,1361.99500,0.00360
584,564,584,1362.04900,1362.00305,0.04595
585,565,585,1362.16100,1362.06323,0.09777
586,566,586,1362.20700,1362.21655,0.00955
587,567,587,1362.21260,1362.23511,0.02251
588,568,588,1362.10740,1362.20044,0.09304
589,569,589,1362.02130,1362.00549,0.01581
590,570,590,1361.89400,1361.93164,0.03764
591,571,591,1361.93880,1361.80701,0.13179
592,572,592,1362.06230,1361.95190,0.11040
593,573,593,1362.10420,1362.10974,0.00554
594,574,594,1362.12660,1362.10400,0.02260
595,575,595,1362.00960,1362.09998,0.09038
596,576,596,1361.77730,1361.89062,0.11333
597,577,597,1361.55810,1361.57825,0.02015
598,578,598,1361.58320,1361.42615,0.15705
599,579,599,1361.66870,1361.61194,0.05676
600,580,600,1361.60870,1361.73010,0.12140
601,581,601,1361.39020,1361.55200,0.16180
602,582,602,1361.01740,1361.20886,0.19146
603,583,603,1360.61990,1360.69775,0.07785
604,584,604,1360.28980,1360.30811,0.01831
605,585,605,1359.94630,1360.09473,0.14843
606,586,606,1359.77650,1359.74377,0.03273
607,587,607,1359.70760,1359.69824,0.00936
608,588,608,1359.75910,1359.78503,0.02593
609,589,609,1359.99340,1359.89673,0.09667
610,590,610,1360.33940,1360.26880,0.07060
611,591,611,1360.80740,1360.74316,0.06424
612,592,612,1361.27350,1361.22009,0.05341
613,593,613,1361.74370,1361.66638,0.07732
614,594,614,1362.02270,1362.04626,0.02356
615,595,615,1362.17400,1362.15601,0.01799
616,596,616,1362.26120,1362.21997,0.04123
617,597,617,1362.34580,1362.30359,0.04221
618,598,618,1362.36910,1362.35156,0.01754
619,599,619,1362.38870,1362.34460,0.04410
620,600,620,1362.25370,1362.35852,0.10482
621,601,621,1362.14040,1362.14514,0.00474
622,602,622,1361.86640,1361.98267,0.11627
623,603,623,1361.51590,1361.65894,0.14304
624,604,624,1361.24880,1361.28882,0.04002
625,605,625,1361.09970,1361.09045,0.00925
626,606,626,1361.09520,1361.12793,0.03273
627,607,627,1361.36440,1361.22717,0.13723
628,608,628,1361.56430,1361.59595,0.03165
629,609,629,1361.77350,1361.74353,0.02997
630,610,630,1361.85890,1361.84180,0.01710
631,611,631,1361.82580,1361.81604,0.00976
632,612,632,1361.60620,1361.75586,0.14966
633,613,633,1361.54400,1361.48071,0.06329
634,614,634,1361.44600,1361.49817,0.05217
635,615,635,1361.44990,1361.44849,0.00141
636,616,636,1361.67830,1361.46167,0.21663
637,617,637,1361.91790,1361.81604,0.10186
638,618,638,1362.07000,1362.06604,0.00396
639,619,639,1362.08140,1362.14490,0.06350
640,620,640,1361.95140,1362.07190,0.12050
641,621,641,1361.85850,1361.83948,0.01902
642,622,642,1361.82380,1361.76318,0.06062
643,623,643,1361.84520,1361.80017,0.04503
644,624,644,1361.93510,1361.86426,0.07084
645,625,645,1362.04100,1361.97424,0.06676
646,626,646,1362.11540,1362.07593,0.03947
647,627,647,1361.96250,1362.13452,0.17202
648,628,648,1361.92640,1361.84131,0.08509
649,629,649,1361.80300,1361.83618,0.03318
650,630,650,1361.61840,1361.72852,0.11012
651,631,651,1361.56760,1361.50122,0.06638
652,632,652,1361.52610,1361.51929,0.00681
653,633,653,1361.73680,1361.51978,0.21702
654,634,654,1361.91310,1361.83545,0.07765
655,635,655,1362.06790,1362.01050,0.05740
656,636,656,1362.05860,1362.13513,0.07653
657,637,657,1361.85390,1362.02966,0.17576
658,638,658,1361.51250,1361.69531,0.18281
659,639,659,1361.06720,1361.21069,0.14349
660,640,660,1360.62230,1360.68115,0.05885
661,641,661,1360.38980,1360.42456,0.03476
662,642,662,1360.44780,1360.43201,0.01579
663,643,663,1360.75650,1360.64307,0.11343
664,644,664,1361.05820,1361.03662,0.02158
665,645,665,1361.33340,1361.32446,0.00894
666,646,666,1361.54970,1361.52185,0.02785
667,647,667,1361.63780,1361.59851,0.03929
668,648,668,1361.73650,1361.63184,0.10466
669,649,669,1361.71040,1361.73547,0.02507
670,650,670,1361.76360,1361.69360,0.07000
671,651,671,1361.77920,1361.78491,0.00571
672,652,672,1361.77920,1361.80701,0.02781
673,653,673,1361.79750,1361.76514,0.03236
674,654,674,1361.84730,1361.78931,0.05799
675,655,675,1361.78530,1361.86975,0.08445
676,656,676,1361.73660,1361.73816,0.00156
677,657,677,1361.72150,1361.67151,0.04999
678,658,678,1361.70610,1361.70557,0.00053
679,659,679,1361.73820,1361.69775,0.04045
680,660,680,1361.86640,1361.75659,0.10981
681,661,681,1361.99570,1361.92749,0.06821
682,662,682,1362.12600,1362.06128,0.06472
683,663,683,1362.21370,1362.18945,0.02425
684,664,684,1362.32220,1362.24841,0.07379
685,665,685,1362.26530,1362.33142,0.06612
686,666,686,1362.22510,1362.21448,0.01062
687,667,687,1362.21840,1362.15466,0.06374
688,668,688,1362.16970,1362.19666,0.02696
689,669,689,1362.14840,1362.13171,0.01669
690,670,690,1362.09010,1362.11694,0.02684
691,671,691,1362.02260,1362.02795,0.00535
692,672,692,1361.97260,1361.94727,0.02533
693,673,693,1361.84830,1361.91138,0.06308
694,674,694,1361.82640,1361.74451,0.08189
695,675,695,1361.78930,1361.77051,0.01879
696,676,696,1361.64000,1361.75781,0.11781
697,677,697,1361.53490,1361.52087,0.01403
698,678,698,1361.36950,1361.44067,0.07117
699,679,699,1361.39970,1361.28174,0.11796
700,680,700,1361.43630,1361.41492,0.02138
701,681,701,1361.56020,1361.49451,0.06569
702,682,702,1361.73530,1361.64038,0.09492
703,683,703,1361.90360,1361.83325,0.07035
704,684,704,1362.00510,1361.98535,0.01975
705,685,705,1362.02070,1362.04065,0.01995
706,686,706,1362.04640,1362.01111,0.03529
707,687,707,1362.04920,1362.04797,0.00123
708,688,708,1362.06980,1362.03650,0.03330
709,689,709,1362.00890,1362.06824,0.05934
710,690,710,1361.83630,1361.93176,0.09546
711,691,711,1361.39340,1361.65576,0.26236
712,692,712,1360.74390,1360.95557,0.21167
713,693,713,1360.30030,1360.26807,0.03223
714,694,714,1359.98310,1360.17725,0.19415
715,695,715,1360.21970,1360.09033,0.12937
716,696,716,1360.44160,1360.47021,0.02861
717,697,717,1360.82020,1360.77600,0.04420
718,698,718,1361.07860,1361.08545,0.00685
719,699,719,1361.19500,1361.27002,0.07502
720,700,720,1360.99340,1361.13049,0.13709
721,701,721,1360.59380,1360.70105,0.10725
722,702,722,1360.15280,1360.32935,0.17655
723,703,723,1359.94680,1359.88110,0.06570
724,704,724,1359.72120,1359.77380,0.05260
725,705,725,1359.83890,1359.74939,0.08951
726,706,726,1360.12180,1360.03711,0.08469
727,707,727,1360.43800,1360.44763,0.00963
728,708,728,1360.70590,1360.82605,0.12015
729,709,729,1360.84760,1360.91003,0.06243
730,710,730,1360.79410,1360.91724,0.12314
731,711,731,1360.73600,1360.74524,0.00924
732,712,732,1360.80940,1360.69775,0.11165
733,713,733,1360.87070,1360.83130,0.03940
734,714,734,1361.09570,1360.90991,0.18579
735,715,735,1361.35360,1361.24353,0.11007
736,716,736,1361.60020,1361.54773,0.05247
737,717,737,1361.77690,1361.74048,0.03642
738,718,738,1361.82070,1361.83325,0.01255
739,719,739,1361.87830,1361.81702,0.06128
740,720,740,1361.80230,1361.86792,0.06562
741,721,741,1361.54890,1361.67920,0.13030
742,722,742,1361.21260,1361.30591,0.09331
743,723,743,1360.92090,1360.87683,0.04407
744,724,744,1360.79820,1360.69336,0.10484
745,725,745,1360.95400,1360.76562,0.18837
746,726,746,1361.08110,1361.14294,0.06184
747,727,747,1361.20880,1361.24341,0.03461
748,728,748,1361.43640,1361.29541,0.14099
749,729,749,1361.61630,1361.55029,0.06601
750,730,750,1361.73680,1361.67676,0.06004
751,731,751,1361.73890,1361.73938,0.00048
752,732,752,1361.71190,1361.68921,0.02269
753,733,753,1361.63110,1361.66028,0.02918
754,734,754,1361.46660,1361.57764,0.11104
755,735,755,1361.30960,1361.37061,0.06101
756,736,756,1360.85620,1361.17371,0.31751
757,737,757,1360.06710,1360.46729,0.40019
758,738,758,1359.51250,1359.56897,0.05647
759,739,759,1359.36390,1359.32190,0.04200
760,740,760,1359.42520,1359.38416,0.04104
761,741,761,1359.83030,1359.67407,0.15623
762,742,762,1360.24220,1360.16199,0.08021
763,743,763,1360.63970,1360.63855,0.00115
764,744,764,1360.85030,1360.87903,0.02873
765,745,765,1360.81470,1360.85168,0.03698
766,746,766,1360.67870,1360.72900,0.05030
767,747,767,1360.65170,1360.64954,0.00216
768,748,768,1360.62550,1360.62085,0.00465
769,749,769,1360.62720,1360.63660,0.00940
770,750,770,1360.77130,1360.67737,0.09393
771,751,771,1360.91050,1360.92163,0.01113
772,752,772,1361.11280,1361.08606,0.02674
773,753,773,1361.36350,1361.31250,0.05100
774,754,774,1361.70330,1361.59912,0.10418
775,755,775,1361.91250,1361.87903,0.03347
776,756,776,1362.00130,1361.89368,0.10762
777,757,777,1361.89990,1361.90649,0.00659
778,758,778,1361.82360,1361.75305,0.07055
779,759,779,1361.76120,1361.74036,0.02084
780,760,780,1361.82770,1361.71411,0.11359
781,761,781,1361.83250,1361.87292,0.04042
782,762,782,1361.68870,1361.83899,0.15029
783,763,783,1361.47980,1361.54553,0.06573
784,764,784,1361.24700,1361.30347,0.05647
785,765,785,1361.12620,1361.07483,0.05137
786,766,786,1361.09840,1361.03845,0.05995
787,767,787,1361.07160,1361.11926,0.04766
788,768,788,1361.22220,1361.11804,0.10416
789,769,789,1361.27670,1361.31677,0.04007
790,770,790,1361.29710,1361.31982,0.02272
791,771,791,1361.31300,1361.28967,0.02333
792,772,792,1361.24560,1361.30127,0.05567
793,773,793,1361.22040,1361.20398,0.01642
794,774,794,1361.20730,1361.21118,0.00388
795,775,795,1361.19720,1361.21838,0.02118
796,776,796,1361.00450,1361.20166,0.19716
797,777,797,1360.91490,1360.91333,0.00157
798,778,798,1360.93030,1360.83557,0.09473
799,779,799,1361.16820,1360.96021,0.20799
800,780,800,1361.50580,1361.31873,0.18707
801,781,801,1361.69850,1361.74817,0.04967
802,782,802,1361.90290,1361.80249,0.10041
803,783,803,1361.81520,1361.89563,0.08043
804,784,804,1361.70570,1361.72412,0.01842
805,785,805,1361.63670,1361.60925,0.02745
806,786,806,1361.55600,1361.59753,0.04153
807,787,807,1361.51340,1361.53296,0.01956
808,788,808,1361.44330,1361.48547,0.04217
809,789,809,1361.35770,1361.40076,0.04306
810,790,810,1361.27770,1361.27380,0.00390
811,791,811,1361.30090,1361.23181,0.06909
812,792,812,1361.38590,1361.31689,0.06901
813,793,813,1361.36880,1361.44238,0.07358
814,794,814,1361.49810,1361.36157,0.13653
815,795,815,1361.58550,1361.55457,0.03093
816,796,816,1361.52940,1361.62952,0.10012
817,797,817,1361.40010,1361.48425,0.08415
818,798,818,1361.27710,1361.30652,0.02942
819,799,819,1361.20160,1361.19409,0.00751
820,800,820,1361.16690,1361.18555,0.01865
821,801,821,1361.16660,1361.17578,0.00918
822,802,822,1361.21620,1361.19580,0.02040
823,803,823,1361.23840,1361.26025,0.02185
824,804,824,1361.25290,1361.25244,0.00046
825,805,825,1361.35610,1361.24927,0.10683
826,806,826,1361.46480,1361.39734,0.06746
827,807,827,1361.59270,1361.51819,0.07451
828,808,828,1361.68970,1361.63635,0.05335
829,809,829,1361.60560,1361.70410,0.09850
830,810,830,1361.54280,1361.53394,0.00886
831,811,831,1361.49750,1361.48462,0.01288
832,812,832,1361.47170,1361.48474,0.01304
833,813,833,1361.51990,1361.46448,0.05542
834,814,834,1361.57650,1361.55518,0.02132
835,815,835,1361.65590,1361.61316,0.04274
836,816,836,1361.56700,1361.68018,0.11318
837,817,837,1361.39730,1361.49829,0.10099
838,818,838,1361.26630,1361.26343,0.00287
839,819,839,1360.98260,1361.16748,0.18488
840,820,840,1360.63260,1360.80078,0.16818
841,821,841,1360.47780,1360.34924,0.12856
842,822,842,1360.31290,1360.34705,0.03415
843,823,843,1360.35400,1360.29810,0.05590
844,824,844,1360.40470,1360.41968,0.01498
845,825,845,1360.47170,1360.54199,0.07029
846,826,846,1360.47080,1360.57373,0.10293
847,827,847,1360.32890,1360.46594,0.13704
848,828,848,1360.12470,1360.18469,0.05999
849,829,849,1359.91640,1359.93005,0.01365
850,830,850,1359.68790,1359.73560,0.04770
851,831,851,1359.50120,1359.52783,0.02663
852,832,852,1359.50120,1359.39661,0.10459
853,833,853,1359.64690,1359.52283,0.12407
854,834,854,1359.75200,1359.80286,0.05086
855,835,855,1360.07860,1359.91455,0.16405
856,836,856,1360.40880,1360.32117,0.08763
857,837,857,1360.73350,1360.70642,0.02708
858,838,858,1361.05260,1360.99231,0.06029
859,839,859,1361.33520,1361.28979,0.04541
860,840,860,1361.64580,1361.48340,0.16240
861,841,861,1361.80070,1361.74792,0.05278
862,842,862,1361.60280,1361.82043,0.21763
863,843,863,1361.53480,1361.48682,0.04798
864,844,864,1361.65980,1361.48157,0.17823
865,845,865,1361.70640,1361.73706,0.03066
866,846,866,1361.76490,1361.74097,0.02393
867,847,867,1361.84860,1361.79712,0.05148
868,848,868,1361.76750,1361.90161,0.13411
869,849,869,1361.66010,1361.71790,0.05780
870,850,870,1361.64830,1361.57788,0.07042
871,851,871,1361.59800,1361.60242,0.00442
872,852,872,1361.38440,1361.56287,0.17847
873,853,873,1361.21390,1361.20667,0.00723
874,854,874,1361.04650,1361.05261,0.00611
875,855,875,1360.70360,1360.94067,0.23707
876,856,876,1360.40550,1360.45947,0.05397
877,857,877,1360.13400,1360.18091,0.04691
878,858,878,1359.90190,1359.95886,0.05696
879,859,879,1359.88760,1359.80273,0.08487
880,860,880,1360.11580,1359.93213,0.18367
881,861,881,1360.32730,1360.37476,0.04746
882,862,882,1360.88920,1360.64734,0.24186
883,863,883,1361.50420,1361.31311,0.19109
884,864,884,1361.89590,1361.94812,0.05222
885,865,885,1361.98240,1362.04395,0.06155
886,866,886,1362.00100,1362.01917,0.01817
887,867,887,1361.86950,1361.98096,0.11146
888,868,888,1361.71800,1361.77161,0.05361
889,869,889,1361.57860,1361.59277,0.01417
890,870,890,1361.50200,1361.51367,0.01167
891,871,891,1361.43570,1361.48291,0.04721
892,872,892,1361.33230,1361.39539,0.06309
893,873,893,1361.32640,1361.25122,0.07518
894,874,894,1361.35190,1361.32422,0.02768
895,875,895,1361.42910,1361.40027,0.02883
896,876,896,1361.41090,1361.45618,0.04528
897,877,897,1361.39930,1361.38379,0.01551
898,878,898,1361.28550,1361.37061,0.08511
899,879,899,1361.21480,1361.20996,0.00484
900,880,900,1361.15800,1361.16553,0.00753
901,881,901,1361.15750,1361.14978,0.00772
902,882,902,1361.14150,1361.17395,0.03245
903,883,903,1361.20120,1361.15820,0.04300
904,884,904,1361.31600,1361.25171,0.06429
905,885,905,1361.43560,1361.38416,0.05144
906,886,906,1361.58970,1361.50452,0.08518
907,887,907,1361.71820,1361.65417,0.06403
908,888,908,1361.76180,1361.75061,0.01119
909,889,909,1361.68830,1361.74695,0.05865
910,890,910,1361.50990,1361.61597,0.10607
911,891,911,1361.34490,1361.40698,0.06208
912,892,912,1361.22090,1361.22974,0.00884
913,893,913,1361.10000,1361.12292,0.02292
914,894,914,1361.04460,1361.03723,0.00737
915,895,915,1360.94770,1361.03833,0.09063
916,896,916,1360.93040,1360.92908,0.00132
917,897,917,1360.76020,1360.91431,0.15411
918,898,918,1360.64910,1360.64807,0.00103
919,899,919,1360.55680,1360.52490,0.03190
920,900,920,1360.51950,1360.52112,0.00162
921,901,921,1360.47270,1360.51685,0.04415
922,902,922,1360.57440,1360.48706,0.08734
923,903,923,1360.79290,1360.67944,0.11346
924,904,924,1361.05220,1360.98193,0.07027
925,905,925,1361.31920,1361.27869,0.04051
926,906,926,1361.52880,1361.50623,0.02257
927,907,927,1361.69520,1361.63074,0.06446
928,908,928,1361.67460,1361.72815,0.05355
929,909,929,1361.66530,1361.63855,0.02675
930,910,930,1361.66940,1361.62354,0.04586
931,911,931,1361.72360,1361.67029,0.05331
932,912,932,1361.87530,1361.74377,0.13153
933,913,933,1361.91190,1361.93176,0.01986
934,914,934,1361.90670,1361.92273,0.01603
935,915,935,1361.87990,1361.86829,0.01161
936,916,936,1361.78390,1361.82166,0.03776
937,917,937,1361.70120,1361.69836,0.00284
938,918,938,1361.56490,1361.62976,0.06486
939,919,939,1361.48020,1361.47742,0.00278
940,920,940,1361.37390,1361.40747,0.03357
941,921,941,1361.28900,1361.29968,0.01068
942,922,942,1361.22100,1361.20740,0.01360
943,923,943,1361.18350,1361.18835,0.00485
944,924,944,1361.15600,1361.17175,0.01575
945,925,945,1361.13050,1361.15625,0.02575
946,926,946,1361.12270,1361.12598,0.00328
947,927,947,1361.36200,1361.12463,0.23737
948,928,948,1361.52020,1361.47998,0.04022
949,929,949,1361.69330,1361.65198,0.04132
950,930,950,1361.69690,1361.75854,0.06164
951,931,951,1361.76370,1361.66992,0.09378
952,932,952,1361.61140,1361.75989,0.14849
953,933,953,1361.46920,1361.52771,0.05851
954,934,954,1361.18960,1361.36975,0.18015
955,935,955,1361.04570,1360.98950,0.05620
956,936,956,1361.08230,1360.89575,0.18655
957,937,957,1361.17730,1361.15649,0.02081
958,938,958,1361.40310,1361.30298,0.10012
959,939,959,1361.73620,1361.56262,0.17358
960,940,960,1362.08160,1361.93884,0.14276
961,941,961,1362.17810,1362.22559,0.04749
962,942,962,1362.11240,1362.16174,0.04934
963,943,963,1361.96940,1362.01648,0.04708
964,944,964,1361.82690,1361.84875,0.02185
965,945,965,1361.71680,1361.71411,0.00269
966,946,966,1361.66960,1361.66516,0.00444
967,947,967,1361.63590,1361.64172,0.00582
968,948,968,1361.61280,1361.60791,0.00489
969,949,969,1361.50540,1361.56287,0.05747
970,950,970,1361.44800,1361.42834,0.01966
971,951,971,1361.40840,1361.40344,0.00496
972,952,972,1361.37730,1361.38855,0.01125
973,953,973,1361.35960,1361.35681,0.00279
974,954,974,1361.31750,1361.34424,0.02674
975,955,975,1361.37880,1361.27979,0.09901
976,956,976,1361.44590,1361.40698,0.03892
977,957,977,1361.47030,1361.49133,0.02103
978,958,978,1361.48650,1361.48486,0.00164
979,959,979,1361.54500,1361.49890,0.04610
980,960,980,1361.41380,1361.57385,0.16005
981,961,981,1361.32210,1361.34277,0.02067
982,962,982,1361.26500,1361.24536,0.01964
983,963,983,1361.41000,1361.24902,0.16098
984,964,984,1361.56160,1361.49487,0.06673
985,965,985,1361.71020,1361.68152,0.02868
986,966,986,1361.79810,1361.78967,0.00843
987,967,987,1361.85210,1361.80920,0.04290
988,968,988,1362.06740,1361.84924,0.21816
989,969,989,1362.17330,1362.15552,0.01778
990,970,990,1362.05230,1362.23096,0.17866
991,971,991,1361.96100,1361.95239,0.00861
992,972,992,1361.88610,1361.83459,0.05151
993,973,993,1361.71120,1361.81689,0.10569
994,974,994,1361.71780,1361.61255,0.10525
995,975,995,1361.72420,1361.70068,0.02352
996,976,996,1361.68750,1361.73315,0.04565
997,977,997,1361.56170,1361.62927,0.06757
998,978,998,1361.28180,1361.44287,0.16107
999,979,999,1361.03190,1361.05457,0.02267
1000,980,1000,1360.78170,1360.80835,0.02665
1001,981,1001,1360.75350,1360.60376,0.14974
1002,982,1002,1360.80990,1360.77502,0.03488
1003,983,1003,1360.93100,1360.90955,0.02145
1004,984,1004,1361.00400,1361.04089,0.03689
1005,985,1005,1361.07610,1361.07520,0.00090
1006,986,1006,1360.97820,1361.13367,0.15547
1007,987,1007,1360.95240,1360.96729,0.01489
1008,988,1008,1360.92480,1360.94946,0.02466
1009,989,1009,1360.77870,1360.92639,0.14769
1010,990,1010,1360.84210,1360.72070,0.12140
1011,991,1011,1361.06750,1360.89465,0.17285
1012,992,1012,1361.35150,1361.25598,0.09552
1013,993,1013,1361.50160,1361.54053,0.03893
1014,994,1014,1361.57040,1361.59937,0.02897
1015,995,1015,1361.42650,1361.54797,0.12147
1016,996,1016,1361.28940,1361.30786,0.01846
1017,997,1017,1361.10980,1361.20630,0.09650
1018,998,1018,1361.08960,1361.02734,0.06226
1019,999,1019,1360.98210,1361.07629,0.09419
1020,1000,1020,1360.87700,1360.96375,0.08675
1021,1001,1021,1360.80620,1360.81104,0.00484
1022,1002,1022,1360.79650,1360.75989,0.03661
1023,1003,1023,1360.97030,1360.80310,0.16720
1024,1004,1024,1361.14280,1361.09021,0.05259
1025,1005,1025,1361.19670,1361.25146,0.05476
1026,1006,1026,1361.09190,1361.18982,0.09792
1027,1007,1027,1360.95320,1360.99121,0.03801
1028,1008,1028,1360.76520,1360.86096,0.09576
1029,1009,1029,1360.57510,1360.65674,0.08164
1030,1010,1030,1360.51300,1360.45557,0.05743
1031,1011,1031,1360.44140,1360.48938,0.04798
1032,1012,1032,1360.71280,1360.47424,0.23856
1033,1013,1033,1361.02740,1360.91614,0.11126
1034,1014,1034,1361.45700,1361.31628,0.14072
1035,1015,1035,1361.74260,1361.74146,0.00114
1036,1016,1036,1361.80090,1361.83862,0.03772
1037,1017,1037,1361.77680,1361.75342,0.02338
1038,1018,1038,1361.67010,1361.69604,0.02594
1039,1019,1039,1361.57470,1361.59399,0.01929
1040,1020,1040,1361.50210,1361.51953,0.01743
1041,1021,1041,1361.45180,1361.46692,0.01512
1042,1022,1042,1361.38910,1361.42310,0.03400
1043,1023,1043,1361.27120,1361.34680,0.07560
1044,1024,1044,1361.18320,1361.17932,0.00388
1045,1025,1045,1361.16660,1361.12683,0.03977
1046,1026,1046,1361.24080,1361.17371,0.06709
1047,1027,1047,1361.31850,1361.29224,0.02626
1048,1028,1048,1361.41900,1361.36890,0.05010
1049,1029,1049,1361.58390,1361.47644,0.10746
1050,1030,1050,1361.69440,1361.65747,0.03693
1051,1031,1051,1361.58730,1361.72034,0.13304
1052,1032,1052,1361.56330,1361.49890,0.06440
1053,1033,1053,1361.57540,1361.51453,0.06087
1054,1034,1054,1361.62310,1361.59595,0.02715
1055,1035,1055,1361.68100,1361.65027,0.03073
1056,1036,1056,1361.50790,1361.70508,0.19718
1057,1037,1057,1361.58410,1361.39539,0.18871
1058,1038,1058,1361.67480,1361.58948,0.08532
1059,1039,1059,1361.59120,1361.73450,0.14330
1060,1040,1060,1361.66440,1361.53650,0.12790
1061,1041,1061,1361.76220,1361.67285,0.08935
1062,1042,1062,1361.57420,1361.81018,0.23598
1063,1043,1063,1361.39570,1361.46362,0.06792
1064,1044,1064,1361.18620,1361.23096,0.04476
1065,1045,1065,1361.05640,1361.03052,0.02588
1066,1046,1066,1360.86810,1360.96704,0.09894
1067,1047,1067,1360.87380,1360.78027,0.09353
1068,1048,1068,1360.94650,1360.92078,0.02572
1069,1049,1069,1361.06480,1361.04858,0.01622
1070,1050,1070,1361.21090,1361.15808,0.05282
1071,1051,1071,1361.36000,1361.30420,0.05580
1072,1052,1072,1361.55120,1361.44348,0.10772
1073,1053,1073,1361.56130,1361.62463,0.06333
1074,1054,1074,1361.45020,1361.54895,0.09875
1075,1055,1075,1361.33620,1361.34460,0.00840
1076,1056,1076,1361.27150,1361.27393,0.00243
1077,1057,1077,1361.22400,1361.25085,0.02685
1078,1058,1078,1361.22320,1361.21802,0.00518
1079,1059,1079,1361.22560,1361.23083,0.00523
1080,1060,1080,1361.29020,1361.24084,0.04936
1081,1061,1081,1361.34870,1361.32458,0.02412
1082,1062,1082,1361.35810,1361.37732,0.01922
1083,1063,1083,1361.30630,1361.35229,0.04599
1084,1064,1084,1361.12700,1361.24939,0.12239
1085,1065,1085,1361.00110,1361.02417,0.02307
1086,1066,1086,1361.07360,1360.93127,0.14233
1087,1067,1087,1361.14660,1361.13635,0.01025
1088,1068,1088,1361.45970,1361.22510,0.23460
1089,1069,1089,1361.65930,1361.63708,0.02222
1090,1070,1090,1361.76310,1361.80103,0.03793
1091,1071,1091,1361.75190,1361.75586,0.00396
1092,1072,1092,1361.75810,1361.68250,0.07560
1093,1073,1093,1361.60120,1361.72742,0.12622
1094,1074,1094,1361.48470,1361.50806,0.02336
1095,1075,1095,1361.37610,1361.38977,0.01367
1096,1076,1096,1361.20820,1361.30164,0.09344
1097,1077,1097,1361.03520,1361.06006,0.02486
1098,1078,1098,1360.92730,1360.89465,0.03265
1099,1079,1099,1361.13910,1360.88232,0.25678
1100,1080,1100,1361.08150,1361.29272,0.21122
1101,1081,1101,1361.36740,1361.12793,0.23947
1102,1082,1102,1361.38910,1361.47803,0.08893
1103,1083,1103,1361.41690,1361.43835,0.02145
1104,1084,1104,1361.34060,1361.37903,0.03843
1105,1085,1105,1361.21490,1361.25098,0.03608
1106,1086,1106,1361.21190,1361.12756,0.08434
1107,1087,1107,1361.23550,1361.21582,0.01968
1108,1088,1108,1361.27910,1361.27063,0.00847
1109,1089,1109,1361.18370,1361.31763,0.13393
1110,1090,1110,1361.09080,1361.12720,0.03640
1111,1091,1111,1360.85760,1361.03040,0.17280
1112,1092,1112,1360.85590,1360.73853,0.11737
1113,1093,1113,1360.90550,1360.85535,0.05015
1114,1094,1114,1360.97800,1360.99609,0.01809
1115,1095,1115,1360.91830,1361.04407,0.12577
1116,1096,1116,1361.21830,1360.89124,0.32706
1117,1097,1117,1361.27220,1361.32898,0.05678
1118,1098,1118,1361.33020,1361.32642,0.00378
1119,1099,1119,1361.28000,1361.30090,0.02090
1120,1100,1120,1361.19630,1361.22571,0.02941
1121,1101,1121,1361.04420,1361.13721,0.09301
1122,1102,1122,1360.90020,1360.98450,0.08430
1123,1103,1123,1360.99030,1360.83508,0.15522
1124,1104,1124,1361.12380,1361.06055,0.06325
1125,1105,1125,1361.09790,1361.24097,0.14307
1126,1106,1126,1361.07300,1361.09705,0.02405
1127,1107,1127,1361.06090,1361.04419,0.01671
1128,1108,1128,1361.08230,1361.04590,0.03640
1129,1109,1129,1361.21530,1361.08789,0.12741
1130,1110,1130,1361.49070,1361.25879,0.23191
1131,1111,1131,1361.58950,1361.61951,0.03001
1132,1112,1132,1361.68550,1361.62085,0.06465
1133,1113,1133,1361.54990,1361.65320,0.10330
1134,1114,1134,1361.42320,1361.43274,0.00954
1135,1115,1135,1361.43060,1361.34277,0.08783
1136,1116,1136,1361.32270,1361.44397,0.12127
1137,1117,1137,1361.17920,1361.28149,0.10229
1138,1118,1138,1361.22840,1361.04651,0.18189
1139,1119,1139,1361.18690,1361.25122,0.06432
1140,1120,1140,1361.01460,1361.18933,0.17473
1141,1121,1141,1361.05440,1360.91089,0.14351
1142,1122,1142,1361.09430,1361.06982,0.02448
1143,1123,1143,1361.26920,1361.15161,0.11759
1144,1124,1144,1361.27250,1361.34045,0.06795
1145,1125,1145,1361.04320,1361.28479,0.24159
1146,1126,1146,1360.96250,1360.90186,0.06064
1147,1127,1147,1361.00290,1360.90515,0.09775
1148,1128,1148,1361.07980,1361.05371,0.02609
1149,1129,1149,1361.14290,1361.14392,0.00102
1150,1130,1150,1361.20770,1361.20129,0.00641
1151,1131,1151,1361.21390,1361.25208,0.03818
1152,1132,1152,1361.39350,1361.20715,0.18635
1153,1133,1153,1361.35440,1361.44592,0.09152
1154,1134,1154,1361.25050,1361.33545,0.08495
1155,1135,1155,1361.12620,1361.15625,0.03005
1156,1136,1156,1361.16510,1361.06165,0.10345
1157,1137,1157,1361.22780,1361.19617,0.03163
1158,1138,1158,1361.29370,1361.26941,0.02429
1159,1139,1159,1361.30940,1361.32605,0.01665
1160,1140,1160,1361.28030,1361.30920,0.02890
1161,1141,1161,1361.30220,1361.23901,0.06319
1162,1142,1162,1361.20890,1361.30176,0.09286
1163,1143,1163,1361.07430,1361.15381,0.07951
1164,1144,1164,1361.05460,1360.99011,0.06449
1165,1145,1165,1361.02930,1361.04260,0.01330
1166,1146,1166,1361.00380,1361.03174,0.02794
1167,1147,1167,1360.98700,1360.98865,0.00165
1168,1148,1168,1361.02550,1360.97656,0.04894
1169,1149,1169,1361.08250,1361.05176,0.03074
1170,1150,1170,1361.24950,1361.11121,0.13829
1171,1151,1171,1361.28530,1361.32166,0.03636
1172,1152,1172,1361.34340,1361.29883,0.04457
1173,1153,1173,1361.26500,1361.32703,0.06203
1174,1154,1174,1361.19050,1361.19812,0.00762
1175,1155,1175,1361.13780,1361.13354,0.00426
1176,1156,1176,1361.08630,1361.12439,0.03809
1177,1157,1177,1360.81550,1361.07629,0.26079
1178,1158,1178,1360.57110,1360.64392,0.07282
1179,1159,1179,1360.31110,1360.35083,0.03973
1180,1160,1180,1360.17260,1360.14856,0.02404
1181,1161,1181,1360.34960,1360.09375,0.25585
1182,1162,1182,1360.51410,1360.51099,0.00311
1183,1163,1183,1360.74350,1360.74951,0.00601
1184,1164,1184,1360.93780,1360.92334,0.01446
1185,1165,1185,1361.16060,1361.09363,0.06697
1186,1166,1186,1361.34890,1361.26929,0.07961
1187,1167,1187,1361.18620,1361.41699,0.23079
1188,1168,1188,1361.03290,1361.09119,0.05829
1189,1169,1189,1360.87930,1360.93994,0.06064
1190,1170,1190,1360.79580,1360.82288,0.02708
1191,1171,1191,1360.93120,1360.77209,0.15911
1192,1172,1192,1361.14040,1361.04517,0.09523
1193,1173,1193,1361.26890,1361.28479,0.01589
1194,1174,1194,1361.43030,1361.35754,0.07276
1195,1175,1195,1361.53860,1361.50256,0.03604
1196,1176,1196,1361.62970,1361.55457,0.07513
1197,1177,1197,1361.73130,1361.62329,0.10801
1198,1178,1198,1361.68400,1361.71265,0.02865
1199,1179,1199,1361.52170,1361.59998,0.07828
1200,1180,1200,1361.25540,1361.40833,0.15293
1201,1181,1201,1361.01150,1361.04614,0.03464
1202,1182,1202,1360.71300,1360.79700,0.08400
1203,1183,1203,1360.47920,1360.48755,0.00835
1204,1184,1204,1360.29370,1360.33655,0.04285
1205,1185,1205,1360.09470,1360.19653,0.10183
1206,1186,1206,1360.11250,1360.02649,0.08601
1207,1187,1207,1360.21230,1360.14954,0.06276
1208,1188,1208,1360.37870,1360.36353,0.01517
1209,1189,1209,1360.56660,1360.54395,0.02265
1210,1190,1210,1360.66540,1360.71716,0.05176
1211,1191,1211,1360.79980,1360.74756,0.05224
1212,1192,1212,1361.06230,1360.90271,0.15959
1213,1193,1213,1361.32500,1361.24487,0.08013
1214,1194,1214,1361.45070,1361.48804,0.03734
1215,1195,1215,1361.52480,1361.50745,0.01735
1216,1196,1216,1361.52110,1361.53076,0.00966
1217,1197,1217,1361.42470,1361.48865,0.06395
1218,1198,1218,1361.41230,1361.35339,0.05891
1219,1199,1219,1361.51840,1361.39075,0.12765
1220,1200,1220,1361.46400,1361.57263,0.10863
1221,1201,1221,1361.41720,1361.43591,0.01871
1222,1202,1222,1361.33880,1361.34851,0.00971
1223,1203,1223,1361.36220,1361.28284,0.07936
1224,1204,1224,1361.42440,1361.37231,0.05209
1225,1205,1225,1361.49100,1361.46191,0.02909
1226,1206,1226,1361.51720,1361.53198,0.01478
1227,1207,1227,1361.41420,1361.52844,0.11424
1228,1208,1228,1361.30280,1361.32971,0.02691
1229,1209,1229,1361.19590,1361.21936,0.02346
1230,1210,1230,1361.07810,1361.13599,0.05789
1231,1211,1231,1361.11640,1361.03662,0.07978
1232,1212,1232,1361.15190,1361.15771,0.00581
1233,1213,1233,1361.27610,1361.21680,0.05930
1234,1214,1234,1361.31370,1361.34021,0.02651
1235,1215,1235,1361.30080,1361.33508,0.03428
1236,1216,1236,1361.21080,1361.27441,0.06361
1237,1217,1237,1361.12380,1361.14746,0.02366
1238,1218,1238,1361.01170,1361.08313,0.07143
1239,1219,1239,1361.12610,1360.98352,0.14258
1240,1220,1240,1361.13670,1361.19849,0.06179
1241,1221,1241,1361.16620,1361.18823,0.02203
1242,1222,1242,1361.20680,1361.17188,0.03492
1243,1223,1243,1361.20380,1361.22473,0.02093
1244,1224,1244,1361.21800,1361.18787,0.03013
1245,1225,1245,1361.23530,1361.21521,0.02009
1246,1226,1246,1361.20460,1361.23572,0.03112
1247,1227,1247,1361.45110,1361.17212,0.27898
1248,1228,1248,1361.53720,1361.54456,0.00736
1249,1229,1249,1361.53730,1361.61462,0.07732
1250,1230,1250,1361.44000,1361.49646,0.05646
1251,1231,1251,1361.34930,1361.33020,0.01910
1252,1232,1252,1361.34320,1361.28894,0.05426
1253,1233,1253,1361.34240,1361.34412,0.00172
1254,1234,1254,1361.30020,1361.34729,0.04709
1255,1235,1255,1361.34170,1361.26172,0.07998
1256,1236,1256,1361.37570,1361.35510,0.02060
1257,1237,1257,1361.25690,1361.39233,0.13543
1258,1238,1258,1361.16210,1361.17554,0.01344
1259,1239,1259,1361.06720,1361.09363,0.02643
1260,1240,1260,1360.96830,1361.03833,0.07003
1261,1241,1261,1360.86800,1360.94238,0.07438
1262,1242,1262,1360.79120,1360.83105,0.03985
1263,1243,1263,1360.75760,1360.76355,0.00595
1264,1244,1264,1360.92540,1360.74109,0.18431
1265,1245,1265,1361.13950,1361.03601,0.10349
1266,1246,1266,1361.28880,1361.30884,0.02004
1267,1247,1267,1361.36530,1361.40198,0.03668
1268,1248,1268,1361.44750,1361.39246,0.05504
1269,1249,1269,1361.31680,1361.43738,0.12058
1270,1250,1270,1361.11080,1361.22766,0.11686
1271,1251,1271,1361.16360,1361.00745,0.15615
1272,1252,1272,1361.22670,1361.20703,0.01967
1273,1253,1273,1361.31590,1361.29456,0.02134
1274,1254,1274,1361.43650,1361.37122,0.06528
1275,1255,1275,1361.48170,1361.50903,0.02733
1276,1256,1276,1361.53470,1361.49817,0.03653
1277,1257,1277,1361.71520,1361.52588,0.18932
1278,1258,1278,1361.75550,1361.76501,0.00951
1279,1259,1279,1361.73250,1361.75842,0.02592
1280,1260,1280,1361.64860,1361.67493,0.02633
1281,1261,1281,1361.53750,1361.56848,0.03098
1282,1262,1282,1361.47710,1361.46423,0.01287
1283,1263,1283,1361.48930,1361.44348,0.04582
1284,1264,1284,1361.50940,1361.50000,0.00940
1285,1265,1285,1361.43440,1361.54102,0.10662
1286,1266,1286,1361.33510,1361.37061,0.03551
1287,1267,1287,1361.37780,1361.23694,0.14086
1288,1268,1288,1361.34360,1361.39282,0.04922
1289,1269,1289,1361.28280,1361.32996,0.04716
1290,1270,1290,1361.25740,1361.22192,0.03548
1291,1271,1291,1361.29190,1361.22900,0.06290
1292,1272,1292,1361.33080,1361.31433,0.01647
1293,1273,1293,1361.32570,1361.35144,0.02574
1294,1274,1294,1361.35210,1361.31140,0.04070
1295,1275,1295,1361.32950,1361.35791,0.02841
1296,1276,1296,1361.32690,1361.30493,0.02197
1297,1277,1297,1361.22560,1361.31030,0.08470
1298,1278,1298,1361.24950,1361.17029,0.07921
1299,1279,1299,1361.34730,1361.25391,0.09339
1300,1280,1300,1361.45050,1361.40845,0.04205
1301,1281,1301,1361.51730,1361.51685,0.00045
1302,1282,1302,1361.59490,1361.54773,0.04717
1303,1283,1303,1361.59360,1361.60706,0.01346
1304,1284,1304,1361.49220,1361.56238,0.07018
1305,1285,1305,1361.41430,1361.41577,0.00147
1306,1286,1306,1361.32110,1361.36194,0.04084
1307,1287,1307,1361.26670,1361.26965,0.00295
1308,1288,1308,1361.21620,1361.23218,0.01598
1309,1289,1309,1361.18360,1361.19287,0.00927
1310,1290,1310,1361.11630,1361.16895,0.05265
1311,1291,1311,1361.25930,1361.08020,0.17910
1312,1292,1312,1361.38170,1361.32947,0.05223
1313,1293,1313,1361.43610,1361.47668,0.04058
1314,1294,1314,1361.43310,1361.45361,0.02051
1315,1295,1315,1361.36780,1361.39380,0.02600
1316,1296,1316,1361.30830,1361.29688,0.01142
1317,1297,1317,1361.22500,1361.26685,0.04185
1318,1298,1318,1361.14820,1361.18652,0.03832
1319,1299,1319,1361.12090,1361.11377,0.00713
1320,1300,1320,1361.11990,1361.11877,0.00113
1321,1301,1321,1361.12710,1361.14136,0.01426
1322,1302,1322,1361.14780,1361.14551,0.00229
1323,1303,1323,1361.15700,1361.16724,0.01024
1324,1304,1324,1361.16820,1361.15735,0.01085
1325,1305,1325,1361.17270,1361.16235,0.01035
1326,1306,1326,1361.07790,1361.16040,0.08250
1327,1307,1327,1360.91770,1361.02686,0.10916
1328,1308,1328,1360.84590,1360.83508,0.01082
1329,1309,1329,1360.77630,1360.81213,0.03583
1330,1310,1330,1360.95010,1360.76086,0.18924
1331,1311,1331,1361.06020,1361.06458,0.00438
1332,1312,1332,1361.17060,1361.17651,0.00591
1333,1313,1333,1361.30280,1361.23303,0.06977
1334,1314,1334,1361.33770,1361.35059,0.01289
1335,1315,1335,1361.31320,1361.32141,0.00821
1336,1316,1336,1361.25260,1361.25781,0.00521
1337,1317,1337,1361.22020,1361.19202,0.02818
1338,1318,1338,1361.15280,1361.19849,0.04569
1339,1319,1339,1361.08740,1361.12561,0.03821
1340,1320,1340,1361.03510,1361.05762,0.02252
1341,1321,1341,1361.13070,1361.01294,0.11776
1342,1322,1342,1361.17330,1361.19006,0.01676
1343,1323,1343,1361.22280,1361.21375,0.00905
1344,1324,1344,1361.16050,1361.23694,0.07644
1345,1325,1345,1361.02350,1361.11523,0.09173
1346,1326,1346,1361.01780,1360.94434,0.07346
1347,1327,1347,1361.01160,1361.00732,0.00428
1348,1328,1348,1361.10430,1361.02234,0.08196
1349,1329,1349,1361.11290,1361.15332,0.04042
1350,1330,1350,1361.07800,1361.12683,0.04883
1351,1331,1351,1361.16060,1361.04761,0.11299
1352,1332,1352,1361.20010,1361.19629,0.00381
1353,1333,1353,1361.10470,1361.21533,0.11063
1354,1334,1354,1361.18320,1361.05505,0.12815
1355,1335,1355,1361.26400,1361.21252,0.05148
1356,1336,1356,1361.37540,1361.31116,0.06424
1357,1337,1357,1361.39560,1361.41064,0.01504
1358,1338,1358,1361.39460,1361.39111,0.00349
1359,1339,1359,1361.37390,1361.35046,0.02344
1360,1340,1360,1361.37560,1361.33142,0.04418
1361,1341,1361,1361.35230,1361.36182,0.00952
1362,1342,1362,1361.34670,1361.32642,0.02028
1363,1343,1363,1361.34660,1361.32312,0.02348
1364,1344,1364,1361.33950,1361.33313,0.00637
1365,1345,1365,1361.32130,1361.31592,0.00538
1366,1346,1366,1361.29380,1361.28931,0.00449
1367,1347,1367,1361.25990,1361.26038,0.00048
1368,1348,1368,1361.20900,1361.22876,0.01976
1369,1349,1369,1361.19870,1361.17053,0.02817
1370,1350,1370,1361.20270,1361.18176,0.02094
1371,1351,1371,1361.20940,1361.20630,0.00310
1372,1352,1372,1361.21800,1361.20288,0.01512
1373,1353,1373,1361.20420,1361.21045,0.00625
1374,1354,1374,1361.18420,1361.18103,0.00317
1375,1355,1375,1361.18010,1361.16138,0.01872
1376,1356,1376,1361.19320,1361.17114,0.02206
1377,1357,1377,1361.19630,1361.20190,0.00560
1378,1358,1378,1361.18170,1361.18909,0.00739
1379,1359,1379,1361.16950,1361.16101,0.00849
1380,1360,1380,1361.19390,1361.15222,0.04168
1381,1361,1381,1361.22680,1361.20508,0.02172
1382,1362,1382,1361.23910,1361.23779,0.00131
1383,1363,1383,1361.24620,1361.23364,0.01256
1384,1364,1384,1361.26650,1361.23218,0.03432
1385,1365,1385,1361.26720,1361.26501,0.00219
1386,1366,1386,1361.24570,1361.24951,0.00381
1387,1367,1387,1361.22770,1361.21399,0.01371
1388,1368,1388,1361.21440,1361.20117,0.01323
1389,1369,1389,1361.19210,1361.19470,0.00260
1390,1370,1390,1361.19280,1361.17004,0.02276
1391,1371,1391,1361.17490,1361.18518,0.01028
1392,1372,1392,1361.16820,1361.15625,0.01195
1393,1373,1393,1361.16830,1361.15149,0.01681
1394,1374,1394,1361.19840,1361.16113,0.03727
1395,1375,1395,1361.23130,1361.20813,0.02317
1396,1376,1396,1361.25950,1361.23608,0.02342
1397,1377,1397,1361.24040,1361.25879,0.01839
1398,1378,1398,1361.21280,1361.21289,0.00009
1399,1379,1399,1361.17270,1361.17725,0.00455
1400,1380,1400,1361.16250,1361.14563,0.01687
1401,1381,1401,1361.15850,1361.15454,0.00396
1402,1382,1402,1361.23090,1361.15796,0.07294
1403,1383,1403,1361.30670,1361.26392,0.04278
1404,1384,1404,1361.33130,1361.34302,0.01172
1405,1385,1405,1361.31030,1361.33179,0.02149
1406,1386,1406,1361.27880,1361.27502,0.00378
1407,1387,1407,1361.24110,1361.24060,0.00050
1408,1388,1408,1361.21660,1361.21118,0.00542
1409,1389,1409,1361.19410,1361.19617,0.00207
1410,1390,1410,1361.16640,1361.17566,0.00926
1411,1391,1411,1361.14090,1361.14502,0.00412
1412,1392,1412,1361.12360,1361.11914,0.00446
1413,1393,1413,1361.09490,1361.10742,0.01252
1414,1394,1414,1361.09650,1361.07471,0.02179
1415,1395,1415,1361.08410,1361.09497,0.01087
1416,1396,1416,1361.08610,1361.07251,0.01359
1417,1397,1417,1361.06160,1361.07983,0.01823
1418,1398,1418,1361.03740,1361.04041,0.00301
1419,1399,1419,1360.97730,1361.01721,0.03991
1420,1400,1420,1360.94370,1360.94641,0.00271
1421,1401,1421,1360.91120,1360.92480,0.01360
1422,1402,1422,1360.87860,1360.89746,0.01886
1423,1403,1423,1360.82120,1360.86035,0.03915
1424,1404,1424,1360.75570,1360.78992,0.03422
1425,1405,1425,1360.66210,1360.71863,0.05653
1426,1406,1426,1360.56160,1360.60120,0.03960
1427,1407,1427,1360.46900,1360.49158,0.02258
1428,1408,1428,1360.46210,1360.41785,0.04425
1429,1409,1429,1360.46720,1360.45728,0.00992
1430,1410,1430,1360.46620,1360.49377,0.02757
1431,1411,1431,1360.43450,1360.47559,0.04109
1432,1412,1432,1360.43280,1360.40295,0.02985
1433,1413,1433,1360.37390,1360.41138,0.03748
1434,1414,1434,1360.30310,1360.32373,0.02063
1435,1415,1435,1360.21470,1360.22534,0.01064
1436,1416,1436,1360.09100,1360.13257,0.04157
1437,1417,1437,1359.88550,1359.98157,0.09607
1438,1418,1438,1359.67740,1359.70569,0.02829
1439,1419,1439,1359.42240,1359.51172,0.08932
1440,1420,1440,1359.19230,1359.24390,0.05160
1441,1421,1441,1359.16780,1359.03284,0.13496
1442,1422,1442,1359.10960,1359.13159,0.02199
1443,1423,1443,1359.27750,1359.17456,0.10294
1444,1424,1444,1359.54080,1359.42859,0.11221
1445,1425,1445,1359.85370,1359.79724,0.05646
1446,1426,1446,1360.17280,1360.11548,0.05732
1447,1427,1447,1360.37940,1360.38684,0.00744
1448,1428,1448,1360.51530,1360.52234,0.00704
1449,1429,1449,1360.53690,1360.55969,0.02279
1450,1430,1450,1360.54940,1360.52380,0.02560
1451,1431,1451,1360.51360,1360.51477,0.00117
1452,1432,1452,1360.44560,1360.46484,0.01924
1453,1433,1453,1360.37020,1360.38184,0.01164
1454,1434,1454,1360.37400,1360.31958,0.05442
1455,1435,1455,1360.43010,1360.39661,0.03349
1456,1436,1456,1360.55340,1360.50989,0.04351
1457,1437,1457,1360.70030,1360.67847,0.02183
1458,1438,1458,1360.84110,1360.83948,0.00162
1459,1439,1459,1360.94810,1360.93835,0.00975
1460,1440,1460,1361.00420,1360.98474,0.01946
1461,1441,1461,1361.00930,1360.99670,0.01260
1462,1442,1462,1361.00720,1360.99744,0.00976
1463,1443,1463,1360.88810,1360.99170,0.10360
1464,1444,1464,1360.78070,1360.82812,0.04742
1465,1445,1465,1360.65330,1360.72156,0.06826
1466,1446,1466,1360.51890,1360.58545,0.06655
1467,1447,1467,1360.43820,1360.43921,0.00101
1468,1448,1468,1360.43310,1360.40137,0.03173
1469,1449,1469,1360.45770,1360.46313,0.00543
1470,1450,1470,1360.54950,1360.50391,0.04559
1471,1451,1471,1360.66080,1360.61768,0.04312
1472,1452,1472,1360.78690,1360.72424,0.06266
1473,1453,1473,1360.81260,1360.84631,0.03371
1474,1454,1474,1360.83410,1360.81836,0.01574
1475,1455,1475,1360.81600,1360.82385,0.00785
1476,1456,1476,1360.80790,1360.79590,0.01200
1477,1457,1477,1360.77560,1360.78870,0.01310
1478,1458,1478,1360.76020,1360.75110,0.00910
1479,1459,1479,1360.68930,1360.74219,0.05289
1480,1460,1480,1360.62820,1360.64966,0.02146
1481,1461,1481,1360.58280,1360.58203,0.00077
1482,1462,1482,1360.52900,1360.55945,0.03045
1483,1463,1483,1360.51020,1360.50757,0.00263
1484,1464,1484,1360.51210,1360.49731,0.01479
1485,1465,1485,1360.46750,1360.51428,0.04678
1486,1466,1486,1360.44290,1360.44336,0.00046
1487,1467,1487,1360.42170,1360.40881,0.01289
1488,1468,1488,1360.44360,1360.40271,0.04089
1489,1469,1489,1360.45480,1360.44238,0.01242
1490,1470,1490,1360.49450,1360.45410,0.04040
1491,1471,1491,1360.50920,1360.50073,0.00847
1492,1472,1492,1360.51670,1360.50586,0.01084
1493,1473,1493,1360.49570,1360.50452,0.00882
1494,1474,1494,1360.45590,1360.46912,0.01322
1495,1475,1495,1360.39540,1360.41663,0.02123
1496,1476,1496,1360.38330,1360.34290,0.04040
1497,1477,1497,1360.35940,1360.36133,0.00193
1498,1478,1498,1360.36900,1360.34875,0.02025
1499,1479,1499,1360.33050,1360.36365,0.03315
1500,1480,1500,1360.28850,1360.29639,0.00789
1501,1481,1501,1360.16230,1360.22791,0.06561
1502,1482,1502,1360.00650,1360.03345,0.02695
1503,1483,1503,1359.85450,1359.84497,0.00953
1504,1484,1504,1359.80260,1359.70337,0.09923
1505,1485,1505,1359.72840,1359.71973,0.00867
1506,1486,1506,1359.76260,1359.68494,0.07766
1507,1487,1507,1359.83800,1359.75330,0.08470
1508,1488,1508,1359.91070,1359.89282,0.01788
1509,1489,1509,1359.97170,1359.94495,0.02675
1510,1490,1510,1360.01760,1359.97168,0.04592
1511,1491,1511,1360.03520,1360.00537,0.02983
1512,1492,1512,1360.02450,1359.99866,0.02584
1513,1493,1513,1359.99540,1359.96826,0.02714
1514,1494,1514,1359.97420,1359.92566,0.04854
1515,1495,1515,1359.93540,1359.91724,0.01816
1516,1496,1516,1359.91670,1359.87378,0.04292
1517,1497,1517,1359.87330,1359.86609,0.00721
1518,1498,1518,1359.82150,1359.81494,0.00656
1519,1499,1519,1359.76590,1359.73438,0.03153
1520,1500,1520,1359.75140,1359.66980,0.08160
1521,1501,1521,1359.71370,1359.68433,0.02937
1522,1502,1522,1359.70820,1359.64990,0.05830
1523,1503,1523,1359.75470,1359.64368,0.11102
1524,1504,1524,1359.80510,1359.73157,0.07353
1525,1505,1525,1359.78210,1359.80530,0.02320
1526,1506,1526,1359.70240,1359.72119,0.01879
1527,1507,1527,1359.53740,1359.54944,0.01204
1528,1508,1528,1359.27150,1359.33130,0.05980
1529,1509,1529,1358.97390,1359.01917,0.04527
1530,1510,1530,1358.72320,1358.76050,0.03730
1531,1511,1531,1358.68200,1358.62061,0.06139
1532,1512,1532,1358.77840,1358.70862,0.06978
1533,1513,1533,1358.99450,1358.94214,0.05236
1534,1514,1534,1359.29330,1359.26135,0.03195
1535,1515,1535,1359.71030,1359.61243,0.09787
1536,1516,1536,1360.13350,1360.05396,0.07954
1537,1517,1537,1360.54030,1360.44275,0.09755
1538,1518,1538,1360.76690,1360.79321,0.02631
1539,1519,1539,1360.81950,1360.87354,0.05404
1540,1520,1540,1360.76190,1360.79431,0.03241
1541,1521,1541,1360.57780,1360.68005,0.10225
1542,1522,1542,1360.31620,1360.37561,0.05941
1543,1523,1543,1360.01680,1360.05396,0.03716
1544,1524,1544,1359.86050,1359.79529,0.06521
1545,1525,1545,1359.68300,1359.80078,0.11778
1546,1526,1546,1359.72490,1359.69556,0.02934
1547,1527,1547,1359.89930,1359.83362,0.06568
1548,1528,1548,1360.18960,1360.15686,0.03274
1549,1529,1549,1360.53030,1360.45398,0.07632
1550,1530,1550,1360.84660,1360.71484,0.13176
1551,1531,1551,1361.03360,1361.01611,0.01749
1552,1532,1552,1361.08600,1361.12854,0.04254
1553,1533,1553,1361.13920,1361.08704,0.05216
1554,1534,1554,1361.07900,1361.11377,0.03477
1555,1535,1555,1360.99940,1361.03345,0.03405
1556,1536,1556,1360.90850,1360.95117,0.04267
1557,1537,1557,1360.79090,1360.87769,0.08679
1558,1538,1558,1360.71530,1360.75403,0.03873
1559,1539,1559,1360.75720,1360.69165,0.06555
1560,1540,1560,1360.90080,1360.81482,0.08598
1561,1541,1561,1361.04180,1361.03235,0.00945
1562,1542,1562,1361.13440,1361.15906,0.02466
1563,1543,1563,1361.09980,1361.14966,0.04986
1564,1544,1564,1361.00780,1361.03357,0.02577
1565,1545,1565,1360.88940,1360.92529,0.03589
1566,1546,1566,1360.85020,1360.82788,0.02232
1567,1547,1567,1360.95930,1360.82629,0.13301
1568,1548,1568,1361.06680,1361.02307,0.04373
1569,1549,1569,1361.13230,1361.16467,0.03237
1570,1550,1570,1361.16300,1361.16943,0.00643
1571,1551,1571,1361.18170,1361.16992,0.01178
1572,1552,1572,1361.19200,1361.17700,0.01500
1573,1553,1573,1361.20960,1361.18115,0.02845
1574,1554,1574,1361.23900,1361.20386,0.03514
1575,1555,1575,1361.27340,1361.23730,0.03610
1576,1556,1576,1361.31180,1361.27454,0.03726
1577,1557,1577,1361.28970,1361.31531,0.02561
1578,1558,1578,1361.22760,1361.26196,0.03436
1579,1559,1579,1361.15190,1361.17334,0.02144
1580,1560,1580,1361.05060,1361.10693,0.05633
1581,1561,1581,1360.99810,1361.01111,0.01301
1582,1562,1582,1360.96170,1360.97571,0.01401
1583,1563,1583,1360.91920,1360.94824,0.02904
1584,1564,1584,1360.87440,1360.89734,0.02294
1585,1565,1585,1360.87820,1360.84497,0.03323
1586,1566,1586,1360.90570,1360.87585,0.02985
1587,1567,1587,1360.90490,1360.92480,0.01990
1588,1568,1588,1360.88780,1360.90259,0.01479
1589,1569,1589,1360.84410,1360.86743,0.02333
1590,1570,1590,1360.79460,1360.81335,0.01875
1591,1571,1591,1360.78970,1360.76404,0.02566
1592,1572,1592,1360.78010,1360.78186,0.00176
1593,1573,1593,1360.82250,1360.77917,0.04333
1594,1574,1594,1360.87850,1360.84558,0.03292
1595,1575,1595,1360.92710,1360.91003,0.01707
1596,1576,1596,1360.97430,1360.94519,0.02911
1597,1577,1597,1361.01950,1360.98767,0.03183
1598,1578,1598,1361.04740,1361.02991,0.01749
1599,1579,1599,1361.10330,1361.04700,0.05630
1600,1580,1600,1361.16020,1361.11255,0.04765
1601,1581,1601,1361.19540,1361.17139,0.02401
1602,1582,1602,1361.21910,1361.19446,0.02464
1603,1583,1603,1361.22880,1361.21570,0.01310
1604,1584,1604,1361.21800,1361.21802,0.00002
1605,1585,1605,1361.15670,1361.19385,0.03715
1606,1586,1606,1361.09830,1361.11328,0.01498
1607,1587,1607,1361.09460,1361.06152,0.03308
1608,1588,1608,1361.09180,1361.09155,0.00025
1609,1589,1609,1361.07830,1361.09583,0.01753
1610,1590,1610,1361.04780,1361.05969,0.01189
1611,1591,1611,1361.01120,1361.01855,0.00735
1612,1592,1612,1360.99620,1360.98169,0.01451
1613,1593,1613,1360.97360,1360.97742,0.00382
1614,1594,1614,1360.94590,1360.95264,0.00674
1615,1595,1615,1360.92500,1360.92078,0.00422
1616,1596,1616,1360.90200,1360.90320,0.00120
1617,1597,1617,1360.87910,1360.88110,0.00200
1618,1598,1618,1360.85120,1360.85840,0.00720
1619,1599,1619,1360.83040,1360.82922,0.00118
1620,1600,1620,1360.82760,1360.81201,0.01559
1621,1601,1621,1360.82490,1360.82324,0.00166
1622,1602,1622,1360.81910,1360.81982,0.00072
1623,1603,1623,1360.82360,1360.80786,0.01574
1624,1604,1624,1360.82420,1360.81970,0.00450
1625,1605,1625,1360.91400,1360.81555,0.09845
1626,1606,1626,1361.00420,1360.94397,0.06023
1627,1607,1627,1361.02980,1361.05615,0.02635
1628,1608,1628,1361.06910,1361.03125,0.03785
1629,1609,1629,1361.07950,1361.07251,0.00699
1630,1610,1630,1361.08770,1361.07410,0.01360
1631,1611,1631,1361.09860,1361.07739,0.02121
1632,1612,1632,1361.11040,1361.09290,0.01750
1633,1613,1633,1361.06580,1361.10559,0.03979
1634,1614,1634,1361.00360,1361.03125,0.02765
1635,1615,1635,1360.94840,1360.96228,0.01388
1636,1616,1636,1360.94450,1360.91650,0.02800
1637,1617,1637,1360.98820,1360.93530,0.05290
1638,1618,1638,1361.03500,1361.01379,0.02121
1639,1619,1639,1361.02160,1361.06262,0.04102
1640,1620,1640,1361.00780,1361.00403,0.00377
1641,1621,1641,1360.94410,1360.98108,0.03698
1642,1622,1642,1360.87850,1360.90149,0.02299
1643,1623,1643,1360.82680,1360.83801,0.01121
1644,1624,1644,1360.79970,1360.79761,0.00209
1645,1625,1645,1360.77060,1360.78223,0.01163
1646,1626,1646,1360.76990,1360.75269,0.01721
1647,1627,1647,1360.76430,1360.76843,0.00413
1648,1628,1648,1360.77430,1360.75806,0.01624
1649,1629,1649,1360.76440,1360.77344,0.00904
1650,1630,1650,1360.75640,1360.75037,0.00603
1651,1631,1651,1360.75860,1360.73926,0.01934
1652,1632,1652,1360.81150,1360.74866,0.06284
1653,1633,1653,1360.83320,1360.82507,0.00813
1654,1634,1654,1360.79790,1360.83606,0.03816
1655,1635,1655,1360.75820,1360.76929,0.01109
